tree
version=v4
num_class=1
num_tree_per_iteration=1
label_index=0
max_feature_idx=7
objective=binary sigmoid:1
feature_names=Column_0 Column_1 Column_2 Column_3 Column_4 Column_5 Column_6 Column_7
feature_infos=[0.36339619238210791:1.4491511810936124] [0.55142238657309317:2.1189787234042554] [0.73672682203437334:1.8817861859255849] [11.859999656677246:52.330001831054688] [7.362378968563049:68.695204391247458] [0.37818946902649708:10.964466674571442] [-54.186265286923806:91.189426827371946] [-56.846098417640142:23.776405737382511]
tree_sizes=1674 1744 1647 1739 1634 1745 1756 1754 1746 1745 1633 1755 1639 1647 1743 1638 1634 1645 1642 1639 1742 1642 1639 1745 1642 1647 1640 1749 1739 1736 1641 1736 1648 1636 1644 1635 1736 1641 1639 1641 1536 1432 1636 1535 1750 1537 1634 1634 1644 1745 1533 1631 1650 1529 1634 1646 1652 1639 1427 1433 1638 1539 1635 1423 1637 1421 1427 1744 1538 1627 1108 1755 1438 1317 1108 1741 1419 1640 1424 1427 1429 1208 1746 1544 1748 1425 1754 1422 1115 1645 1426 1524 1120 1643 1425 1315 1312 1427 1537 1006 1212 1534 1648 1327 1214 1642 1312 902 1433 897 1541 1222 1533 1532 1432 1107 1532 1432 1011 1429 898 1434 1432 1113 1117 1641 1221 1436 1741 1431 1116 1119 1419 907 1646 1106 1754 1531 1759 1108 1531 1223 1540 1114 1542 906 1430 1544 1539 1535 902 1527 1541 1763 1317 1535 1113 1533 1761 1116 1123 1649 1110 1646 1110 1422 1543 1215 1430 1115 1526 1111 1228 1112 1750 1547 1425 1637 1538 1114 1766 1527 1008 1223 1120 1637 1439 1108 1533 1114 1107 1120 1435 1751 1117 1747 1429 1425 1647 1215 1745 1426 1750 1534 1108 1320 1108 1766 1753 1114 1540 1768 1121 1106 1114 1652 1753 1749 1219 1428 1000 1767 1118 1750 1769 1116 1770 1525 1213 1003 1762 1752 1121 1106 1754 1542 1119 1760 1116 1537 1217 1111 1329 1112 1746 1109 1752 1325 1113 1112 1424 1554 1117 1433 1744 1113 1544 1653 1111 1108 1760 1535 1110 1759 903 1761 1108 1647 1119 1219 797 1544 1534 1214 1634 1768 1111 1421 1647 1123 1105 1419 1429 1527 1331 1114 1537 1767 1546 1747 1111 1428 1656 1214 800 1109 1649 1431 1219 1649 1643 1414 1749 1640 796 1112 1433 1217 1436 1649 1209 1429 1000 1323 1115 1741 1217 1216 798 1439 1755 799 1220 1543 1105 1747 1324 1761 1535 1755 1222 1115 1740 1532 1442 1537 1652 1654 1327 1754 1111 1016 1538 1323 1542 802 1639 1414 1115 1544 1760 1223 1525 1756 1760 1539 1326 1648 1756 801 1774 1545 1222 1650 1752 1767 1754 1211 1432 1227 1112 1753 1221 1110 1536 1759 1110 1538 1648 1448 1005 1539 795 1765 1329 1433 1434 1429 1753 1652 1539 1227 1108 1429 799 1539 1750 1321 1435 903

Tree=0
num_leaves=15
num_cat=0
split_feature=3 3 7 7 0 6 7 1 3 6 6 2 6 7
split_gain=203.626 49.2945 126.152 95.4834 50.5829 49.4137 38.9475 29.3594 25.3084 21.4402 18.5087 10.3364 10.8117 10.013
threshold=29.635000228881839 19.23499965667725 -0.89997452861242822 -1.5775184858491929 0.92762994218505102 -0.99477745328565004 0.28040843336889248 1.2217496471219385 33.545000076293952 -13.8375830059405 2.3135034440373623 1.0387331580112671 -6.958015595541938 3.1174730685772878
decision_type=2 2 2 2 2 2 2 2 2 2 2 2 2 2
left_child=1 3 10 7 -5 -4 8 -1 9 -2 -3 13 -13 -8
right_child=6 2 5 4 -6 -7 11 -9 -10 -11 -12 12 -14 -15
leaf_value=0.24501570379138296 0.2521092055308094 0.2522969250429406 0.23674807244287185 0.25081317603703984 0.25722312754513554 0.24637801459674263 0.25504994719774415 0.26490222049956891 0.27990131045876621 0.2684710241801237 0.2599232039148619 0.25117751387490345 0.27403058158223237 0.23707103022817921
leaf_weight=695.94594611227512 36.46192866563797 556.49681334197521 337.27064229547977 898.40746280550957 1082.6889861524105 625.52307252585888 34.819329515099525 28.313898131251335 66.11677922308445 181.55787201225758 161.53587003052235 13.600142300128939 12.621071457862852 15.989802092313765
leaf_count=3177 170 2600 1498 4178 5137 2868 164 138 337 892 773 63 64 70
internal_value=0.251535 0.250345 0.247654 0.252028 0.25431 0.242936 0.265899 0.245834 0.269281 0.265701 0.254021 0.253419 0.263012 0.248371
internal_weight=4747.35 4386.18 1680.83 2705.36 1981.1 962.794 361.167 724.26 284.137 218.02 718.033 77.0303 26.2212 50.8091
internal_count=22129 20369 7739 12630 9315 4366 1760 3315 1399 1062 3373 361 127 234
is_linear=0
shrinkage=1


Tree=1
num_leaves=15
num_cat=0
split_feature=3 3 7 7 0 7 4 1 3 3 2 3 7 4
split_gain=195.648 47.2508 120.825 91.4976 48.5401 37.5791 32.0068 28.2126 24.5339 15.2464 12.2184 10.0473 6.76804 6.166
threshold=29.635000228881839 19.23499965667725 -0.89997452861242822 -1.5775184858491929 0.92762994218505102 0.28040843336889248 44.548477431871923 1.2217496471219385 33.545000076293952 19.744999885559086 1.0526857021725469 33.545000076293952 2.3530466560101275 20.684123535413764
decision_type=2 2 2 2 2 2 2 2 2 2 2 2 2 2
left_child=1 3 9 7 -5 8 -4 -1 10 -3 -2 12 -7 -10
right_child=5 2 6 4 -6 11 -8 -9 13 -11 -12 -13 -14 -15
leaf_value=-0.011456492722204241 0.011229131934251284 -0.01376060984850223 -0.01404316544354804 -0.0057866347640138562 0.00049136688387066375 -0.00034840370571891663 0.0094047280300473511 0.0080446108388019331 0.0096935155978153682 -0.0018736237079904179 -0.0002830217819209935 0.0086877003176996734 -0.01348202639251068 0.026624985032058863
leaf_weight=696.96325354278088 171.3065160214901 42.31022422015667 943.17109081149101 899.07767161726952 1082.6196288019419 30.65273343026638 21.260600566864014 28.283879369497299 18.045168548822403 675.96780374646187 46.456298798322678 17.766181841492653 28.638221055269241 47.867554187774658
leaf_count=3177 842 191 4262 4178 5137 145 104 138 89 3182 220 87 129 248
internal_value=-0.00507989 -0.00624485 -0.00887822 -0.00459719 -0.00236282 0.00900913 -0.0134896 -0.010656 0.0123366 -0.00264616 0.00881239 -0.00324468 -0.00714324 0.0228094
internal_weight=4750.39 4389.65 1682.71 2706.94 1981.7 360.733 964.432 725.247 283.676 718.278 217.763 77.0571 59.291 65.9127
internal_count=22129 20369 7739 12630 9315 1760 4366 3315 1399 3373 1062 361 274 337
is_linear=0
shrinkage=0.02


Tree=2
num_leaves=14
num_cat=0
split_feature=3 5 3 7 7 7 4 7 3 6 5 3 7
split_gain=188.106 90.5643 73.1872 125.764 65.0328 36.2632 31.7429 31.1563 23.8519 18.3885 18.0833 9.70987 6.51803
threshold=29.635000228881839 2.3358949370714415 19.23499965667725 -0.74832809513431264 -2.0451267494790728 0.28040843336889248 44.548477431871923 4.2646149901598083 34.385000228881843 -11.225392884745975 5.2568260334871102 33.545000076293952 2.3530466560101275
decision_type=2 2 2 2 2 2 2 2 2 2 2 2 2
left_child=1 2 4 -4 -1 8 7 -3 9 -2 -8 12 -7
right_child=5 6 3 -5 -6 11 10 -9 -10 -11 -12 -13 -14
leaf_value=-0.0094941847177956503 -0.00060454590385561845 -0.0089058480326002411 0.00069945613691626358 -0.013867933440696725 0.00022774026718909738 -0.0003422265481335417 -0.0034705997996897237 -0.015648379150537458 0.026040734273965971 0.012417791476217585 0.01640566566431937 0.0085539485797081535 -0.01322647823775332
leaf_weight=333.63970251381397 55.545710772275925 1101.2599262148142 383.17921376228333 616.07638099789619 1487.9147308170795 30.654089078307152 72.295461729168892 378.42463457584381 39.413542807102203 188.24739511311054 20.121323809027672 17.745851099491119 28.684516549110413
leaf_count=1527 263 5060 1817 2778 7048 145 338 1700 205 931 101 87 129
internal_value=-0.00497503 -0.00611586 -0.00396282 -0.00830134 -0.00156985 0.00884914 -0.00995917 -0.0106678 0.012123 0.00948892 0.00135801 -0.00318369 -0.00701248
internal_weight=4753.2 4392.91 2820.81 999.256 1821.55 360.291 1572.1 1479.68 283.207 243.793 92.4168 77.0845 59.3386
internal_count=22129 20369 13170 4595 8575 1760 7199 6760 1399 1194 439 361 274
is_linear=0
shrinkage=0.02


Tree=3
num_leaves=15
num_cat=0
split_feature=5 1 4 5 5 5 0 4 5 0 6 1 6 1
split_gain=57.1099 57.9599 29.6144 26.8403 24.8869 21.517 25.6878 15.3888 9.47732 9.36598 15.4697 9.78924 4.37235 3.50018
threshold=2.4076122658361645 1.2068645499005688 11.159439568349852 0.61369473495398175 0.82411312825004113 5.537101053848084 0.98130483958628467 44.548477431871923 1.4959344101272201 0.94443740849186886 -22.798925597588468 1.3308876430824517 -3.0719920853715217 0.98529428299108934
decision_type=2 2 2 2 2 2 2 2 2 2 2 2 2 2
left_child=2 5 8 -4 -5 6 -2 -7 13 11 -11 -3 -10 -1
right_child=1 9 3 4 -6 7 -8 -9 12 10 -12 -13 -14 -15
leaf_value=-0.012787695289460523 -0.010208846408933676 -0.0052172949944439863 -0.024187149122958863 0.0060473963409985731 -0.0030724176845653064 -0.003412616252559958 -0.00016542540762686536 0.01693009467989361 -0.02481990960672777 -0.0035135521970165611 0.018295834046598368 0.01067071253020163 -0.011977203903249824 -0.002268024363322864
leaf_weight=16.25755949318409 1344.5002165436745 41.707532733678818 19.491520076990128 121.31417679786682 2847.1116192936897 57.839061245322227 110.33223271369934 15.624892264604567 23.755198106169701 17.558481425046921 36.226280882954597 19.482173919677734 44.752067804336548 39.857232272624969
leaf_count=73 6144 194 84 585 13326 270 521 79 102 82 183 96 203 187
internal_value=-0.00487277 -0.00788698 -0.00327334 -0.00286444 -0.00269207 -0.00891755 -0.00944971 0.00156483 -0.012683 0.00565103 0.0114256 0.00018564 -0.017554 -0.00596387
internal_weight=4755.81 1643.27 3112.54 2987.92 2968.43 1528.3 1454.83 73.464 124.622 114.974 53.7848 61.1897 68.5073 56.1148
internal_count=22129 7569 14560 13995 13911 7014 6665 349 565 555 265 290 305 260
is_linear=0
shrinkage=0.02


Tree=4
num_leaves=14
num_cat=0
split_feature=3 5 3 3 1 1 3 1 3 6 1 3 5
split_gain=180.122 83.7212 69.9813 34.5811 32.8064 31.0141 28.2202 25.2161 22.6579 13.7486 10.4907 10.4386 0.942862
threshold=29.635000228881839 2.3358949370714415 19.23499965667725 33.545000076293952 0.96368138879451082 0.86691021425408332 33.36000061035157 1.2068645499005688 22.310000419616703 -15.209843477547983 1.0253798962330114 15.234999656677248 3.9019259704076275
decision_type=2 2 2 2 2 2 2 2 2 2 2 2 2
left_child=1 2 5 6 -4 -1 9 8 -3 -2 -5 -9 -12
right_child=3 7 4 10 -6 -7 -8 11 -10 -11 12 -13 -14
leaf_value=0.01354777418641059 -0.0052049830115176374 -0.01155090078914044 -0.013788349280171888 0.0044342586988235398 -0.0057229698949938798 -0.0019264128572596278 -0.020403213373187033 0.014434519449227032 -0.0057143422161930911 0.008370217564646381 0.025122599952885565 -0.002348733439103023 0.011639491087055618
leaf_weight=49.403147742152214 31.406870201230049 1134.1673154383898 283.87244260311127 16.922784015536308 716.68324805796146 1773.1318776607513 12.459733515977858 15.169740468263624 364.05793605744839 232.89233361184597 52.969640612602234 61.978267505764961 13.356106653809546
leaf_count=244 146 5148 1277 82 3318 8331 54 76 1684 1136 275 291 67
internal_value=-0.00477343 -0.00588808 -0.00381796 0.00876008 -0.00805703 -0.00147821 0.00520987 -0.00957869 -0.0101517 0.00670352 0.0197828 0.00150023 0.023224
internal_weight=4758.47 4398.46 2823.09 360.007 1000.56 1822.54 276.759 1575.37 1498.23 264.299 83.2485 77.148 66.3257
internal_count=22129 20369 13170 1760 4595 8575 1336 7199 6832 1282 424 367 342
is_linear=0
shrinkage=0.02


Tree=5
num_leaves=15
num_cat=0
split_feature=7 4 4 5 5 2 5 1 1 5 5 5 0 5
split_gain=74.4687 53.8202 48.6729 44.3968 39.2708 43.9848 34.3846 34.3472 20.6048 16.7732 12.2739 17.8442 6.92977 4.71149
threshold=3.7264803398174209 43.963538321007725 11.339207192441407 2.8390749047057846 1.9016009236909741 1.0764460274469365 0.61369473495398175 0.89947478453076279 1.0163381995045639 1.4959344101272201 5.537101053848084 4.3971706572797453 0.92695573995972835 0.95959099436953632
decision_type=2 2 2 2 2 2 2 2 2 2 2 2 2 2
left_child=2 3 9 7 6 -6 -4 -2 -5 13 11 -3 -11 -1
right_child=1 10 4 8 5 -7 -8 -9 -10 12 -12 -13 -14 -15
leaf_value=-0.013678945909510916 -0.00054053331684393612 0.0015404938487937642 -0.024952173281705237 -0.019232559655439404 -0.0056316851990748477 0.006789838182759537 -0.0001855847218706946 -0.010778662790575521 0.00044905457211043748 -0.005587008445169018 0.015381337732502092 -0.019093124618462201 -0.020485867180446621 -0.0015139509929173343
leaf_weight=13.878946870565413 177.21341973543167 142.71398040652275 18.734338939189911 258.76529528200626 1671.8950396627188 119.037707015872 1642.2623293697834 504.22121062874794 22.955347090959549 18.669347152113914 17.118628054857254 14.936244890093802 89.867342606186867 48.570453941822052
leaf_count=62 833 677 80 1141 7745 577 7750 2296 108 86 86 65 395 228
internal_value=-0.00467537 -0.00913209 -0.00326704 -0.010978 -0.00274181 -0.00479277 -0.000524201 -0.00813483 -0.017645 -0.0135654 0.00105887 -0.000838478 -0.0182128 -0.00487821
internal_weight=4760.84 1137.92 3622.92 963.155 3451.93 1790.93 1661 681.435 281.721 170.986 174.769 157.65 108.537 62.4494
internal_count=22129 5206 16923 4378 16152 8322 7830 3129 1249 771 828 742 481 290
is_linear=0
shrinkage=0.02


Tree=6
num_leaves=15
num_cat=0
split_feature=3 3 7 7 6 0 7 2 3 6 6 2 6 7
split_gain=172.244 41.3104 109.44 85.0179 48.1718 44.0718 34.5192 26.4097 22.3335 18.1407 17.6514 9.58622 10.2812 9.22027
threshold=29.635000228881839 19.23499965667725 -0.89997452861242822 -1.5775184858491929 -0.99477745328565004 0.92762994218505102 0.28040843336889248 0.99473037958803945 34.385000228881843 2.3135034440373623 -11.225392884745975 1.0387331580112671 -6.958015595541938 3.1174730685772878
decision_type=2 2 2 2 2 2 2 2 2 2 2 2 2 2
left_child=1 3 9 7 -4 -5 8 -1 10 -3 -2 13 -13 -8
right_child=6 2 4 5 -6 -7 11 -9 -10 -11 -12 12 -14 -15
leaf_value=-0.014650941096934147 -0.00057563538870846571 -0.0039070410487114298 -0.018574774984398999 -0.0052354801479535867 -0.0091265160380415138 0.00073880608765249588 -0.0015258207315886931 -0.0067674188699041521 0.025386153692854845 0.0036280428530420217 0.012186227645045192 -0.005365053005014774 0.016936085991317837 -0.018738535742246647
leaf_weight=288.87336701154709 55.55237290263176 558.19622206687927 339.6815260052681 901.8345981836319 629.62257039546967 1084.2497094273567 34.852150782942772 439.06894724071026 39.121305897831917 161.9721662402153 187.89121852815151 13.617007821798326 12.570671856403349 16.083009600639343
leaf_count=1294 263 2600 1498 4178 2868 5137 164 2021 205 773 931 63 64 70
internal_value=-0.00458119 -0.00566959 -0.00812587 -0.00413086 -0.0125003 -0.00197905 0.0086595 -0.00995885 0.0118606 -0.00220166 0.00931182 -0.00307535 0.00616563 -0.00792949
internal_weight=4763.19 4403.5 1689.47 2714.03 969.304 1986.08 359.688 727.942 282.565 720.168 243.444 77.1228 26.1877 50.9352
internal_count=22129 20369 7739 12630 4366 9315 1760 3315 1399 3373 1194 361 127 234
is_linear=0
shrinkage=0.02


Tree=7
num_leaves=15
num_cat=0
split_feature=3 5 3 7 7 7 4 7 3 3 6 3 7 4
split_gain=165.596 77.2455 64.4321 115.428 60.4165 33.323 29.0924 30.0979 25.2746 21.7914 19.1624 8.93146 6.07729 6.00555
threshold=29.635000228881839 2.3358949370714415 19.23499965667725 -0.74832809513431264 -2.0451267494790728 0.28040843336889248 37.974297794166766 8.8409948576641337 22.310000419616703 33.545000076293952 -13.8375830059405 33.545000076293952 2.3530466560101275 20.684123535413764
decision_type=2 2 2 2 2 2 2 2 2 2 2 2 2 2
left_child=1 2 4 -4 -1 9 8 -8 -3 10 -2 12 -7 -11
right_child=5 6 3 -5 -6 11 7 -9 -10 13 -12 -13 -14 -15
leaf_value=-0.0089476456498815173 -0.0044912512613004543 -0.011790756150072385 0.00098807208382587592 -0.012945571748867814 0.00041064113692294477 -0.00025412816020907566 0.0054996331487506944 -0.0094816436263377452 -0.005564127269238551 0.0088690504900195821 0.010970797184418568 0.0082522431840086497 -0.012674785865712237 0.025349918601274266
leaf_weight=334.60173684358597 36.490757256746292 1005.1223358809948 383.84901614487171 618.82935331761837 1489.5605419874191 30.671737879514694 103.04982523620129 103.81326769292355 367.14787609875202 17.894349992275238 180.47178529202938 17.692874446511269 28.772131532430649 47.194326490163803
leaf_count=1527 170 4539 1817 2778 7048 145 493 473 1694 89 892 87 129 248
internal_value=-0.00448805 -0.00555399 -0.00356644 -0.00762871 -0.00132175 0.00850448 -0.00909395 -0.00205589 -0.0101458 0.0116549 0.00833602 -0.00302176 -0.00668608 0.0215948
internal_weight=4765.16 4405.97 2826.84 1002.68 1824.16 359.188 1579.13 206.863 1372.27 282.051 216.963 77.1367 59.4439 65.0887
internal_count=22129 20369 13170 4595 8575 1760 7199 966 6233 1399 1062 361 274 337
is_linear=0
shrinkage=0.02


Tree=8
num_leaves=15
num_cat=0
split_feature=3 5 3 7 7 7 4 7 3 5 2 2 7 3
split_gain=159.251 74.0659 61.8233 110.691 57.9928 32.1595 28.4657 27.9184 21.3445 16.319 10.4165 9.18373 8.76148 3.54367
threshold=29.635000228881839 2.3358949370714415 19.23499965667725 -0.74832809513431264 -2.0451267494790728 0.28040843336889248 44.548477431871923 4.2646149901598083 34.385000228881843 5.2568260334871102 1.0526857021725469 1.0387331580112671 3.1174730685772878 32.970001220703132
decision_type=2 2 2 2 2 2 2 2 2 2 2 2 2 2
left_child=1 2 4 -4 -1 8 7 -3 10 -8 -2 12 -7 -13
right_child=5 6 3 -5 -6 11 9 -9 -10 -11 -12 13 -14 -15
leaf_value=-0.0087628857963863264 0.011137087355915253 -0.0079135167844554682 0.00096862755066313066 -0.012673601205456098 0.00040247093435495938 -0.0014699729648470061 -0.0028084123577778444 -0.014264874307456666 0.024727486114210932 0.01609004799010369 0.001092543538712392 -0.0012368452302518691 -0.018234027344436389 0.012229037752745316
leaf_weight=334.90473294258118 189.01663075387478 1106.9048692137003 383.80445896089077 619.5454385727644 1489.4864747077227 34.86340294778347 72.575193613767624 380.9700113683939 38.780897989869118 20.06564936041832 53.723529025912285 13.399725273251535 16.126438096165657 12.762949645519255
leaf_count=1527 937 5060 1817 2778 7048 164 338 1700 205 101 257 63 70 64
internal_value=-0.00439668 -0.00544079 -0.00349454 -0.00747201 -0.00129551 0.00835443 -0.00890528 -0.00957367 0.0114548 0.00178147 0.00896777 -0.00296528 -0.00771259 0.00608282
internal_weight=4766.93 4408.26 2827.74 1003.35 1824.39 358.674 1580.52 1487.87 281.521 92.6408 242.74 77.1525 50.9898 26.1627
internal_count=22129 20369 13170 4595 8575 1760 7199 6760 1399 439 1194 361 234 127
is_linear=0
shrinkage=0.02


Tree=9
num_leaves=15
num_cat=0
split_feature=3 5 3 7 7 3 7 1 3 6 3 1 7 5
split_gain=153.114 71.0108 59.3264 106.165 55.6698 31.1334 27.0091 22.7665 20.6106 18.1315 10.2648 9.67067 3.73047 1.15878
threshold=29.635000228881839 2.3358949370714415 19.23499965667725 -0.74832809513431264 -2.0451267494790728 33.545000076293952 0.87311776361990978 1.2068645499005688 22.310000419616703 -15.209843477547983 15.234999656677248 1.0253798962330114 3.0125536646612647 3.9019259704076275
decision_type=2 2 2 2 2 2 2 2 2 2 2 2 2 2
left_child=1 2 4 -4 -1 6 9 8 -3 -2 -9 -7 -8 -13
right_child=5 7 3 -5 -6 11 12 10 -10 -11 -12 13 -14 -15
leaf_value=-0.0085824279978937244 -0.0058227891164250242 -0.010592970457855211 0.00094956343417460128 -0.012408649589633563 0.00039446195690621434 0.0040409308300867726 -0.002700662179198547 0.014594272118966876 -0.005046451407753917 0.0099770427336053312 -0.002045713798599756 0.023963573015554341 -0.013855811464895253 0.010734319666129781
leaf_weight=335.18885943293571 31.294365629553795 1139.2398458272219 383.76061208546162 620.19730512797832 1489.4137734919786 16.850662410259247 27.798076376318932 15.190949037671087 365.26437295973301 195.80102136731148 62.092634379863739 52.212683916091919 20.993516981601715 13.201042667031286
leaf_count=1527 145 5148 1817 2778 7048 82 130 76 1684 968 291 275 93 67
internal_value=-0.00430727 -0.00532992 -0.00342419 -0.007319 -0.00126981 0.00820564 0.00484385 -0.00872053 -0.00926334 0.00773668 0.00178229 0.0187326 -0.00818656 0.0220662
internal_weight=4768.5 4410.35 2828.56 1003.96 1824.6 358.151 275.887 1581.79 1504.5 227.095 77.2836 82.2644 48.7916 65.4137
internal_count=22129 20369 13170 4595 8575 1760 1336 7199 6832 1113 367 424 223 342
is_linear=0
shrinkage=0.02


Tree=10
num_leaves=14
num_cat=0
split_feature=3 7 3 4 4 3 3 7 4 7 1 6 4
split_gain=147.212 35.5351 73.9591 44.6965 35.2855 30.2511 26.2926 23.7865 23.699 13.0135 9.39399 8.85382 2.34813
threshold=29.635000228881839 3.7264803398174209 19.314999580383304 11.339207192441407 44.548477431871923 33.545000076293952 33.36000061035157 2.1599937578573769 29.758588147488144 10.41890694596435 1.0253798962330114 -6.2275768393392879 20.684123535413764
decision_type=2 2 2 2 2 2 2 2 2 2 2 2 2
left_child=1 3 9 11 -4 6 7 -2 -5 -3 -7 -1 -12
right_child=5 2 4 8 -6 10 -8 -9 -10 -11 12 -13 -14
leaf_value=-0.025380909923022981 0.0082577323419504769 -0.0033451582800769586 -0.016784284720294945 -0.004309620909509382 0.0088705628945619855 0.0039776520102985562 -0.019930773285099738 -0.010480566068888158 0.00074503046019711667 -0.010594518123364413 0.010037611539073244 -0.011687782695427553 0.024107750315976468
leaf_weight=23.390403971076012 236.04577925801277 620.51987893879414 365.26711682975292 2695.4920372068882 20.371283382177353 16.840098336338997 12.491126850247381 27.095042020082474 428.90059691667557 115.92946924269199 14.423674106597899 142.41692435741425 50.711577489972115
leaf_count=99 1160 2888 1608 12487 99 82 54 122 2021 524 73 643 269
internal_value=-0.00421976 -0.00522139 -0.00829545 -0.00416421 -0.0153519 0.00805973 0.00474788 0.00620025 -0.00361568 -0.0045374 0.0184564 -0.0141718 0.0217531
internal_weight=4769.9 4412.29 1122.09 3290.2 385.638 357.607 275.632 263.141 3124.39 736.449 81.9753 165.807 65.1353
internal_count=22129 20369 5119 15250 1707 1760 1336 1282 14508 3412 424 742 342
is_linear=0
shrinkage=0.02


Tree=11
num_leaves=15
num_cat=0
split_feature=3 3 7 7 6 1 7 2 3 6 6 2 6 7
split_gain=141.505 34.3414 92.0444 74.8325 46.4164 32.7608 29.4256 25.1029 20.1375 17.8312 15.8151 8.60371 9.70621 8.02242
threshold=29.635000228881839 19.23499965667725 -0.89997452861242822 -1.5775184858491929 -0.99477745328565004 0.990029331337828 0.28040843336889248 0.99473037958803945 34.385000228881843 2.3135034440373623 -11.225392884745975 1.0387331580112671 -6.958015595541938 3.1174730685772878
decision_type=2 2 2 2 2 2 2 2 2 2 2 2 2 2
left_child=1 3 9 7 -4 -5 8 -1 10 -3 -2 13 -13 -8
right_child=6 2 4 5 -6 -7 11 -9 -10 -11 -12 12 -14 -15
leaf_value=-0.013728825940945062 -0.0008554041500304163 -0.0036092534272942627 -0.017288218398918323 -0.0032628847086888712 -0.0080561726015904566 0.002488822110189927 -0.0015028115817936347 -0.0060718549774007669 0.023862470038562109 0.003854223519705915 0.011226302598504486 -0.0053021591652398573 0.016384365614636152 -0.017547594191743465
leaf_weight=290.03548637032509 55.423196405172348 559.0563942193985 341.33666467666626 1447.3830380290747 632.39465060830116 541.46109943091869 34.849909693002701 440.5085474550724 38.253047198057175 162.17302912473679 186.26068376004696 13.614906057715418 12.477945625782011 16.17433188855648
leaf_count=1294 263 2600 1498 6740 2868 2575 164 2021 205 773 931 63 64 70
internal_value=-0.00413478 -0.00511567 -0.00735091 -0.00371372 -0.0113499 -0.00169514 0.00791445 -0.00916998 0.0108945 -0.00191904 0.00848689 -0.00290705 0.00586796 -0.00749479
internal_weight=4771.4 4414.35 1694.96 2719.39 973.731 1988.84 357.054 730.544 279.937 721.229 241.684 77.1171 26.0929 51.0242
internal_count=22129 20369 7739 12630 4366 9315 1760 3315 1399 3373 1194 361 127 234
is_linear=0
shrinkage=0.02


Tree=12
num_leaves=14
num_cat=0
split_feature=3 5 3 6 1 3 4 3 3 6 6 1 4
split_gain=136.072 67.5166 53.9909 30.3096 29.3514 28.8047 27.1468 25.151 23.4063 16.0233 11.8526 9.02258 1.79124
threshold=29.635000228881839 2.3358949370714415 19.23499965667725 2.4570013787670213 0.86691021425408332 33.545000076293952 37.974297794166766 33.36000061035157 22.310000419616703 -7.6670974517706592 -15.209843477547983 1.0327724648634165 20.684123535413764
decision_type=2 2 2 2 2 2 2 2 2 2 2 2 2
left_child=1 2 4 -4 -1 7 8 10 -3 -8 -2 -7 -13
right_child=5 6 3 -5 -6 11 9 -9 -10 -11 -12 12 -14
leaf_value=0.013516232224187382 -0.0050573859155920633 -0.010906881879070199 -0.0092339132268945117 -0.0017661743631254992 -0.0015363441465155506 0.0041880938365631689 0.010363482396490556 -0.019563676588699241 -0.0049339930940612868 -0.0040172725613336164 0.0075332508330054693 0.0099768553115779941 0.023485044558879981
leaf_weight=49.391931161284447 31.434907495975494 1008.7744077593088 684.66724449396133 320.93777751922607 1776.8109943717718 17.779605686664581 33.602367460727692 12.516283512115477 368.18255461752415 173.75191773474216 231.13336852192879 13.736509248614309 49.882513597607613
leaf_count=244 146 4539 3106 1489 8331 87 164 54 1694 802 1136 70 267
internal_value=-0.00405134 -0.00501213 -0.0031551 -0.00686703 -0.00110058 0.00777455 -0.00831509 0.00454698 -0.00932872 -0.0015348 0.00597262 0.0179582 0.0213311
internal_weight=4772.6 4416.12 2831.81 1005.61 1826.2 356.483 1584.31 275.085 1376.96 207.354 262.568 81.3986 63.619
internal_count=22129 20369 13170 4595 8575 1760 7199 1336 6233 966 1282 424 337
is_linear=0
shrinkage=0.02


Tree=13
num_leaves=14
num_cat=0
split_feature=3 5 3 7 7 7 4 7 3 5 6 3 7
split_gain=130.808 64.7777 51.8317 98.0202 51.7089 28.2622 26.4478 25.7116 19.2302 15.5778 14.881 7.51931 5.07279
threshold=29.635000228881839 2.3358949370714415 19.23499965667725 -0.74832809513431264 -2.0451267494790728 0.28040843336889248 44.548477431871923 5.1809788225986306 34.385000228881843 5.2568260334871102 -11.225392884745975 33.545000076293952 2.3530466560101275
decision_type=2 2 2 2 2 2 2 2 2 2 2 2 2
left_child=1 2 4 -4 -1 8 7 -3 10 -8 -2 12 -7
right_child=5 6 3 -5 -6 11 9 -9 -10 -11 -12 -13 -14
leaf_value=-0.008117929011835525 -0.00084122259231782833 -0.0073572825237758523 0.0012112777017843446 -0.011609263402092418 0.00052585979552906747 -0.00039929624424020997 -0.0023602189369321446 -0.013783101666735274 0.023299164540593355 0.01610758711909421 0.01088249963795191 0.0074445592550219028 -0.011764483206313006
leaf_weight=335.85919001698494 55.418098136782646 1168.0902921557426 384.33279402554035 621.8398644477129 1490.5653123259544 30.634271115064621 72.739591658115387 324.41656783223152 37.859680935740471 20.067055463790894 185.60762660205364 17.528809756040573 28.885357707738876
leaf_count=1527 263 5320 1817 2778 7048 145 338 1440 205 101 931 87 129
internal_value=-0.00396902 -0.00491001 -0.00309109 -0.00672673 -0.0010779 0.00763552 -0.00814406 -0.00878713 0.0105651 0.00213353 0.00821718 -0.00296657 -0.00630842
internal_weight=4773.84 4417.91 2832.6 1006.17 1826.42 355.934 1585.31 1492.51 278.885 92.8066 241.026 77.0484 59.5196
internal_count=22129 20369 13170 4595 8575 1760 7199 6760 1399 439 1194 361 274
is_linear=0
shrinkage=0.02


Tree=14
num_leaves=15
num_cat=0
split_feature=7 4 4 5 5 6 5 0 1 5 5 5 6 6
split_gain=60.5605 45.7211 44.2161 37.3711 36.2957 35.899 35.2497 34.6866 19.7718 12.975 11.469 16.7775 10.1554 3.545
threshold=3.7264803398174209 43.963538321007725 11.159439568349852 2.8390749047057846 1.9016009236909741 10.074550115621165 0.61369473495398175 1.0114235679137955 1.0163381995045639 1.4959344101272201 5.537101053848084 4.3971706572797453 2.9800339900922461 -2.0066405114835821
decision_type=2 2 2 2 2 2 2 2 2 2 2 2 2 2
left_child=2 3 9 5 6 -2 -4 -6 -5 13 11 -3 -11 -1
right_child=1 10 4 8 7 -7 -8 -9 -10 12 -12 -13 -14 -15
leaf_value=0.0015788418866808439 -0.0094226305323173738 0.0019343437584944062 -0.024593891484043895 -0.017227824803738072 -0.0045916972208757349 0.001551200086670106 0.00031433591141220645 0.011698920411724736 0.0017802769816620057 -0.02040119253020654 0.015327412810644968 -0.018027217405652923 -0.0033777014164596566 -0.0083895301528456642
leaf_weight=20.609722852706909 532.57876834273338 143.00915637612343 19.041886508464813 260.68919797241688 1753.0237396508455 151.98916032910347 1655.7721438705921 50.15509732067585 23.087911561131477 78.006951317191124 17.105198472738266 15.023004114627836 19.064944565296173 35.509668707847595
leaf_count=97 2415 677 81 1141 8108 714 7799 249 108 339 86 65 88 162
internal_value=-0.00388886 -0.00789632 -0.00261959 -0.00959105 -0.00214794 -0.00699134 -2.6783e-05 -0.00411369 -0.0156781 -0.0130005 0.00147888 -0.000361444 -0.0173238 -0.00486719
internal_weight=4774.67 1143.48 3631.18 968.345 3477.99 684.568 1674.81 1803.18 283.777 153.191 175.137 158.032 97.0719 56.1194
internal_count=22129 5206 16923 4378 16237 3129 7880 8357 1249 686 828 742 427 259
is_linear=0
shrinkage=0.02


Tree=15
num_leaves=14
num_cat=0
split_feature=3 5 3 6 1 3 3 1 3 6 3 0 1
split_gain=125.31 60.2241 49.5299 29.5238 27.9891 27.2157 24.0854 20.5042 19.3551 11.1688 10.2047 8.84236 2.57572
threshold=29.635000228881839 2.3358949370714415 19.23499965667725 2.4570013787670213 0.86691021425408332 33.545000076293952 33.36000061035157 1.2068645499005688 16.355000495910648 -15.209843477547983 22.189999580383304 0.90293575061171916 1.0327724648634165
decision_type=2 2 2 2 2 2 2 2 2 2 2 2 2
left_child=1 2 4 -4 -1 6 9 8 -3 -2 -9 -7 -13
right_child=5 7 3 -5 -6 11 -8 10 -10 -11 -12 12 -14
leaf_value=0.013275606733890421 -0.0048817503129546377 -0.01126816939471756 -0.0088642080928422948 -0.0015015110524887014 -0.0014347819461573664 0.0016149954377866749 -0.019152270188587926 0.0080832155136362441 -0.0065346946882655788 0.0073378213345899838 -0.0058866283291355882 0.0077903995362198029 0.022138031640131787
leaf_weight=49.304143458604813 31.470547050237656 574.64237070083618 685.50364132225513 321.21536718308926 1777.693545550108 12.764214649796484 12.540920481085776 44.201160371303558 934.77238975465298 230.67598228156567 33.217851117253304 11.819989800453184 56.229507982730865
leaf_count=244 146 2575 3106 1489 8331 63 54 214 4257 1136 153 59 302
internal_value=-0.00381115 -0.00473115 -0.00297736 -0.00653022 -0.00100967 0.00755418 0.00442092 -0.00784764 -0.00836177 0.00581955 0.00209451 0.0174934 0.0202168
internal_weight=4776.05 4420.55 2833.72 1006.72 1827 355.501 274.687 1586.83 1509.41 262.147 77.419 80.8137 68.0495
internal_count=22129 20369 13170 4595 8575 1760 1336 7199 6832 1282 367 424 361
is_linear=0
shrinkage=0.02


Tree=16
num_leaves=14
num_cat=0
split_feature=7 4 4 4 4 6 7 1 0 1 6 6 0
split_gain=57.6771 43.6767 42.4074 29.0192 19.6015 11.5642 8.34915 6.55109 6.28986 18.827 6.30788 5.52681 5.1845
threshold=3.7264803398174209 43.963538321007725 11.339207192441407 47.710586257982392 27.7465996055608 -6.2275768393392879 5.9566235841688107 0.91937905442540646 0.83883802489061543 0.89947478453076279 11.501918340697449 5.0023179069113644 0.92273578567608405
decision_type=2 2 2 2 2 2 2 2 2 2 2 2 2
left_child=2 8 5 4 -4 -1 7 -3 10 -10 -2 -7 -8
right_child=1 6 3 -5 -6 11 12 -9 9 -11 -12 -13 -14
leaf_value=-0.02440190243142867 -0.022117564031802678 -0.012775437201257973 -0.002899777469935398 0.020839466050615402 0.00088161808155077517 -0.010754861615761674 0.0021695231888032292 0.0027859731106985477 -0.0023734669492794448 -0.010023076551117794 -0.010759942742797861 0.0017992645789360307 0.01320409031022066
leaf_weight=23.721726849675179 25.554366797208786 21.42863741517067 2760.5304216295481 18.133516848087311 682.01521991193295 133.8053829818964 120.60646452009678 16.749595269560814 164.88991414010525 634.68352743983269 144.04985935986042 14.443668678402899 16.357849031686783
leaf_count=100 109 96 12838 93 3221 603 571 80 762 2862 645 68 81
internal_value=-0.00373415 -0.00764335 -0.00249566 -0.00200609 -0.00215048 -0.0120779 0.00151884 -0.00633156 -0.00929851 -0.00846522 -0.0129414 -0.0095166 0.00382468
internal_weight=4776.97 1144.32 3632.65 3460.68 3442.55 171.971 175.143 38.1782 969.178 799.573 169.604 148.249 136.964
internal_count=22129 5206 16923 16152 16059 771 828 176 4378 3624 754 671 652
is_linear=0
shrinkage=0.02


Tree=17
num_leaves=14
num_cat=0
split_feature=3 5 3 7 7 7 4 7 3 3 6 5 5
split_gain=119.631 57.7317 47.4187 93.3359 50.1243 26.8687 25.1768 27.8744 21.911 18.233 14.1513 7.37894 12.9166
threshold=29.635000228881839 2.3358949370714415 19.23499965667725 -0.74832809513431264 -2.0451267494790728 0.28040843336889248 37.974297794166766 8.8409948576641337 22.310000419616703 34.385000228881843 -11.225392884745975 3.1053862110720725 2.3003741921890613
decision_type=2 2 2 2 2 2 2 2 2 2 2 2 2
left_child=1 2 4 -4 -1 9 8 -8 -3 10 -2 12 -7
right_child=5 6 3 -5 -6 11 7 -9 -10 -11 -12 -13 -14
leaf_value=-0.0078435640581694648 -0.00079715709017223009 -0.010105053762706444 0.001424070743604385 -0.011076830113962025 0.00066233588354499867 -0.0065309222548584206 0.0061546734794344993 -0.0082300300379630383 -0.0043426233400943948 0.022784805134445772 0.010639920205460607 -0.0143839128751009 0.010900219287912861
leaf_weight=336.21116635203362 55.424193426966667 1011.3195253014565 384.76615636050701 622.65593914687634 1491.6845646649599 39.694451168179512 103.33020892739296 104.30267369747162 369.00548005104065 37.46252004802227 185.1176695972681 13.496635526418684 23.840042799711227
leaf_count=1527 263 4539 1817 2778 7048 183 493 473 1694 205 931 60 118
internal_value=-0.00365932 -0.0045572 -0.00284067 -0.00631559 -0.000915894 0.00745322 -0.00760726 -0.00109034 -0.00858157 0.0103174 0.00803472 -0.0028825 0.000267974
internal_weight=4778.31 4423.28 2835.32 1007.42 1827.9 355.036 1587.96 207.633 1380.33 278.004 240.542 77.0311 63.5345
internal_count=22129 20369 13170 4595 8575 1760 7199 966 6233 1399 1194 361 301
is_linear=0
shrinkage=0.02


Tree=18
num_leaves=14
num_cat=0
split_feature=3 5 3 6 1 3 3 6 6 5 6 0 1
split_gain=115.05 55.4022 45.5305 28.8734 26.8398 26.005 23.0265 19.4059 21.2181 12.5619 10.6416 8.58517 2.42232
threshold=29.635000228881839 2.3358949370714415 19.23499965667725 2.4570013787670213 0.86691021425408332 33.545000076293952 33.36000061035157 -12.062758459806249 6.3006481082455936 4.3159937272573305 -15.209843477547983 0.90293575061171916 1.0327724648634165
decision_type=2 2 2 2 2 2 2 2 2 2 2 2 2
left_child=1 2 4 -4 -1 6 10 9 -9 -3 -2 -7 -13
right_child=5 7 3 -5 -6 11 -8 8 -10 -11 -12 12 -14
leaf_value=0.013099717462849478 -0.0048047321528610337 -0.0042227865917646764 -0.0084950009149753827 -0.0012212102241340188 -0.0013138199227666428 0.0014598075189088263 -0.018766926638128494 -0.010336859055550247 -0.0052448330364266637 0.0075429360564650029 0.0071200696335754626 0.0076502838435759772 0.021655916371953726
leaf_weight=49.236150920391083 31.482889413833618 154.33643309772015 686.19890950620174 321.47420065104961 1778.7431435286999 12.730615869164465 12.561067476868628 824.52789671719074 566.57415147125721 43.208320021629333 230.16879539191723 11.794181406497954 55.710899129509926
leaf_count=244 146 709 3106 1489 8331 63 54 3698 2584 208 1136 59 302
internal_value=-0.00358594 -0.0044656 -0.00278398 -0.00618847 -0.00089784 0.00732144 0.00426297 -0.00745267 -0.00828394 -0.00155068 0.00563449 0.0170753 0.0197738
internal_weight=4778.75 4424.3 2835.65 1007.67 1827.98 354.448 274.213 1588.65 1391.1 197.545 261.652 80.2357 67.5051
internal_count=22129 20369 13170 4595 8575 1760 1336 7199 6282 917 1282 424 361
is_linear=0
shrinkage=0.02


Tree=19
num_leaves=14
num_cat=0
split_feature=7 4 4 4 4 7 6 1 0 1 6 0 0
split_gain=54.5223 41.0318 40.6084 27.9544 19.2561 8.16157 6.47788 6.32912 6.12886 17.9382 6.18683 5.01183 3.44833
threshold=3.7264803398174209 43.963538321007725 10.754634089682572 47.710586257982392 27.7465996055608 5.9566235841688107 -5.4115376952594163 0.91937905442540646 0.83883802489061543 0.89947478453076279 11.501918340697449 0.92273578567608405 0.96690877376228934
decision_type=2 2 2 2 2 2 2 2 2 2 2 2 2
left_child=2 8 6 4 -4 7 -1 -3 10 -10 -2 -7 -8
right_child=1 5 3 -5 -6 11 12 -9 9 -11 -12 -13 -14
leaf_value=-0.023967681501685184 -0.021540576423148196 -0.012523217257878144 -0.0027864347772085787 0.020537031891980254 0.00095367860974143672 0.0022155567990964544 -0.014049004355850034 0.0027652502081701815 -0.0021570760268919379 -0.009616388806702016 -0.010355608907142133 0.013075561159264424 -0.0055617150717206529
leaf_weight=19.796438008546829 25.588994711637497 21.458316147327423 2818.9107140898705 18.069651037454605 681.9279357790947 120.61605067551136 54.806522130966187 16.746396869421005 164.96641027927399 635.33971424400806 144.17360933125019 16.339623093605042 40.64824053645134
leaf_count=83 109 96 13097 93 3221 571 243 80 762 2862 645 81 186
internal_value=-0.00351364 -0.00731256 -0.00230977 -0.00191843 -0.00205764 0.00156617 -0.0137931 -0.00619483 -0.0089156 -0.00809718 -0.0124986 0.00384551 -0.0108038
internal_weight=4779.39 1145.23 3634.16 3518.91 3500.84 175.16 115.251 38.2047 970.069 800.306 169.763 136.956 95.4548
internal_count=22129 5206 16923 16411 16318 828 512 176 4378 3624 754 652 429
is_linear=0
shrinkage=0.02


Tree=20
num_leaves=15
num_cat=0
split_feature=7 4 4 5 5 5 5 0 1 5 6 5 5 5
split_gain=52.3751 39.4688 39.3171 31.678 31.6769 33.439 31.1278 31.119 20.7723 14.6818 9.34523 7.00622 19.2359 5.04065
threshold=3.7264803398174209 43.389781007442217 11.339207192441407 2.8706803019186036 1.9016009236909741 0.61369473495398175 1.1524258533517111 1.0114235679137955 1.0163381995045639 1.4959344101272201 2.8758102934530632 5.537101053848084 4.3971706572797453 0.95959099436953632
decision_type=2 2 2 2 2 2 2 2 2 2 2 2 2 2
left_child=2 3 9 6 5 -4 -2 -6 -5 13 -11 12 -3 -1
right_child=1 11 4 8 7 -7 -8 -9 -10 10 -12 -13 -14 -15
leaf_value=-0.012528959293466431 -0.018841881604326448 0.0021521257510289079 -0.023836927959914284 -0.016245897175632528 -0.0040837987058529686 0.00052738571467253448 -0.0049620498332759643 0.011400433275383733 0.0032454054473401795 -0.01868600153258089 -0.0035728636233485142 0.011491398456716212 -0.018651963524449953 -0.0001295899673787846
leaf_weight=13.969124019145964 69.19184784591198 152.44152997434139 18.844378769397736 247.5457915365696 1747.3405333757401 1646.6611307114363 618.56027209758759 49.735773429274559 22.628707960247993 86.792664676904678 22.624496787786484 19.244574502110481 16.05742771923542 48.856588065624237
leaf_count=62 303 722 80 1080 8074 7750 2831 248 106 377 104 95 69 228
internal_value=-0.0034436 -0.00716617 -0.00226369 -0.0088036 -0.0017924 0.000195265 -0.00645932 -0.00363089 -0.0145899 -0.0114822 -0.0157972 0.00119787 -0.000216978 -0.00347148
internal_weight=4780.49 1145.67 3634.82 957.927 3462.58 1665.51 687.752 1797.08 270.174 172.243 109.417 187.744 168.499 62.8257
internal_count=22129 5206 16923 4320 16152 7830 3134 8322 1186 771 481 886 791 290
is_linear=0
shrinkage=0.02


Tree=21
num_leaves=14
num_cat=0
split_feature=3 5 3 6 1 3 4 3 3 6 6 2 4
split_gain=109.424 51.4254 43.4849 27.8314 25.8187 25.1539 23.3134 22.2452 20.8183 13.8924 10.4021 8.11725 2.81211
threshold=29.635000228881839 2.3358949370714415 19.23499965667725 2.4570013787670213 0.86691021425408332 33.545000076293952 37.974297794166766 33.36000061035157 22.310000419616703 -7.6670974517706592 -15.209843477547983 0.99124849052394082 20.854269206750377
decision_type=2 2 2 2 2 2 2 2 2 2 2 2 2
left_child=1 2 4 -4 -1 7 8 10 -3 -8 -2 -7 -13
right_child=5 6 3 -5 -6 11 9 -9 -10 -11 -12 12 -14
leaf_value=0.012965023494108704 -0.0047112686659880774 -0.0095288758145658722 -0.0082023115920507438 -0.0010649187739888405 -0.0011783448783838101 0.0012007011378290416 0.010229749682267038 -0.018364388654519698 -0.0039223863549526679 -0.0031587153121418921 0.007078985919956946 0.0095637366442356282 0.022201584747265284
leaf_weight=49.17977137863636 31.498972728848457 1012.6514281928539 686.72420160472393 321.60756735503674 1779.9198112040758 11.955755621194838 33.553760558366776 12.580628797411917 369.4807935655117 174.17591945827007 230.06373772025108 18.877519831061363 49.111235857009888
leaf_count=244 146 4539 3106 1489 8331 59 164 54 1694 802 1136 97 268
internal_value=-0.00337563 -0.00423262 -0.00261308 -0.00593904 -0.000770605 0.00726722 -0.00710922 0.0042611 -0.00804576 -0.000843724 0.00560956 0.0168815 0.019419
internal_weight=4781.38 4427.29 2837.43 1008.33 1829.1 354.088 1589.86 274.143 1382.13 207.73 261.563 79.9445 67.9888
internal_count=22129 20369 13170 4595 8575 1760 7199 1336 6233 966 1282 424 365
is_linear=0
shrinkage=0.02


Tree=22
num_leaves=14
num_cat=0
split_feature=3 4 7 3 7 4 3 6 6 3 2 6 7
split_gain=105.21 29.6728 35.0074 62.6609 25.5545 19.8824 16.9841 13.2612 8.23608 10.5286 7.89708 8.91907 7.1246
threshold=29.635000228881839 11.339207192441407 3.8477936279143496 18.904999732971195 0.28040843336889248 29.758588147488144 34.385000228881843 -21.13752390320666 -6.2275768393392879 16.479999542236332 1.0387331580112671 -6.958015595541938 3.1174730685772878
decision_type=2 2 2 2 2 2 2 2 2 2 2 2 2
left_child=1 8 5 -4 6 -3 7 -2 -1 -10 12 -12 -6
right_child=4 2 3 -5 10 -7 -8 -9 9 -11 11 -13 -14
leaf_value=-0.022879624983843962 -0.0078944075021937302 -0.0033786672781871835 -0.003110843578757298 -0.013008717526621128 -0.0016389214123610732 0.0011923226749433018 0.022074714360743656 0.0090621974953565207 -0.015966178310126703 -0.0049959009832803722 -0.0051639686349537004 0.015665881090882371 -0.016790532774438153
leaf_weight=23.52271968126297 17.06022584438324 2731.7855135500431 672.49115811288357 412.49263283610344 34.799819052219391 440.09484240412712 36.85082021355629 222.66634996235371 63.126572713255882 84.740142673254013 13.599158987402918 12.326366692781447 16.201779842376709
leaf_count=99 78 12609 3107 1822 164 2068 205 1116 278 386 63 64 70
internal_value=-0.0033076 -0.00414712 -0.00381056 -0.00690781 0.00713754 -0.00274374 0.00994238 0.00774572 -0.0122288 -0.00997646 -0.00293972 0.00550986 -0.00732321
internal_weight=4781.76 4428.25 4256.86 1084.98 353.505 3171.88 276.577 239.727 171.389 147.867 76.9271 25.9255 51.0016
internal_count=22129 20369 19606 4929 1760 14677 1399 1194 763 664 361 127 234
is_linear=0
shrinkage=0.02


Tree=23
num_leaves=15
num_cat=0
split_feature=3 7 3 7 7 6 3 0 3 3 6 6 7 2
split_gain=101.176 26.2676 59.656 26.0128 24.8763 24.123 31.3807 24.6033 17.4797 16.7905 13.4784 13.4136 14.3077 4.41905
threshold=29.635000228881839 3.7264803398174209 18.640000343322757 7.134095639024741 -1.6306441050129219 5.6226682318084089 19.744999885559086 0.96602609843202292 16.724999427795414 34.385000228881843 -21.13752390320666 -2.232699916521891 3.6688563057861305 1.0332252446855419
decision_type=2 2 2 2 2 2 2 2 2 2 2 2 2 2
left_child=1 5 8 -4 9 7 -7 -1 -3 10 -2 13 -13 -6
right_child=4 2 3 -5 11 6 -8 -9 -10 -11 -12 12 -14 -15
leaf_value=-0.0054506387764026842 -0.0073410437563675244 -0.0047573063545618549 -0.015728544636208545 -0.0053075621937574433 -0.013916273726828061 -0.0028245137474745378 0.006695630186215662 -0.0015013433170835749 0.002643144484028847 0.024149459726348629 0.01007887434666337 0.0095985515932397927 -0.010831266954013222 -0.0023601655449658593
leaf_weight=1680.5459791123867 16.826266348361969 513.27230174839497 298.48680555820465 148.48130398988724 20.187386766076088 399.90132237970829 206.78548397123814 1015.2149491906166 166.60816533863544 30.212645396590233 178.34352014958858 59.614994779229164 13.909642145037649 33.78745511174202
leaf_count=7696 77 2358 1304 673 92 1850 982 4722 784 171 899 297 62 162
internal_value=-0.00324192 -0.00406433 -0.00670016 -0.0123445 0.0070107 -0.00315793 0.000442971 -0.00396777 -0.00293894 0.0109474 0.00845977 -6.9622e-05 0.00537413 -0.00734427
internal_weight=4782.18 4429.3 1126.85 446.968 352.882 3302.45 606.687 2695.76 679.88 225.382 195.17 127.499 73.5246 53.9748
internal_count=22129 20369 5119 1977 1760 15250 2832 12418 3142 1147 976 613 359 254
is_linear=0
shrinkage=0.02


Tree=24
num_leaves=14
num_cat=0
split_feature=3 5 3 6 1 3 3 6 6 5 6 0 1
split_gain=97.262 49.1415 40.8372 26.8419 24.8411 23.6324 21.0991 17.5254 20.2454 11.7662 9.6331 8.18587 2.22987
threshold=29.635000228881839 2.3358949370714415 19.23499965667725 2.4570013787670213 0.86691021425408332 33.545000076293952 33.36000061035157 -12.062758459806249 6.3006481082455936 4.3159937272573305 -15.209843477547983 0.90293575061171916 1.0327724648634165
decision_type=2 2 2 2 2 2 2 2 2 2 2 2 2
left_child=1 2 4 -4 -1 6 10 9 -9 -3 -2 -7 -13
right_child=5 7 3 -5 -6 11 -8 8 -10 -11 -12 12 -14
leaf_value=0.012861954530442645 -0.0046233773884236983 -0.0037823871959814935 -0.0078437568375734675 -0.00083944666217826436 -0.0010157025544197922 0.001089489714889037 -0.0180408496339826 -0.0095837316017705863 -0.0046225930458248382 0.0075997680118160462 0.0067175395257571746 0.0072948633030980852 0.020757186369352771
leaf_weight=49.137514755129814 31.512691557407379 154.52991499006748 687.27044807374477 321.75434730947018 1781.3450724184513 12.647249177098272 12.5875077098608 825.84382343292236 567.23905916512012 43.200932875275612 229.17449541389942 11.730847448110579 54.630349144339561
leaf_count=244 146 709 3106 1489 8331 63 54 3698 2584 208 1136 59 302
internal_value=-0.00317704 -0.00398258 -0.00240039 -0.00562238 -0.000615938 0.00688444 0.00397771 -0.00679359 -0.00758266 -0.00119419 0.00529746 0.0162621 0.0189274
internal_weight=4782.6 4430.32 2839.51 1009.02 1830.48 352.283 273.275 1590.81 1393.08 197.731 260.687 79.0084 66.3612
internal_count=22129 20369 13170 4595 8575 1760 1336 7199 6282 917 1282 424 361
is_linear=0
shrinkage=0.02


Tree=25
num_leaves=14
num_cat=0
split_feature=7 5 5 2 6 5 6 7 6 5 2 1 5
split_gain=46.4318 32.1274 37.3605 31.03 34.4768 29.448 42.0176 30.5776 19.1843 15.2483 14.5517 13.4541 14.4663
threshold=3.7264803398174209 1.7009565327806742 0.61369473495398175 1.0764460274469365 4.1643811350720208 2.8390749047057846 10.074550115621165 8.0325609048914934 -21.13752390320666 2.4717546029008655 0.96213800665217108 1.0163381995045639 5.537101053848084
decision_type=2 2 2 2 2 2 2 2 2 2 2 2 2
left_child=1 2 -1 4 -3 6 9 -8 -5 -2 -4 12 -7
right_child=5 3 10 8 -6 11 7 -9 -10 -11 -12 -13 -14
leaf_value=-0.024326154139154815 -0.0081575654091747413 -0.0056175760499283436 -0.010881194913351513 -0.0045477059463175573 0.0001826452463041503 -0.013937144818269022 -0.0012059868390301971 0.016288289812223952 0.011661437362820538 0.002371685254479314 0.0011274602728299904 0.0028622016905828071 -0.00042968212886495828
leaf_weight=20.129708111286163 537.99413813650608 1538.7548046559095 37.612362399697304 41.934956505894661 557.91309317946434 290.32054136693478 149.52393752336502 50.304800286889076 80.546063542366028 59.477941766381264 1359.2936541438103 23.135498508810997 35.836187154054642
leaf_count=85 2437 7065 170 195 2605 1275 694 249 403 276 6400 108 167
internal_value=-0.00311325 -0.00200254 0.000349945 -0.00350264 -0.00407676 -0.00661646 -0.00445703 0.00343124 0.00614345 -0.00710058 0.000773976 -0.0114394 -0.0124762
internal_weight=4782.78 3636.18 1417.04 2219.15 2096.67 1146.59 797.301 199.829 122.481 597.472 1396.91 349.292 326.157
internal_count=22129 16923 6655 10268 9670 5206 3656 943 598 2713 6570 1550 1442
is_linear=0
shrinkage=0.02


Tree=26
num_leaves=14
num_cat=0
split_feature=3 5 3 7 7 7 5 2 5 3 5 5 5
split_gain=93.1532 46.1965 39.0707 87.9376 48.5363 24.0681 17.8044 16.5856 26.249 16.0348 14.9336 12.6475 12.2472
threshold=29.635000228881839 2.3358949370714415 19.23499965667725 -0.74832809513431264 -2.0451267494790728 -1.6306441050129219 3.7272411560608103 1.0495633945030407 5.537101053848084 34.385000228881843 2.6397727287631709 1.6467777308872515 2.9962848314713413
decision_type=2 2 2 2 2 2 2 2 2 2 2 2 2
left_child=1 2 4 -4 -1 9 10 8 -3 11 -7 -2 -9
right_child=5 7 3 -5 -6 6 -8 12 -10 -11 -12 -13 -14
leaf_value=-0.0073719423383643021 0.019974543349900255 -0.0078954008992704605 0.0020377739182923515 -0.010077016987408373 0.0009911522021255224 -0.0011970555094715522 -0.019745871131940141 0.007200183170488237 0.004705479322552014 0.023676062328977784 0.015825316952889731 0.005885245642989546 -0.0040782486327123717
leaf_weight=336.73801627755165 27.833010211586952 1346.3925520628691 385.88511370122433 623.49734549224377 1494.1573431193829 92.657065212726593 12.319429457187651 50.502131044864655 67.006563171744347 29.79458524286747 22.342136725783348 166.84312003850937 127.49530316889286
leaf_count=1527 147 6057 1817 2778 7048 445 54 240 317 171 114 829 585
internal_value=-0.00305111 -0.00383874 -0.00230491 -0.00545579 -0.000559704 0.00680277 -0.000160469 -0.00656364 -0.00728642 0.0106859 0.00253085 0.0082612 -0.000790369
internal_weight=4783.46 4431.67 2840.28 1009.38 1830.9 351.789 127.319 1591.4 1413.4 224.471 114.999 194.676 177.997
internal_count=22129 20369 13170 4595 8575 1760 613 7199 6374 1147 559 976 825
is_linear=0
shrinkage=0.02


Tree=27
num_leaves=15
num_cat=0
split_feature=3 5 3 7 7 7 7 3 3 5 2 2 7 3
split_gain=89.6893 44.6132 39.6179 73.7273 67.8368 24.3312 23.3345 20.0403 15.5042 13.0498 8.65984 7.55673 6.67999 2.81864
threshold=29.635000228881839 2.8390749047057846 19.23499965667725 -1.4175723445620563 -1.5775184858491929 1.1087358278738824 0.28040843336889248 24.159999847412113 34.385000228881843 5.537101053848084 1.0526857021725469 1.0387331580112671 3.1174730685772878 32.970001220703132
decision_type=2 2 2 2 2 2 2 2 2 2 2 2 2 2
left_child=1 2 4 -4 -1 7 8 -3 10 -7 -2 12 -8 -13
right_child=6 5 3 -5 -6 9 11 -9 -10 -11 -12 13 -14 -15
leaf_value=-0.0071760750064056326 0.0093000952985401227 -0.0069115928378008827 0.0013931097568280306 -0.0089049236598165247 0.00097201069365622961 -0.012032777655282051 -0.001697081703304526 0.0016668052897888428 0.021119642755328464 -0.00048034701434414268 0.00015056377856427884 -0.00114231807591047 -0.016384782387004082 0.010912248295701059
leaf_weight=539.36668579280376 185.36255733668804 397.5905704498291 413.72167421877384 838.19403317570686 1646.2877175956964 405.65747956931591 34.779659017920494 147.6286024749279 35.927782490849495 43.617305710911751 53.118375360965729 13.391179844737055 16.211478471755981 12.448864176869391
leaf_count=2444 937 1798 1941 3751 7749 1793 164 690 205 203 257 63 70 64
internal_value=-0.00298965 -0.00376189 -0.00267694 -0.00550813 -0.00104818 -0.00748636 0.00668733 -0.0045936 0.0093853 -0.0109254 0.00729826 -0.00293631 -0.00721885 0.00534945
internal_weight=4783.3 4432.06 3437.57 1251.92 2185.65 994.494 351.24 545.219 274.409 449.275 238.481 76.8312 50.9911 25.84
internal_count=22129 20369 15885 5692 10193 4484 1760 2488 1399 1996 1194 361 234 127
is_linear=0
shrinkage=0.02


Tree=28
num_leaves=15
num_cat=0
split_feature=7 4 4 5 5 5 2 5 5 2 5 5 0 1
split_gain=42.8298 36.2836 35.3853 29.7917 29.1727 33.6004 26.7338 24.6882 16.3365 12.1621 10.8562 14.6437 2.35861 2.15118
threshold=3.7264803398174209 10.754634089682572 43.963538321007725 3.364076494609503 1.7009565327806742 0.61369473495398175 1.0764460274469365 1.1524258533517111 1.2848482100906058 1.0222853258109474 5.537101053848084 4.3971706572797453 0.93187068726185496 1.0028170934860656
decision_type=2 2 2 2 2 2 2 2 2 2 2 2 2 2
left_child=1 8 3 7 5 -3 -6 -2 13 -5 11 -4 -10 -1
right_child=2 4 10 9 6 -7 -8 -9 12 -11 -12 -13 -14 -15
leaf_value=0.0054458588225173455 -0.017092595401054893 -0.023086434704181195 0.0022724359861120411 -0.01877832326027758 -0.0034825493769306869 0.001210240849640153 0.0060177578981586519 -0.0050052883287194016 -0.0065616781151187232 -0.0057488036586244139 0.015406860704885008 -0.016339853694917968 -0.01835019196688498 -0.0043025579530720287
leaf_weight=13.676878347992899 71.625742062926292 19.164105802774429 143.12193028628826 119.37156526744366 2039.5021809786558 1339.904317393899 122.20200769603252 737.1184551268816 14.002171024680136 43.326234817504883 17.118228495121002 15.104684486985205 73.161897420883179 14.602944508194922
leaf_count=65 314 81 677 513 9419 6313 598 3356 63 195 86 65 317 67
internal_value=-0.00293017 -0.00186344 -0.00629431 -0.00778204 -0.00149385 0.000800893 -0.00293537 -0.00615464 -0.0127075 -0.0155298 0.00193774 0.000136583 -0.0168275 0.000502653
internal_weight=4783 3636.22 1146.79 971.442 3520.77 1359.07 2161.7 808.744 115.444 162.698 175.345 158.227 87.1641 28.2798
internal_count=22129 16923 5206 4378 16411 6394 10017 3670 512 708 828 742 380 132
is_linear=0
shrinkage=0.02


Tree=29
num_leaves=15
num_cat=0
split_feature=7 4 4 5 5 2 5 5 5 2 6 5 5 0
split_gain=41.1709 34.9341 34.007 28.1164 31.2682 29.6368 27.6746 26.3487 15.7271 11.7171 8.3993 6.32066 17.3288 1.67768
threshold=3.7264803398174209 10.754634089682572 43.389781007442217 1.9016009236909741 0.61369473495398175 1.0764460274469365 3.364076494609503 1.1524258533517111 1.2848482100906058 1.0222853258109474 3.2434123995646718 5.537101053848084 4.3971706572797453 0.9798262527786965
decision_type=2 2 2 2 2 2 2 2 2 2 2 2 2 2
left_child=1 8 6 4 -3 -5 7 -2 13 -8 -10 12 -4 -1
right_child=2 3 11 5 -6 -7 9 -9 10 -11 -12 -13 -14 -15
leaf_value=0.0045445032982187432 -0.017596168501243112 -0.022681894426833077 0.0024683445221297556 -0.0038603491935231288 0.00070324054733556386 0.0063795974826449144 -0.01852596974193875 -0.0049418173450513098 -0.01940933362235275 -0.0056367775728593805 -0.0029475907821971221 0.011364827581598902 -0.017253482034971068 -0.004072442635488816
leaf_weight=15.002337813377382 69.415821611881256 19.186887741088867 152.5841549038887 1704.433757469058 1679.9150886684656 117.51177912950516 115.67973053455353 731.00297205150127 70.401190981268883 42.883888810873032 16.792840212583542 19.218421772122383 16.110457807779312 13.277892321348189
leaf_count=71 303 81 722 7853 7900 577 497 3327 303 193 77 95 69 61
internal_value=-0.00287278 -0.00182695 -0.00617097 -0.00146429 0.000386515 -0.00318736 -0.00769022 -0.0061213 -0.0124661 -0.0152645 -0.0165073 0.00158093 0.000228891 0.000495441
internal_weight=4783.42 3636.52 1146.9 3521.05 1699.1 1821.95 958.982 800.419 115.474 158.564 87.194 187.913 168.695 28.2802
internal_count=22129 16923 5206 16411 7981 8430 4320 3630 512 690 380 886 791 132
is_linear=0
shrinkage=0.02


Tree=30
num_leaves=14
num_cat=0
split_feature=3 5 3 0 5 7 7 3 5 3 5 6 5
split_gain=85.4076 41.0481 38.2653 45.4294 24.8107 22.6583 22.1254 19.2089 17.2654 15.2895 14.5195 12.6966 11.9056
threshold=29.635000228881839 2.8390749047057846 24.710000038146976 0.95021858819286042 0.61369473495398175 -1.6306441050129219 1.1087358278738824 24.159999847412113 3.7272411560608103 34.385000228881843 2.6397727287631709 -21.13752390320666 5.537101053848084
decision_type=2 2 2 2 2 2 2 2 2 2 2 2 2
left_child=1 2 4 -4 -1 9 7 -3 10 11 -7 -2 -8
right_child=5 6 3 -5 -6 8 12 -9 -10 -11 -12 -13 -14
leaf_value=-0.02175750336378092 -0.00726032817707722 -0.0066534043313383239 -0.0008236124106562341 -0.01523790217536021 -0.0016490093089005218 -0.0011444354210615407 -0.011479527113762607 0.0017420589397588841 -0.019392344158945793 0.023192409161995834 0.015657965965962778 0.0096331706507179569 -0.00044033082664975397
leaf_weight=20.774362042546272 16.832337617874146 397.75133487582207 159.58941344916821 190.80974650382996 3067.1656517237425 92.624994799494743 405.61701360344887 147.65368184447289 12.345095679163931 29.338794574141502 22.277911141514778 177.3877857029438 43.560204729437828
leaf_count=88 77 1798 738 840 14219 445 1793 690 54 171 114 899 203
internal_value=-0.00281666 -0.00356973 -0.00252928 -0.0087563 -0.00181226 0.00663235 -0.0071421 -0.00438442 -0.000122609 0.0104118 0.00253045 0.00805211 -0.0104223
internal_weight=4783.73 4432.92 3438.34 350.399 3087.94 350.807 994.582 545.405 127.248 223.559 114.903 194.22 449.177
internal_count=22129 20369 15885 1578 14307 1760 4484 2488 613 1147 559 976 1996
is_linear=0
shrinkage=0.02


Tree=31
num_leaves=15
num_cat=0
split_feature=7 4 4 5 5 2 5 5 2 5 5 5 6 6
split_gain=38.7538 33.5541 32.688 27.2272 29.5681 28.0735 26.9125 22.9783 11.3009 10.6844 10.1933 13.5134 8.53764 3.7471
threshold=3.7264803398174209 11.159439568349852 43.963538321007725 1.9016009236909741 0.61369473495398175 1.0764460274469365 3.364076494609503 1.1524258533517111 1.0222853258109474 1.4959344101272201 5.537101053848084 4.3971706572797453 2.9800339900922461 -2.0066405114835821
decision_type=2 2 2 2 2 2 2 2 2 2 2 2 2 2
left_child=1 9 6 4 -3 -5 7 -2 -8 13 11 -4 -11 -1
right_child=2 3 10 5 -6 -7 8 -9 -10 12 -12 -13 -14 -15
leaf_value=0.0029317438398026485 -0.016385149226734827 -0.021917879360024029 0.0022576425681472916 -0.003697894440695214 0.00081081223187693199 0.0062776794982967723 -0.017888660409370098 -0.0047359055752567878 -0.0053557244776087009 -0.017477649542153174 0.015024865615157606 -0.01561753546351858 -0.002149627100121836 -0.0071428508675900502
leaf_weight=20.685973152518272 71.75528472661972 19.216431006789207 143.09744548797607 1688.4785646498203 1657.8682215213776 117.3308928757906 119.24403387308121 737.37629987299442 43.324551403522491 78.315976783633232 17.056213170289993 15.116028249263762 19.137351036071777 35.686116084456444
leaf_count=97 314 81 677 7780 7799 577 513 3356 195 339 86 65 88 162
internal_value=-0.00276092 -0.00174632 -0.00596068 -0.00133595 0.000498849 -0.0030373 -0.00739005 -0.0058445 -0.0147575 -0.0107684 0.00195189 0.000206815 -0.014671 -0.00349663
internal_weight=4783.69 3636.72 1146.97 3482.89 1677.08 1805.81 971.7 809.132 162.569 153.825 175.27 158.213 97.4533 56.3721
internal_count=22129 16923 5206 16237 7880 8357 4378 3670 708 686 828 742 427 259
is_linear=0
shrinkage=0.02


Tree=32
num_leaves=14
num_cat=0
split_feature=3 5 3 7 7 7 4 7 3 5 3 5 5
split_gain=81.7396 38.745 35.0842 81.7514 45.5845 21.8519 21.8141 25.7409 18.864 16.7292 14.9417 14.0965 12.0514
threshold=29.635000228881839 2.3358949370714415 19.23499965667725 -0.74832809513431264 -1.6306441050129219 -1.6306441050129219 37.974297794166766 8.8409948576641337 22.310000419616703 3.7272411560608103 34.385000228881843 2.6714629612293783 1.6467777308872515
decision_type=2 2 2 2 2 2 2 2 2 2 2 2 2
left_child=1 2 4 -4 -1 10 8 -8 -3 11 12 -7 -2
right_child=5 6 3 -5 -6 9 7 -9 -10 -11 -12 -13 -14
leaf_value=-0.0062945156038116358 0.019413315696914051 -0.0082525058993845966 0.002196444318648569 -0.0094803983345230734 0.0012918575936275902 -0.00090267307025126758 0.0070327968613630356 -0.0067760974570746689 -0.002936068845010761 -0.019038121148561193 0.02294727245934524 0.016217877316699391 0.0056207023085139383
leaf_weight=402.74830524623394 27.574074268341064 1013.8645456433296 386.09091807901859 623.61885637044907 1429.1358368098736 94.869304209947586 103.52642814815044 104.46438807249069 370.12663558125496 12.373554214835165 29.094889834523201 20.013922706246376 166.36834822595119
leaf_count=1831 147 4539 1817 2778 6744 456 493 473 1694 54 171 103 829
internal_value=-0.00270701 -0.00344316 -0.00203899 -0.00502438 -0.000386122 0.00654392 -0.00593813 0.000100223 -0.00684327 -8.77175e-05 0.0102626 0.00252524 0.00793436
internal_weight=4783.87 4433.58 2841.59 1009.71 1831.88 350.294 1591.98 207.991 1383.99 127.257 223.037 114.883 193.942
internal_count=22129 20369 13170 4595 8575 1760 7199 966 6233 613 1147 559 976
is_linear=0
shrinkage=0.02


Tree=33
num_leaves=14
num_cat=0
split_feature=3 4 7 3 7 4 6 3 3 6 2 7 7
split_gain=78.7232 26.5456 25.8884 53.0411 21.3109 18.8305 14.4701 11.2146 8.2558 10.1451 8.2115 6.86205 5.35851
threshold=29.635000228881839 11.339207192441407 3.8477936279143496 18.904999732971195 0.58889869507675607 29.758588147488144 -21.13752390320666 34.385000228881843 16.479999542236332 -5.7847248146630328 1.0397599191167215 -1.1847032642922142 3.1174730685772878
decision_type=2 2 2 2 2 2 2 2 2 2 2 2 2
left_child=1 8 5 -4 6 -3 -2 -8 11 -10 12 -1 -6
right_child=4 2 3 -5 10 -7 7 -9 9 -11 -12 -13 -14
leaf_value=-0.024400113388429893 -0.0070383621834040249 -0.002759014814229804 -0.0022352607702336826 -0.011334059108468526 -0.0022760699352194513 0.0016833357761440943 0.008204598677487589 0.020366529629381975 -0.01917547229209909 -0.0034782997898974801 0.0056142808995165595 -0.010155608731193881 -0.015992252309025467
leaf_weight=24.92034912109375 18.536225959658623 2735.6638430505991 673.37435196340084 412.32733058929443 29.811754733324051 440.7111025005579 226.62022638320923 34.570302531123161 17.47627292573452 82.47913184762001 23.965610101819038 46.640971675515175 16.220689848065376
leaf_count=104 86 12609 3107 1822 140 2068 1145 201 74 376 118 209 70
internal_value=-0.0026528 -0.0033747 -0.00305737 -0.00571972 0.00643366 -0.00214131 0.00887851 0.0100972 -0.0110107 -0.00685504 -0.00328827 -0.0161452 -0.00800145
internal_weight=4783.32 4433.59 4262.08 1085.7 349.725 3176.37 279.727 261.191 171.517 99.9554 69.9981 71.5613 46.0324
internal_count=22129 20369 19606 4929 1760 14677 1432 1346 763 450 328 313 210
is_linear=0
shrinkage=0.02


Tree=34
num_leaves=14
num_cat=0
split_feature=7 5 5 6 2 5 6 7 2 5 1 1 5
split_gain=35.3974 27.5705 33.8741 30.928 28.1442 23.52 39.1737 28.7368 15.9178 14.9302 12.6295 12.1392 11.4909
threshold=3.7264803398174209 1.5189300993937065 0.61369473495398175 5.0023179069113644 1.0764460274469365 2.8390749047057846 10.074550115621165 7.6677502244651565 0.96213800665217108 2.4717546029008655 1.0163381995045639 0.99920829239698816 5.537101053848084
decision_type=2 2 2 2 2 2 2 2 2 2 2 2 2
left_child=1 2 -1 4 -3 6 9 -8 -4 -2 12 -5 -7
right_child=5 3 8 11 -6 10 7 -9 -10 -11 -12 -13 -14
leaf_value=-0.022413013634102578 -0.0073322187592500324 -0.0045748579842062112 -0.013226195584997316 6.0517890602290758e-05 0.0052151894945303458 -0.012282250931205791 -0.0012500115840392049 0.014802399246165672 0.0018906160423286015 0.0030525005699943899 0.0037539263289320221 0.0079729460753820616 -0.0002471819752551637
leaf_weight=20.220456331968307 538.50189651548862 1847.6935706138611 24.647856831550598 464.69860011339188 122.15662509202957 289.99420940876007 138.53271336853504 61.414739549160004 1067.7392212450504 59.484342500567436 23.146566197276115 89.111551508307457 35.759527489542961
leaf_count=85 2437 8500 110 2160 599 1275 641 302 5037 276 108 432 167
internal_value=-0.00260089 -0.00163122 0.00098915 -0.0027862 -0.00395841 -0.00565908 -0.00373326 0.00387417 0.00150252 -0.00628579 -0.00997118 0.00138172 -0.0109801
internal_weight=4783.1 3636.27 1112.61 2523.66 1969.85 1146.83 797.934 199.947 1092.39 597.986 348.9 553.81 325.754
internal_count=22129 16923 5232 11691 9099 5206 3656 943 5147 2713 1550 2592 1442
is_linear=0
shrinkage=0.02


Tree=35
num_leaves=14
num_cat=0
split_feature=7 4 4 4 5 5 5 5 2 5 5 0 1
split_gain=33.9896 31.3851 30.4582 25.6812 26.6719 24.3303 24.9232 14.6326 10.8256 5.84649 15.7972 2.16819 2.01499
threshold=3.7264803398174209 10.754634089682572 43.389781007442217 47.710586257982392 1.9016009236909741 3.364076494609503 1.1524258533517111 1.2848482100906058 1.0222853258109474 5.537101053848084 4.3971706572797453 0.93187068726185496 1.0028170934860656
decision_type=2 2 2 2 2 2 2 2 2 2 2 2 2
left_child=1 7 5 4 -3 6 -2 12 -7 10 -4 -9 -1
right_child=2 3 9 -5 -6 8 -8 11 -10 -11 -12 -13 -14
leaf_value=0.0055284426771838417 -0.016659751944817232 0.00041412179387974286 0.002611456323411962 0.020311665872488165 -0.0030753088974233116 -0.017224877308611743 -0.0043723052958480517 -0.0059313036103801307 -0.0049072194027092167 0.011204126439135603 -0.016218846889910838 -0.017030921409528669 -0.0039103471240502698
leaf_weight=13.679140672087671 69.515481621026993 1694.2421734035015 152.62539333105087 17.963515251874924 1808.8506916761398 115.35954970121384 731.14924046397209 14.000902786850927 42.859318748116493 19.184629127383232 16.111957862973213 73.137420639395714 14.628147006034849
leaf_count=65 303 7956 722 93 8362 497 3327 63 193 95 69 317 67
internal_value=-0.00254916 -0.00159903 -0.00554599 -0.00125549 -0.00138913 -0.00698418 -0.00551664 -0.0116839 -0.0140915 0.00178505 0.0004795 -0.0155861 0.000770588
internal_weight=4783.31 3636.5 1146.81 3521.06 3503.09 958.884 800.665 115.446 158.219 187.922 168.737 87.1383 28.3073
internal_count=22129 16923 5206 16411 16318 4320 3630 512 690 886 791 380 132
is_linear=0
shrinkage=0.02


Tree=36
num_leaves=15
num_cat=0
split_feature=7 4 4 5 5 5 5 4 5 5 2 5 5 0
split_gain=32.7041 30.2931 29.3201 24.6061 30.7699 24.451 21.5658 19.2345 16.671 15.4557 10.4214 9.69809 12.3667 4.38167
threshold=3.7264803398174209 11.813083207946184 43.963538321007725 1.3302087614248843 0.61369473495398175 3.364076494609503 1.1524258533517111 47.710586257982392 1.7186377557401407 0.88989576635561018 1.0222853258109474 5.537101053848084 4.3971706572797453 0.91036386176426543
decision_type=2 2 2 2 2 2 2 2 2 2 2 2 2 2
left_child=1 8 5 4 -3 6 -2 -5 9 -1 -7 12 -4 -10
right_child=2 3 11 7 -6 10 -8 -9 13 -11 -12 -13 -14 -15
leaf_value=-0.020431990408709258 -0.015522700224214649 -0.020779908013024422 0.0023059870363705453 -0.0021166206446139152 0.0028765856865468871 -0.016829400474476407 -0.0042514552567982479 0.017965047143415309 -0.0023519501462253168 0.00014326189318605568 -0.0048336841908407108 0.01481683446832366 -0.014797208910612069 -0.015120366313394352
leaf_weight=13.120972692966459 71.824237138032913 18.726594150066376 143.08915254473686 2663.6462525874376 710.67388392984867 118.89968329668045 737.46105585992336 15.25497981905937 13.77163305878639 98.94958683848381 43.29787565767765 17.020067811012268 15.109376013278959 102.56792904436588
leaf_count=56 314 79 677 12370 3367 513 3356 79 63 460 195 86 65 449
internal_value=-0.00249895 -0.00156704 -0.00543874 -0.00108927 0.00215921 -0.00679278 -0.00532321 -0.00197565 -0.00855475 -0.00288675 -0.0138206 0.00205264 0.000347847 -0.0137373
internal_weight=4783.41 3636.71 1146.7 3408.3 729.4 971.483 809.285 2678.9 228.41 112.071 162.198 175.219 158.199 116.34
internal_count=22129 16923 5206 15895 3446 4378 3670 12449 1028 516 708 828 742 512
is_linear=0
shrinkage=0.02


Tree=37
num_leaves=14
num_cat=0
split_feature=3 4 3 7 7 3 3 7 3 6 0 7 4
split_gain=74.9509 24.373 24.4541 65.8867 60.3556 20.7842 19.7555 17.7029 7.96728 9.82086 7.71996 6.63212 4.36903
threshold=29.635000228881839 11.339207192441407 19.23499965667725 0.22588423116247977 -2.2274903753884145 33.545000076293952 33.36000061035157 2.3530466560101275 16.479999542236332 -5.7847248146630328 0.90293575061171916 -1.1847032642922142 20.124683601239138
decision_type=2 2 2 2 2 2 2 2 2 2 2 2 2
left_child=1 8 4 -4 -3 6 7 -2 11 -10 -7 -1 -12
right_child=5 2 3 -5 -6 10 -8 -9 9 -11 12 -13 -14
leaf_value=-0.023592351655828962 0.0067221739938910351 -0.0072784395751344256 -0.0008134002688743884 -0.0088375165365024311 -2.0619023238298012e-05 0.00066544345206782365 -0.017593012019110277 -0.0099318154498514409 -0.018533388527809599 -0.0031093277359662565 0.0070185624898170844 -0.0096693977175684905 0.021068706306766497
leaf_weight=24.874686688184738 234.5493531525135 587.12658841907978 831.77562555670738 803.62417633831501 2040.0242400467396 12.523645862936972 12.582944601774214 25.035230353474617 17.435989707708359 82.47606398165226 17.217007026076317 46.68124021589756 47.517096996307373
leaf_count=104 1170 2647 3854 3583 9522 63 54 112 74 376 90 209 271
internal_value=-0.00245027 -0.0031544 -0.00285051 -0.00476834 -0.00165123 0.00641935 0.00370592 0.00498966 -0.0104717 -0.00641084 0.0153254 -0.0155021 0.0179578
internal_weight=4783.44 4434.02 4262.55 1635.4 2627.15 349.425 272.168 259.585 171.468 99.9121 77.2577 71.5559 64.7341
internal_count=22129 20369 19606 7437 12169 1760 1336 1282 763 450 424 313 361
is_linear=0
shrinkage=0.02


Tree=38
num_leaves=14
num_cat=0
split_feature=3 5 3 7 4 3 3 7 3 7 4 2 4
split_gain=72.088 35.0127 36.1357 32.7717 23.8625 20.2353 19.1217 18.5485 17.6232 17.0889 16.4055 7.45472 2.7702
threshold=29.635000228881839 2.8390749047057846 24.710000038146976 0.97192838342499011 11.813083207946184 33.545000076293952 33.36000061035157 1.1087358278738824 24.159999847412113 2.1599937578573769 43.963538321007725 0.99124849052394082 20.854269206750377
decision_type=2 2 2 2 2 2 2 2 2 2 2 2 2
left_child=1 2 4 -4 -1 6 9 8 -3 -2 -9 -7 -13
right_child=5 7 3 -5 -6 11 -8 10 -10 -11 -12 12 -14
leaf_value=-0.0084873353103984348 0.0066714516426262084 -0.0060450204150513942 -0.003743137202455804 -0.016670346854319913 -0.0009973532517392155 0.00029357208544622315 -0.01731886514787442 -0.0109628496293922 0.0019885748569556687 -0.0091908058023068059 -0.00011637102221470932 0.0082531455762095973 0.020368322940943751
leaf_weight=176.84920960664749 232.11366145312786 397.96479287743568 233.96362602710724 116.57599151134491 2912.6092963218689 11.761297523975371 12.589727580547331 383.14588782191277 147.72376090288162 27.179222658276558 65.269438832998276 18.416940480470657 46.722581297159195
leaf_count=795 1160 1798 1073 505 13512 59 54 1692 690 122 304 97 268
internal_value=-0.00240259 -0.00309255 -0.00213258 -0.00818181 -0.00143652 0.00630448 0.0036296 -0.00639258 -0.00387159 0.00489439 -0.00939907 0.0151144 0.0176186
internal_weight=4782.89 4434.1 3440 350.54 3089.46 348.783 271.883 994.104 545.689 259.293 448.415 76.9008 65.1395
internal_count=22129 20369 15885 1578 14307 1760 1336 4484 2488 1282 1996 424 365
is_linear=0
shrinkage=0.02


Tree=39
num_leaves=14
num_cat=0
split_feature=3 5 3 7 7 4 7 7 3 5 6 5 3
split_gain=69.332 33.6476 32.387 35.5506 26.0343 20.2411 24.3417 19.8329 17.8163 16.2249 14.3935 13.8065 10.8615
threshold=29.635000228881839 2.3358949370714415 24.710000038146976 -1.1847032642922142 8.3893182248569254 37.974297794166766 8.8409948576641337 -1.6306441050129219 16.295000076293949 3.7272411560608103 -21.13752390320666 2.6397727287631709 34.385000228881843
decision_type=2 2 2 2 2 2 2 2 2 2 2 2 2
left_child=1 2 4 -4 -1 8 -7 10 -3 11 -2 -9 -12
right_child=7 5 3 -5 -6 6 -8 9 -10 -11 12 -13 -14
leaf_value=-0.0013377711708817339 -0.0062792313841288205 -0.0093596737981667538 -0.00014077342078905154 -0.014460955195962109 0.011479605418236763 0.0071916119931117548 -0.0062417933810365771 -0.0011266418828608422 -0.0045492628039852899 -0.01878301412630537 0.0090679386579380836 0.015299893886234093 0.022583212440372546
leaf_weight=2504.0429441481829 18.02214315533638 476.70849905908108 123.89351736009121 153.72547467052937 61.05796454846859 103.47118924558163 104.37447991967201 92.424146965146065 906.94141598045826 12.376518979668615 176.10454551875591 22.121043041348457 27.091242507100105
leaf_count=11622 84 2122 578 672 298 493 473 445 4111 54 899 114 164
internal_value=-0.00235539 -0.00303143 -0.00172381 -0.00816303 -0.00101528 -0.00535692 0.000455237 0.006192 -0.00622879 -0.000126692 0.00975515 0.00245488 0.0112711
internal_weight=4782.36 4434.22 2842.72 277.619 2565.1 1591.5 207.846 348.14 1383.65 126.922 221.218 114.545 203.196
internal_count=22129 20369 13170 1250 11920 7199 966 1760 6233 613 1147 559 1063
is_linear=0
shrinkage=0.02


Tree=40
num_leaves=13
num_cat=0
split_feature=3 5 6 5 7 7 3 3 7 6 6 2
split_gain=66.8599 32.1155 35.2105 43.3314 25.8875 20.4463 18.7652 16.8979 17.3297 12.5543 10.5586 7.55061
threshold=30.185000419616703 2.8390749047057846 5.6226682318084089 1.798153181429732 8.0325609048914934 1.1087358278738824 24.159999847412113 34.385000228881843 3.6688563057861305 -3.8598206466957881 20.066886094414432 1.0213692218344039
decision_type=2 2 2 2 2 2 2 2 2 2 2 2
left_child=1 2 3 -1 -4 6 -3 8 9 -2 -7 -9
right_child=7 5 4 -5 -6 10 -8 11 -10 -11 -12 -13
leaf_value=-0.00088699910602157333 0.0016089679668135968 -0.0058076441244145132 0.00041978937938103451 -0.0060353942543426003 0.01197554960684818 -0.011158282071372623 0.0021139807452455737 0.0037299224704506833 -0.013849200375001225 0.011083450260020522 -0.004236032871242584 0.022458965969863087
leaf_weight=1525.7850233614445 118.19277873635292 398.02549393475056 730.71113550662994 1142.526603937149 82.796384871006012 319.00456288456917 167.81729593873024 13.66200716793537 14.950559347867964 105.02336584031582 130.86978410184383 32.495229810476303
leaf_count=7098 581 1798 3404 5185 403 1408 789 73 65 537 595 193
internal_value=-0.00230844 -0.00290476 -0.00198771 -0.00309719 0.00164874 -0.00602823 -0.00345991 0.00703387 0.00471786 0.00618336 -0.00919966 0.0176549
internal_weight=4781.86 4497.54 3481.82 2668.31 813.508 1015.72 565.843 284.324 238.167 223.216 449.874 46.1572
internal_count=22129 20680 16090 12283 3807 4590 2587 1449 1183 1118 2003 266
is_linear=0
shrinkage=0.02


Tree=41
num_leaves=12
num_cat=0
split_feature=7 5 5 6 5 6 7 5 1 5 1
split_gain=30.0654 24.9747 33.5478 24.972 19.2596 36.0563 26.3878 14.6447 12.1645 10.1996 9.84873
threshold=3.7264803398174209 0.61369473495398175 1.2952531165681596 6.795971478711837 2.8390749047057846 10.074550115621165 8.0325609048914934 2.4717546029008655 1.0163381995045639 5.537101053848084 1.0759265414916415
decision_type=2 2 2 2 2 2 2 2 2 2 2
left_child=1 -1 10 -4 5 7 -7 -2 9 -6 -3
right_child=4 2 3 -5 8 6 -8 -9 -10 -11 -12
leaf_value=-0.021615060308323622 -0.0068268494957867418 0.0022151872012676479 -0.0029797824446361719 0.0020901944338304894 -0.011215299443263329 -0.00035981192115076117 0.015926427987301182 0.0034416255099845626 0.0043995254371918995 9.5943767137807095e-05 0.015184253525738751
leaf_weight=20.223719045519829 538.61171354353428 683.6576469540596 2452.5739382505417 458.66362154483795 289.11362834274769 149.71436317265034 50.117811247706413 59.464721098542213 23.124876379966736 35.70424222946167 20.429249539971352
leaf_count=85 2437 3228 11358 2149 1275 694 249 276 108 167 103
internal_value=-0.00226227 -0.00136895 -0.00123193 -0.00217924 -0.00508198 -0.00334117 0.00395715 -0.00578981 -0.0089907 -0.00998592 0.00267514
internal_weight=4781.4 3635.55 3615.32 2911.24 1145.85 797.909 199.832 598.076 347.943 324.818 704.087
internal_count=22129 16923 16838 13507 5206 3656 943 2713 1550 1442 3331
is_linear=0
shrinkage=0.02


Tree=42
num_leaves=14
num_cat=0
split_feature=3 5 3 0 7 4 7 7 3 5 3 5 5
split_gain=64.3747 30.694 30.8526 58.052 24.6862 19.4459 23.2921 19.1178 17.062 15.689 13.5511 13.4275 11.5498
threshold=29.635000228881839 2.3358949370714415 24.710000038146976 0.93426117931923836 9.4476757798085913 37.974297794166766 8.8409948576641337 -1.6306441050129219 26.284999847412113 3.7272411560608103 34.385000228881843 2.6714629612293783 1.6467777308872515
decision_type=2 2 2 2 2 2 2 2 2 2 2 2 2
left_child=1 2 4 -4 -1 8 -7 10 -3 11 12 -9 -2
right_child=7 5 3 -5 -6 6 -8 9 -10 -11 -12 -13 -14
leaf_value=-0.0011513562629512765 0.018640986870078216 -0.0066190268269880163 0.0061979059549521365 -0.013665775833095811 0.016122418760979487 0.007193425397926119 -0.0059491383963116116 -0.0009689936796190478 0.0013039235968993427 -0.018505014072047136 0.021855720553173665 0.015794925215994741 0.0050926306158865023
leaf_weight=2535.9935588985682 27.166251420974731 1265.7636639177799 80.440526321530342 197.1718784570694 29.541983261704445 103.44340068101883 104.35231198370457 94.551999568939209 117.59273628890514 12.391301825642584 27.89820522069931 19.82934096455574 165.30949050188065
leaf_count=11772 147 5688 380 870 148 493 473 456 545 54 171 103 829
internal_value=-0.002217 -0.00286759 -0.00161898 -0.00790383 -0.000927662 -0.00508902 0.000605693 0.00603145 -0.00594372 -0.000171556 0.00953925 0.00237273 0.00734544
internal_weight=4781.45 4434.3 2843.15 277.612 2565.54 1591.15 207.796 347.147 1383.36 126.773 220.374 114.381 192.476
internal_count=22129 20369 13170 1250 11920 7199 966 1760 6233 613 1147 559 976
is_linear=0
shrinkage=0.02


Tree=43
num_leaves=13
num_cat=0
split_feature=3 5 6 5 7 7 3 3 7 4 6 7
split_gain=62.1646 29.3116 32.7665 40.6856 23.9901 18.9213 17.6218 16.214 16.5741 15.7306 12.0349 5.16547
threshold=30.185000419616703 2.8390749047057846 5.6226682318084089 1.798153181429732 8.0325609048914934 1.1087358278738824 24.159999847412113 34.385000228881843 3.6688563057861305 43.963538321007725 -3.8598206466957881 -0.46308118952088739
decision_type=2 2 2 2 2 2 2 2 2 2 2 2
left_child=1 2 3 -1 -4 6 -3 8 10 -7 -2 -9
right_child=7 5 4 -5 -6 9 -8 11 -10 -11 -12 -13
leaf_value=-0.00079904600678267087 0.0015483991846370721 -0.0055368837194704002 0.00045583020326127126 -0.0057869645115960549 0.011591701738636889 -0.010311956527673027 0.0021383789012690232 0.02148101798072978 -0.013566676748187336 0.0002796308661862409 0.010833361977722174 0.0051805485624044478
leaf_weight=1526.0184243023396 118.09970121085644 398.06989607214928 730.73314267396927 1142.8782279640436 82.59949117898941 384.11314482986927 167.80541469156742 31.695263251662254 14.949457123875616 65.322274297475815 104.6619291305542 13.969430252909659
leaf_count=7098 581 1798 3404 5185 403 1699 789 194 65 304 537 72
internal_value=-0.00217211 -0.00274626 -0.00187043 -0.00294044 0.00163795 -0.00573098 -0.00326182 0.0068517 0.00458875 -0.00878366 0.00602497 0.0173133
internal_weight=4780.92 4497.54 3482.23 2668.9 813.333 1015.31 565.875 283.376 237.711 449.435 222.762 45.6647
internal_count=22129 20680 16090 12283 3807 4590 2587 1449 1183 2003 1118 266
is_linear=0
shrinkage=0.02


Tree=44
num_leaves=15
num_cat=0
split_feature=3 4 3 7 7 7 6 6 7 3 3 6 7 7
split_gain=59.876 22.8717 22.3924 61.5335 56.0542 18.3437 13.6979 12.8488 11.7656 10.0123 7.78485 9.65104 6.42445 1.25984
threshold=29.635000228881839 11.339207192441407 19.23499965667725 -0.13948335025332295 -2.2274903753884145 -1.6306441050129219 -21.13752390320666 -2.232699916521891 3.6688563057861305 34.385000228881843 16.479999542236332 -5.7847248146630328 -1.1847032642922142 -0.50471701012100845
decision_type=2 2 2 2 2 2 2 2 2 2 2 2 2 2
left_child=1 10 4 -4 -3 6 -2 13 -9 -8 12 -12 -1 -7
right_child=5 2 3 -5 -6 7 9 8 -10 -11 11 -13 -14 -15
leaf_value=-0.022735825104164404 -0.006332368692152127 -0.0067360912644510553 -0.00026759241651535658 -0.0080246805131144235 0.00025646366175255885 -0.0019549959971368199 0.008677881227703757 0.0089739014552727685 -0.0095995371184305085 0.021812234286708969 -0.017879694865232169 -0.00261724311374363 -0.0091261525648093939 -0.0092092282086562189
leaf_weight=24.793574512004852 17.997949242591858 587.39915634691715 787.995894536376 847.22602711617947 2040.3099965006113 15.759101390838621 175.17330206930637 59.052636355161667 13.882929533720015 26.219292491674423 17.379226729273796 82.448812216520309 46.713484659790993 37.925807222723961
leaf_count=104 84 2647 3653 3784 9522 78 899 297 62 164 74 376 209 176
internal_value=-0.00212865 -0.00275516 -0.0024613 -0.0042964 -0.00131452 0.00584017 0.0092873 -0.00023406 0.00512325 0.0107793 -0.00984387 -0.00586076 -0.0147995 -0.00736299
internal_weight=4780.28 4434.27 4262.93 1635.22 2627.71 346.011 219.391 126.62 72.9356 201.393 171.335 99.828 71.5071 53.6849
internal_count=22129 20369 19606 7437 12169 1760 1147 613 359 1063 763 450 313 254
is_linear=0
shrinkage=0.02


Tree=45
num_leaves=13
num_cat=0
split_feature=3 5 6 5 7 7 3 3 7 4 6 2
split_gain=57.8363 28.162 31.2673 38.8494 23.0789 18.1967 16.6084 15.6404 15.6219 15.0134 11.4223 7.63099
threshold=30.185000419616703 2.8390749047057846 5.6226682318084089 1.798153181429732 8.0325609048914934 1.1087358278738824 24.159999847412113 34.385000228881843 3.6688563057861305 43.963538321007725 -3.8598206466957881 1.0213692218344039
decision_type=2 2 2 2 2 2 2 2 2 2 2 2
left_child=1 2 3 -1 -4 6 -3 8 10 -7 -2 -9
right_child=7 5 4 -5 -6 9 -8 11 -10 -11 -12 -13
leaf_value=-0.00073470239398692712 0.0014579365852380286 -0.0053542340141819493 0.00048630527571413764 -0.0056084607713214841 0.011413959468421052 -0.010055215826033801 0.0020975088682102985 0.0031039540557336424 -0.013205509352534266 0.00029126719956854794 0.010513326303533113 0.021848035413120078
leaf_weight=1526.0977123379707 117.95402354001999 398.06991863250732 730.70239309966564 1142.9477258473635 82.511444374918938 383.80866464972496 167.75657773017883 13.450764685869215 14.945901051163672 65.327445462346077 104.22596295177937 31.684097409248352
leaf_count=7098 581 1798 3404 5185 403 1699 789 73 65 304 537 193
internal_value=-0.00208732 -0.00264014 -0.00178187 -0.00282703 0.0016455 -0.00556627 -0.00314572 0.00663458 0.00441855 -0.00856102 0.00581668 0.0169695
internal_weight=4779.48 4497.22 3482.26 2669.05 813.214 1014.96 565.826 282.261 237.126 449.136 222.18 45.1349
internal_count=22129 20680 16090 12283 3807 4590 2587 1449 1183 2003 1118 266
is_linear=0
shrinkage=0.02


Tree=46
num_leaves=14
num_cat=0
split_feature=3 5 6 5 5 5 3 3 6 1 2 4 3
split_gain=55.6872 27.0801 30.0451 37.3089 20.0172 17.0659 15.2758 13.5469 7.58357 7.92559 7.47004 6.6645 4.44697
threshold=30.185000419616703 2.8390749047057846 5.6226682318084089 1.798153181429732 1.9921265064564058 5.827843798816259 34.385000228881843 22.310000419616703 -15.209843477547983 1.2608949459780303 1.0213692218344039 24.083543908762884 32.664999008178718
decision_type=2 2 2 2 2 2 2 2 2 2 2 2 2
left_child=1 2 3 -1 -4 7 8 -3 9 -2 -8 -7 -10
right_child=6 5 4 -5 -6 11 10 -9 12 -11 -12 -13 -14
leaf_value=-0.00072001108267154236 -0.012675726351371578 -0.00765971792143372 -0.0011462638947816299 -0.0054959257931822582 0.0051535990502278731 0.013743189410684102 0.0030583928979935277 -0.0023472948105042117 0.0074404148434739428 0.0056429642083752774 0.021624123242564512 0.00017796143139725719 0.00074861335744537134
leaf_weight=1526.1728940010071 16.470571294426922 674.75977966189384 458.36332036554813 1143.1040495485067 354.73688371479511 16.609829232096672 13.437837406992911 274.20996786653996 151.4125309586525 14.30229042470455 31.41605469584465 49.123880326747894 54.656428515911102
leaf_count=7098 74 3018 2136 5185 1671 81 73 1262 766 70 193 229 273
internal_value=-0.00204559 -0.00258756 -0.00174604 -0.00277044 0.001614 -0.00545738 0.00652168 -0.00614096 0.00433498 -0.00449201 0.0167678 0.00419738 0.00571357
internal_weight=4778.78 4497.08 3482.38 2669.28 813.1 1014.7 281.696 948.97 236.842 30.7729 44.8539 65.7337 206.069
internal_count=22129 20680 16090 12283 3807 4590 1449 4280 1183 144 266 310 1039
is_linear=0
shrinkage=0.02


Tree=47
num_leaves=14
num_cat=0
split_feature=3 5 3 0 5 7 5 2 5 5 6 3 2
split_gain=53.7583 26.4075 31.4148 42.0119 21.8922 17.773 15.5653 16.8651 14.8575 13.2228 13.1446 9.51199 8.43178
threshold=29.635000228881839 2.8390749047057846 24.710000038146976 0.95021858819286042 0.61369473495398175 -1.6306441050129219 5.537101053848084 1.0764460274469365 3.7272411560608103 2.6397727287631709 -21.13752390320666 34.385000228881843 1.0510795290148043
decision_type=2 2 2 2 2 2 2 2 2 2 2 2 2
left_child=1 2 4 -4 -1 10 7 -3 9 -7 -2 -12 -8
right_child=5 6 3 -5 -6 8 12 -9 -10 -11 11 -13 -14
leaf_value=-0.01983773480874185 -0.0063152846517699245 -0.0069321190994177332 0.0001941482413805263 -0.013637403656094088 -0.00096296216939089295 -0.0014135504800747297 0.0057754931884240373 0.0037680892500503611 -0.018245845266987765 0.014721141961071308 0.0084057329448809677 0.021317299186238207 -0.00998833555449259
leaf_weight=20.792602941393852 17.986243948340416 851.89845781028271 159.75784453749657 190.82490949332714 3069.7285922169685 92.005764126777649 67.133466079831123 60.823632299900055 12.386393100023268 21.874427393078804 174.50041854381561 25.599574476480484 12.966337382793425
leaf_count=88 84 3822 738 840 14219 445 318 286 54 114 899 164 58
internal_value=-0.0020044 -0.0025968 -0.0017639 -0.00740338 -0.00111543 0.00556553 -0.00546493 -0.00620573 -0.000412934 0.00208001 0.00897201 0.010443 0.00286999
internal_weight=4778.28 4433.93 3441.1 350.583 3090.52 344.353 992.822 912.722 126.267 113.88 218.086 200.1 80.0998
internal_count=22129 20369 15885 1578 14307 1760 4484 4108 613 559 1147 1063 376
is_linear=0
shrinkage=0.02


Tree=48
num_leaves=14
num_cat=0
split_feature=3 5 3 3 4 3 1 3 1 0 2 5 0
split_gain=51.769 25.0046 27.0006 37.4851 31.3128 16.0899 26.0412 14.7312 9.79559 8.6995 7.38015 6.18778 6.05012
threshold=30.185000419616703 2.8390749047057846 19.23499965667725 19.744999885559086 11.813083207946184 22.310000419616703 1.2068645499005688 34.385000228881843 1.0506455013864753 0.99325892923187264 1.0213692218344039 2.2886842553212818 0.87196947395050461
decision_type=2 2 2 2 2 2 2 2 2 2 2 2 2
left_child=1 2 4 -4 -1 6 -3 9 -7 12 -9 -11 -2
right_child=7 5 3 -5 -6 8 -8 10 -10 11 -12 -13 -14
leaf_value=-0.0098068052517836946 -0.0041503176939532175 -0.0077762064181415846 -0.014419782242776709 -0.0028468515705028798 0.00027926866532091267 0.0023773610630891248 0.0083024296203990915 0.0028471219216463445 -0.0048253688644826973 -0.0086702762273759646 0.021298053285064861 0.0063328860241563057 0.0070844349987504024
leaf_weight=126.92935632169247 18.844646602869034 680.06499239802361 120.28690674901009 1173.4044341742992 2062.0241267383099 145.45585463941097 39.630324423313141 13.361839219927786 149.19734972715378 28.730119436979294 30.96823625266552 13.107901036739348 175.63512217998505
leaf_count=568 91 3039 527 5370 9625 676 190 73 685 137 193 66 889
internal_value=-0.00196495 -0.00248661 -0.00167815 -0.00396403 -0.000322407 -0.00524488 -0.00684983 0.00631148 -0.00128552 0.00417099 0.0164326 -0.00382732 0.00593411
internal_weight=4777.64 4496.99 3482.64 1293.69 2188.95 1014.35 719.695 280.648 294.653 236.318 44.3301 41.838 194.48
internal_count=22129 20680 16090 5897 10193 4590 3229 1449 1361 1183 266 203 980
is_linear=0
shrinkage=0.02


Tree=49
num_leaves=15
num_cat=0
split_feature=7 5 5 6 2 5 6 7 5 7 1 6 5 5
split_gain=27.6595 27.5325 24.7666 23.7136 22.7583 17.7096 35.4428 22.0582 18.7424 13.5454 10.0174 15.928 9.17309 6.97931
threshold=2.9665148163169253 1.3207456005243199 0.61369473495398175 7.8271810678126785 1.0764460274469365 2.8390749047057846 10.074550115621165 8.0325609048914934 2.4717546029008655 2.01620415693893 0.93964144339677713 20.066886094414432 4.1839063022394791 3.7690512268518703
decision_type=2 2 2 2 2 2 2 2 2 2 2 2 2 2
left_child=1 2 -1 4 -3 6 8 -8 -2 -4 11 -7 -5 -12
right_child=5 3 9 12 -6 10 7 -9 -10 -11 13 -13 -14 -15
leaf_value=-0.018602705663457279 -0.0058334980002751344 -0.0030207443839323205 0.0019653694879032337 0.0044004797515099729 0.0058840118139438357 -0.013792616796335779 0.0006027100021820782 0.015234274245604636 0.0045709700448015988 0.0095325272263431203 0.0020989277243474249 -0.0040596259628265571 -0.0054876289315679509 -0.0089356509057805494
leaf_weight=17.462446048855782 732.52583886682987 2228.911602139473 567.6135166734457 287.81661394238472 117.39460343122482 164.63631434738636 177.02548049390316 49.864042118191719 73.504194229841232 110.443458750844 58.075233489274979 119.42854484915733 39.595694437623024 32.701867759227753
leaf_count=74 3332 10299 2678 1357 583 720 824 249 343 534 268 543 180 145
internal_value=-0.00192596 -0.000939976 0.00259479 -0.00186199 -0.00256595 -0.00427639 -0.0029053 0.00402654 -0.0048668 0.0032466 -0.007984 -0.0098138 0.00315286 -0.00208556
internal_weight=4777 3369.24 695.519 2673.72 2346.31 1407.76 1032.92 226.89 806.03 678.057 374.842 284.065 327.412 90.7771
internal_count=22129 15705 3286 12419 10882 6424 4748 1073 3675 3212 1676 1263 1537 413
is_linear=0
shrinkage=0.02


Tree=50
num_leaves=13
num_cat=0
split_feature=3 4 3 3 0 3 3 6 6 3 0 4
split_gain=49.9262 21.5567 20.2316 48.2937 32.8839 16.6284 17.5432 8.30997 7.63912 9.58632 7.23946 4.29741
threshold=29.635000228881839 11.339207192441407 19.23499965667725 19.920000076293949 0.95021858819286042 33.545000076293952 33.36000061035157 -15.209843477547983 -6.2275768393392879 16.479999542236332 0.90293575061171916 20.124683601239138
decision_type=2 2 2 2 2 2 2 2 2 2 2 2
left_child=1 8 4 -4 -3 6 7 -2 -1 -10 -7 -12
right_child=5 2 3 -5 -6 10 -8 -9 9 -11 11 -13
leaf_value=-0.019411091004213916 -0.0049405210072952909 -0.0028825454528757788 -0.012794621088663695 -0.0025805531592465163 0.0016907859964560993 -0.00039366226580139291 -0.017037582241625288 0.0055832638586015308 -0.012953122999180172 -0.0026714154571900622 0.005714778116713881 0.019362846517689075
leaf_weight=23.263739943504333 31.375967040657997 1593.7145836949348 209.49514544010162 1425.2844948619604 1033.7414729893208 12.259885743260382 12.563731595873831 225.63598442077637 63.175071150064468 84.730257645249367 16.744192078709602 44.797508716583252
leaf_count=99 146 7324 923 6514 4845 63 54 1136 278 386 90 271
internal_value=-0.00188778 -0.00245801 -0.00217307 -0.00391751 -0.00108339 0.00541815 0.00301612 0.0042425 -0.00934173 -0.0072885 0.0135859 0.0162249
internal_weight=4776.78 4433.4 4262.24 1634.78 2627.46 343.377 269.576 257.012 171.169 147.905 73.8016 61.5417
internal_count=22129 20369 19606 7437 12169 1760 1336 1282 763 664 424 361
is_linear=0
shrinkage=0.02


Tree=51
num_leaves=14
num_cat=0
split_feature=7 5 4 4 5 5 4 5 6 2 6 5 5
split_gain=26.3417 26.284 32.89 25.273 26.3607 23.9888 21.038 20.5937 18.2303 9.32793 5.50654 5.12669 14.5969
threshold=2.9665148163169253 1.3207456005243199 10.754634089682572 43.389781007442217 3.364076494609503 0.61369473495398175 27.862997860926551 1.1634512293818389 7.8271810678126785 1.0222853258109474 3.2434123995646718 5.537101053848084 4.3971706572797453
decision_type=2 2 2 2 2 2 2 2 2 2 2 2 2
left_child=1 5 10 4 7 -1 -7 -2 -4 -6 -3 12 -5
right_child=3 2 8 11 9 6 -8 -9 -10 -11 -12 -13 -14
leaf_value=-0.018302660431511363 -0.011784069803699077 -0.016355263890300949 -0.0020152589559954614 0.0032950851930695943 -0.015165722856165464 0.0017090571938247357 0.011523522469141526 -0.0029546951377339924 0.0030411825936464275 -0.0042746793985742196 -0.0026661033059008012 0.01138505781021994 -0.014805917849349965
leaf_weight=17.4505735039711 116.24695470929146 66.408235549926758 2268.2326649427414 157.61806990206242 125.83052198588848 578.48649947345257 99.366841569542885 925.73385187983513 322.53656619787216 46.790042757987976 16.214160159230232 19.195002302527428 16.055270805954933
leaf_count=74 518 288 10543 748 548 2725 487 4235 1514 211 74 95 69
internal_value=-0.00185097 -0.000888745 -0.00178962 -0.00414495 -0.00521103 0.00256548 0.00320693 -0.00398103 -0.00138204 -0.0123773 -0.013916 0.00253817 0.00132608
internal_weight=4776.17 3368.7 2673.39 1407.47 1214.6 695.304 677.853 1041.98 2590.77 172.621 82.6224 192.868 173.673
internal_count=22129 15705 12419 6424 5512 3286 3212 4753 12057 759 362 912 817
is_linear=0
shrinkage=0.02


Tree=52
num_leaves=14
num_cat=0
split_feature=3 5 3 7 6 6 5 6 7 5 5 6 3
split_gain=47.9768 24.1531 36.5529 54.5609 29.8585 29.5979 41.9286 27.3602 17.0644 14.3335 12.7864 12.499 9.03425
threshold=29.635000228881839 1.91877429543808 19.35000038146973 -0.74832809513431264 1.0441331416203961 5.5266076450192223 2.8390749047057846 -12.062758459806249 -1.6306441050129219 3.7272411560608103 2.6714629612293783 -21.13752390320666 34.385000228881843
decision_type=2 2 2 2 2 2 2 2 2 2 2 2 2
left_child=1 2 4 -4 -1 7 -7 -3 11 10 -10 -2 -13
right_child=8 5 3 -5 -6 6 -8 -9 9 -11 -12 12 -14
leaf_value=0.0037879979584420184 -0.0061950428714008157 0.00066767235856174975 0.0031190073547536813 -0.0086425638522593315 -0.0019373616546811928 0.0040116262780851867 -0.005152529991896233 -0.0066372818521471932 -0.0012968095234751427 -0.018016146580239364 0.015131602522100971 0.0081706585901082773 0.02086440681414287
leaf_weight=733.56587453186512 17.987062394618988 244.18693195283413 237.8207103908062 454.96994431316853 716.49394705891609 387.59876844286919 403.6203458160162 1254.6691845655441 94.054344639182091 12.385972425341604 19.574075773358345 173.88187171518803 24.997663125395775
leaf_count=3469 84 1131 1119 2027 3336 1820 1824 5643 456 54 103 899 164
internal_value=-0.00181505 -0.00237375 -0.000845143 -0.00461033 0.000961474 -0.00380012 -0.000665638 -0.00544858 0.00535216 -0.000504993 0.00195153 0.00870308 0.0101461
internal_weight=4775.81 4432.93 2142.85 692.791 1450.06 2290.08 791.219 1498.86 342.881 126.014 113.628 216.867 198.88
internal_count=22129 20369 9951 3146 6805 10418 3644 6774 1760 613 559 1147 1063
is_linear=0
shrinkage=0.02


Tree=53
num_leaves=13
num_cat=0
split_feature=3 4 7 3 4 3 7 3 3 2 2 2
split_gain=46.3053 19.9746 26.6125 46.9712 23.8802 13.8091 14.6122 13.3427 24.7978 7.25186 7.24794 6.20132
threshold=30.185000419616703 43.963538321007725 3.9022811370281847 18.904999732971195 11.813083207946184 34.385000228881843 2.6354015652394094 14.614999771118166 18.380000114440922 1.0526857021725469 1.0213692218344039 0.97052990326292032
decision_type=2 2 2 2 2 2 2 2 2 2 2 2
left_child=1 2 4 -4 -1 6 9 11 -9 -2 -7 -3
right_child=5 7 3 -5 -6 10 -8 8 -10 -11 -12 -13
leaf_value=-0.0080396094142341328 0.0078255296382863 0.0024499804230091286 -0.0016523996759851825 -0.010897825993000496 -0.0013025881075850283 0.0025527020723686918 -0.0094542512613333806 -0.0087087175370622726 0.0089469246382829857 -0.0007101297106483931 0.02083674209258617 0.013474555693150489
leaf_weight=221.71974146366119 158.78051587939262 34.842253968119621 514.29120524227619 382.1358779668808 3168.5514188855886 13.256860181689261 25.013002783060074 65.57716566324234 54.655776217579842 51.873000293970108 30.312685608863831 53.695379570126534
leaf_count=995 817 166 2363 1689 14640 73 112 299 264 254 193 264
internal_value=-0.00177901 -0.00227143 -0.00256641 -0.00562452 -0.00175214 0.00606874 0.00400503 0.0037197 -0.00065312 0.00574958 0.0159559 0.00942949
internal_weight=4774.7 4495.47 4286.7 896.427 3390.27 279.236 235.667 208.771 120.233 210.654 43.5695 88.5376
internal_count=22129 20680 19687 4052 15635 1449 1183 993 563 1071 266 430
is_linear=0
shrinkage=0.02


Tree=54
num_leaves=14
num_cat=0
split_feature=3 4 4 4 3 3 3 3 3 0 2 6 4
split_gain=44.5874 19.2268 17.3258 21.4915 13.5246 17.6623 12.8649 23.8767 7.89188 7.03581 5.98558 5.77469 4.20647
threshold=30.185000419616703 43.963538321007725 11.339207192441407 18.406680754728004 33.545000076293952 33.36000061035157 14.614999771118166 18.380000114440922 16.479999542236332 0.90293575061171916 0.97052990326292032 -15.209843477547983 20.124683601239138
decision_type=2 2 2 2 2 2 2 2 2 2 2 2 2
left_child=1 2 8 -4 5 11 10 -8 -1 -6 -3 -2 -11
right_child=4 6 3 -5 9 -7 7 -9 -10 12 -12 -13 -14
leaf_value=-0.013637668842086564 -0.0037138767614115849 0.0024065610476416829 -0.00012519102540666934 -0.003232590661276534 -0.00058575800098048124 -0.016739163030395163 -0.0085388115080212105 0.0087865620506099897 -0.004763911014274049 0.0054367596627592062 0.013241056219639526 0.0061455652653323502 0.018912402091097735
leaf_weight=71.325064465403557 24.833608031272888 34.83371664583683 1302.3526124060154 2812.1040905416012 12.208700805902479 12.556965276598929 65.623500972986221 54.613655984401703 100.77301104366779 16.633505016565323 53.620714962482452 168.41616854071617 44.022842451930046
leaf_count=313 116 166 6031 12887 63 54 299 264 456 90 264 855 271
internal_value=-0.00174345 -0.00222622 -0.00251558 -0.00225008 0.00596548 0.00321897 0.00365283 -0.00063982 -0.00866783 0.0131518 0.0092631 0.00482896 0.015782
internal_weight=4773.92 4495.25 4286.55 4114.46 278.672 205.807 208.692 120.237 172.098 72.865 88.4544 193.25 60.6563
internal_count=22129 20680 19687 18918 1449 1025 993 563 769 424 430 971 361
is_linear=0
shrinkage=0.02


Tree=55
num_leaves=14
num_cat=0
split_feature=3 5 3 0 7 7 5 3 1 3 5 6 3
split_gain=43.0477 23.1378 26.8408 54.066 22.2753 16.3245 13.7928 12.6421 25.9879 13.4695 12.4462 11.8035 8.67931
threshold=29.635000228881839 2.3358949370714415 24.710000038146976 0.93426117931923836 9.4476757798085913 -1.6306441050129219 3.7272411560608103 16.355000495910648 1.2217496471219385 18.640000343322757 2.6397727287631709 -21.13752390320666 34.385000228881843
decision_type=2 2 2 2 2 2 2 2 2 2 2 2 2
left_child=1 2 4 -4 -1 11 10 8 -3 -9 -7 -2 -13
right_child=5 7 3 -5 -6 6 -8 9 -10 -11 -12 12 -14
leaf_value=-0.00072267754909535655 -0.0060755696686621147 -0.0072295934332050121 0.0065697505651668934 -0.012584811160082393 0.01572106791809956 -0.0015892555413123599 -0.017803987053286632 0.0014145636709809576 0.015469235158370896 -0.0040544418194248168 0.01412252853421601 0.0078787953866700008 0.020421046586913391
leaf_weight=2537.0916127413511 17.988592177629471 577.01589372754097 80.457106858491898 197.04783563315868 29.388881668448448 91.675214022397995 12.381847828626631 233.40048767626286 17.248147130012512 760.61672516167164 21.634371355175972 173.10938800871372 24.386365666985512
leaf_count=11772 84 2585 380 870 148 445 54 1076 85 3453 114 899 164
internal_value=-0.00170867 -0.00223676 -0.00115407 -0.00701688 -0.000510208 0.00509828 -0.000629898 -0.00416766 -0.00647175 -0.00276977 0.00178988 0.0083901 0.00980213
internal_weight=4773.44 4432.27 2843.99 277.505 2566.48 341.176 125.691 1588.28 594.264 994.017 113.31 215.484 197.496
internal_count=22129 20369 13170 1250 11920 1760 613 7199 2670 4529 559 1147 1063
is_linear=0
shrinkage=0.02


Tree=56
num_leaves=14
num_cat=0
split_feature=3 5 3 7 6 4 6 6 7 6 3 5 5
split_gain=41.4227 22.5104 34.2486 52.2622 28.917 28.6355 33.4593 25.4238 15.8429 11.3247 7.95464 4.98356 7.92547
threshold=29.635000228881839 1.91877429543808 19.35000038146973 -0.74832809513431264 1.0441331416203961 25.664710998781864 4.8242164760780479 -11.486415025514599 0.58889869507675607 -21.13752390320666 34.385000228881843 3.0548635069197405 2.3003741921890613
decision_type=2 2 2 2 2 2 2 2 2 2 2 2 2
left_child=1 2 4 -4 -1 6 -3 -7 9 -2 -11 12 -10
right_child=8 5 3 -5 -6 7 -8 -9 11 10 -12 -13 -14
leaf_value=0.0038130978720625147 -0.0068461117995297248 -0.007178898781801878 0.0031988443069750102 -0.0083116425306932334 -0.0018207783613700065 0.0071763458817499792 -0.00035990848960175474 -0.0021670994497251929 -0.00583637675049816 0.0067316122171703708 0.017437389481895351 -0.013016275730060792 0.0086650168152635487
leaf_weight=733.58291447162628 18.478665485978127 1036.4226533323526 237.86059404909611 454.64360101521015 716.81244090199471 134.87910676002502 398.51660837233067 719.34130603075027 36.858103334903717 221.98959602415562 30.752714157104492 12.592606484889982 19.901796877384186
leaf_count=3469 86 4650 1119 2027 3336 640 1833 3295 171 1145 201 56 101
internal_value=-0.00167423 -0.00219186 -0.000716555 -0.00436237 0.00103138 -0.00356925 -0.00529137 -0.000665223 0.00500924 0.00717016 0.00828563 -0.00337177 -0.000516028
internal_weight=4772.63 4432.06 2142.9 692.504 1450.4 2289.16 1434.94 854.22 340.573 271.221 252.742 69.3525 56.7599
internal_count=22129 20369 9951 3146 6805 10418 6483 3935 1760 1432 1346 328 272
is_linear=0
shrinkage=0.02


Tree=57
num_leaves=14
num_cat=0
split_feature=3 5 3 6 4 3 1 1 3 2 6 1 3
split_gain=39.9587 21.2817 23.702 24.5477 23.0883 22.0394 18.1283 14.2889 12.8847 7.27215 6.22583 7.74434 4.09732
threshold=30.185000419616703 2.4076122658361645 19.23499965667725 2.4570013787670213 37.974297794166766 22.310000419616703 0.8460166140905746 0.85184064117230929 34.385000228881843 1.0279798806867124 -15.209843477547983 1.2608949459780303 32.664999008178718
decision_type=2 2 2 2 2 2 2 2 2 2 2 2 2
left_child=1 2 6 -4 5 -3 -1 -6 10 -10 11 -2 -12
right_child=8 4 3 -5 7 -7 -8 -9 9 -11 12 -13 -14
leaf_value=0.015773191732677664 -0.012390821715829222 -0.0066151663821580591 -0.0055385863953280124 0.00088276318912947798 -0.0027177774542082355 -0.00086937111897686565 -5.11502174794215e-06 0.0076973407517063729 0.003115950872637478 0.020911551188195109 0.0066268775886523914 0.0057163164637000687 0.00021000105048512495
leaf_weight=25.588756412267685 16.442989975214008 941.51520842313766 732.32183334231377 350.498678997159 108.90621191263199 373.98923434317112 1866.2759140580893 95.413314372301102 15.267589747905729 27.28062392771244 149.69492180645466 14.275059178471563 54.074073135852814
leaf_count=130 74 4222 3319 1622 499 1724 8708 456 86 180 766 70 273
internal_value=-0.00164108 -0.00209694 -0.00111059 -0.00346446 -0.00401949 -0.00498926 0.000241126 0.00220029 0.00567913 0.0153424 0.00369778 -0.00428709 0.00496086
internal_weight=4771.54 4494.51 2974.69 1082.82 1519.82 1315.5 1891.86 204.32 277.035 42.5482 234.487 30.718 203.769
internal_count=22129 20680 13779 4941 6901 5946 8838 955 1449 266 1183 144 1039
is_linear=0
shrinkage=0.02


Tree=58
num_leaves=12
num_cat=0
split_feature=3 7 3 5 5 3 7 5 0 1 5
split_gain=38.8524 19.6189 46.6594 29.8884 28.7306 30.5203 25.1443 20.3358 6.78851 1.79544 0.967922
threshold=33.545000076293952 2.9665148163169253 19.314999580383304 2.8390749047057846 1.7009565327806742 21.884999275207523 7.134095639024741 0.61369473495398175 0.90293575061171916 1.0327724648634165 2.3611755088174062
decision_type=2 2 2 2 2 2 2 2 2 2 2
left_child=1 4 3 -3 7 -6 -4 -1 -2 -10 -11
right_child=8 2 6 -5 5 -7 -8 -9 9 10 -12
leaf_value=-0.01796173610492471 -0.00082398725749734342 0.0010084530837301134 -0.011554068943666092 -0.0071693173410729699 -0.0043490307063722292 0.00071295726161690388 -0.0012583511964351843 0.0016943579343820505 0.0053710681622013588 0.010268509830086715 0.020480714416316301
leaf_weight=17.433051913976669 12.138394489884375 676.08388043940067 353.61723907291889 238.66302342712879 1274.5034768283367 757.85619969666004 130.59085884690285 1250.2715591490269 11.314731717109678 21.979978710412979 26.209266796708107
leaf_count=74 63 3162 1559 1070 5786 3570 598 5886 59 134 168
internal_value=-0.00160799 -0.00183543 -0.00381708 -0.0011471 -0.000991769 -0.00246375 -0.00881038 0.00136841 0.0126178 0.015239 0.0169668
internal_weight=4770.66 4699.02 1398.96 914.747 3300.06 2032.36 484.208 1267.7 71.6424 59.504 48.1892
internal_count=22129 21705 6389 4232 15316 9356 2157 5960 424 361 302
is_linear=0
shrinkage=0.02


Tree=59
num_leaves=12
num_cat=0
split_feature=3 7 3 5 5 6 7 5 2 7 6
split_gain=37.6474 18.8625 44.8736 28.7376 27.5817 24.3624 24.1967 22.5454 6.73154 2.26508 4.17971
threshold=33.545000076293952 2.9665148163169253 19.314999580383304 2.8390749047057846 1.3207456005243199 7.8271810678126785 7.134095639024741 0.61369473495398175 0.99124849052394082 -2.4040739446015524 -2.1634139817974569
decision_type=2 2 2 2 2 2 2 2 2 2 2
left_child=1 4 3 -3 7 -6 -4 -1 -2 -10 -11
right_child=8 2 6 -5 5 -7 -8 -9 9 10 -12
leaf_value=-0.01768405198389662 -0.0012726040139533141 0.00098847320408055315 -0.011335337453452844 -0.0070318916731976376 -0.0026419693341179118 0.0032002502747201927 -0.0012340373204906029 0.0031878660776435874 0.018597477350253341 -0.00042762876567606757 0.014649904237283325
leaf_weight=17.415641516447067 11.403807953000067 676.03583192825317 353.31223030388355 238.54013143479824 2284.3176088929176 322.77437873184681 130.57950477302074 675.35636059939861 34.105598315596581 12.312733605504038 13.48439674079418
leaf_count=74 59 3162 1559 1070 10530 1512 598 3200 221 68 76
internal_value=-0.00157623 -0.00179965 -0.00374315 -0.00112491 -0.000972474 -0.00191487 -0.00864194 0.00256466 0.0124589 0.014989 0.00836218
internal_weight=4769.64 4698.33 1398.47 914.576 3299.86 2607.09 483.892 692.772 71.3065 59.9027 25.7971
internal_count=22129 21705 6389 4232 15316 12042 2157 3274 424 365 144
is_linear=0
shrinkage=0.02


Tree=60
num_leaves=14
num_cat=0
split_feature=3 5 3 7 7 7 5 2 5 3 5 6 3
split_gain=37.1498 19.6059 24.7329 32.3909 21.1361 15.2052 13.0874 12.9642 21.0918 12.0782 12.0616 10.963 7.93447
threshold=29.635000228881839 2.3358949370714415 24.710000038146976 -3.0538411663945078 9.4476757798085913 -1.6306441050129219 3.7272411560608103 1.0495633945030407 5.537101053848084 21.460000038146976 2.6714629612293783 -21.13752390320666 34.385000228881843
decision_type=2 2 2 2 2 2 2 2 2 2 2 2 2
left_child=1 2 4 -4 -1 11 10 8 -3 -9 -7 -2 -13
right_child=5 7 3 -5 -6 6 -8 9 -10 -11 -12 12 -14
leaf_value=-0.00062669494563179229 -0.0059293498790192675 -0.0050042092560663434 0.0047117115662965508 -0.010652893808097445 0.015413365901284037 -0.0015046328936869561 -0.017455506656240124 0.0055774987207832952 0.0062390226960841464 -0.0047474690100429325 0.014523969768782719 0.0075480156251014046 0.019728962370264495
leaf_weight=2536.4439577311277 17.985767900943756 1341.9057561904192 71.72771643102169 205.55678901076317 29.293878465890884 93.59735780954361 12.372853830456732 103.55281113088131 66.91630856692791 74.492646098136902 19.315353184938431 172.19599243998528 23.398401692509651
leaf_count=11772 84 6057 338 912 148 456 54 486 317 339 103 899 164
internal_value=-0.001545 -0.00203433 -0.00103775 -0.00666791 -0.000419853 0.004801 -0.000727175 -0.00381271 -0.00445403 0.00124823 0.0016404 0.00799756 0.00937137
internal_weight=4768.76 4429.89 2843.02 277.285 2565.74 338.866 125.286 1586.87 1408.82 178.045 112.913 213.58 195.594
internal_count=22129 20369 13170 1250 11920 1760 613 7199 6374 825 559 1147 1063
is_linear=0
shrinkage=0.02


Tree=61
num_leaves=13
num_cat=0
split_feature=3 5 3 0 5 7 3 3 7 2 0 3
split_gain=35.7943 18.9678 20.4676 39.2796 19.5391 14.7658 15.1218 11.7359 13.1324 7.2089 7.02023 4.6651
threshold=30.185000419616703 2.8390749047057846 24.710000038146976 0.94326672955460544 0.61369473495398175 -21.245075645244849 22.310000419616703 34.385000228881843 3.6688563057861305 1.0279798806867124 0.99325892923187264 23.944999694824222
decision_type=2 2 2 2 2 2 2 2 2 2 2 2
left_child=1 2 4 -4 -1 11 -7 8 10 -9 -2 -3
right_child=7 5 3 -5 -6 6 -8 9 -10 -11 -12 -13
leaf_value=-0.018407021291981907 0.0064792863059165463 0.016158572452512225 0.0021203858823620591 -0.010693222592870722 -0.00054840955390944948 -0.0063164550010473414 -0.00081974280345622152 0.0026756133021255298 -0.012587508413130053 0.020399070773845236 -0.0027245449427614199 0.00024440899174040518
leaf_weight=20.708968043327332 180.87649014592171 13.599126651883127 158.77045008540154 232.59939607977867 3068.8173012733459 704.12483268976212 280.94087165594101 15.072651237249373 14.895648479461668 26.496805526316166 38.030325055122375 12.888796165585516
leaf_count=88 930 68 743 1040 14219 3164 1297 86 65 180 188 61
internal_value=-0.00151391 -0.00194437 -0.00124103 -0.00552615 -0.000691761 -0.00435025 -0.00475845 0.00543592 0.00355549 0.0147717 0.00486012 0.00946291
internal_weight=4767.82 4492.45 3480.9 391.37 3089.53 1011.55 985.066 275.372 233.802 41.5695 218.907 26.4879
internal_count=22129 20680 16090 1783 14307 4590 4461 1449 1183 266 1118 129
is_linear=0
shrinkage=0.02


Tree=62
num_leaves=14
num_cat=0
split_feature=3 4 5 3 7 7 5 5 5 3 5 3 5
split_gain=34.6139 18.8186 21.2269 24.4819 15.5829 14.5643 12.6937 11.6856 11.2011 9.89523 11.2735 7.4454 5.6955
threshold=29.635000228881839 11.339207192441407 2.8706803019186036 24.710000038146976 1.1087358278738824 -1.6306441050129219 3.7272411560608103 2.6714629612293783 1.4959344101272201 34.385000228881843 1.6467777308872515 14.404999732971193 0.95959099436953632
decision_type=2 2 2 2 2 2 2 2 2 2 2 2 2
left_child=1 8 3 -3 -4 9 7 -7 12 10 -2 -10 -1
right_child=5 2 4 -5 -6 6 -8 -9 11 -11 -12 -13 -14
leaf_value=-0.01100554088874571 0.017253104822520564 -0.00035969295888382889 -0.001970016530013306 -0.0060498575994673079 -0.0071540507511432096 -0.0015128682648518465 -0.01722978082367561 0.014290537054196877 -0.021402695072947689 0.019063434440091211 0.0037845173681005069 -0.0085881094399735698 0.0019142304849996128
leaf_weight=14.54821430146694 26.303668141365051 2986.8677061796188 513.80900305509567 332.61146728694439 425.3608388453722 93.526605695486069 12.373671591281889 19.219472721219063 24.8315399736166 24.10534992814064 162.25274503231049 82.755604788661003 48.451532006263733
leaf_count=64 147 13849 2347 1501 1909 456 54 103 105 171 829 369 225
internal_value=-0.00148394 -0.00195565 -0.00169003 -0.000936442 -0.00433831 0.00465198 -0.000757754 0.00157842 -0.00839621 0.00779004 0.00598276 -0.012207 -0.0015482
internal_weight=4767.02 4429.24 4258.65 3319.48 939.17 337.782 125.12 112.746 170.587 212.662 188.556 107.587 62.9997
internal_count=22129 20369 19606 15350 4256 1760 613 559 763 1147 976 474 289
is_linear=0
shrinkage=0.02


Tree=63
num_leaves=12
num_cat=0
split_feature=3 4 7 3 4 3 3 2 2 4 7
split_gain=33.7766 18.3957 28.7692 43.3071 19.1231 11.2428 24.354 6.55787 5.56532 2.85981 1.29633
threshold=33.545000076293952 43.963538321007725 3.9022811370281847 18.904999732971195 10.754634089682572 14.614999771118166 18.380000114440922 0.99124849052394082 0.97052990326292032 20.854269206750377 -0.41299782591824247
decision_type=2 2 2 2 2 2 2 2 2 2 2
left_child=1 2 4 -4 -1 8 -7 -2 -3 -9 -11
right_child=7 5 3 -5 -6 6 -8 9 -10 10 -12
leaf_value=-0.0090384116588449418 -0.0015416876162920728 0.0026407858097539246 -0.0012683828766688607 -0.010074147594821619 -0.00085917170844254133 -0.0081285567638617121 0.0087933464478042248 0.0057682131377967388 0.013145937127294519 0.019521469114338944 0.0068413723357634171
leaf_weight=114.32506631314754 11.334274396300314 34.80964682996273 513.52569733560085 393.26339231431484 3458.4029403179884 65.638944357633591 62.513218209147453 17.344943165779114 53.538658663630486 31.315620340406895 10.091911181807516
leaf_count=511 59 166 2363 1746 16052 299 304 97 264 213 55
internal_value=-0.00145485 -0.00166491 -0.00194106 -0.00511481 -0.00113072 0.00398048 0.000142333 0.0119495 0.00930052 0.0144846 0.017306
internal_weight=4766.1 4696.02 4479.52 906.789 3572.73 216.5 128.152 70.0867 88.3483 58.7525 41.4075
internal_count=22129 21705 20672 4109 16563 1033 603 424 430 365 268
is_linear=0
shrinkage=0.02


Tree=64
num_leaves=14
num_cat=0
split_feature=3 5 3 0 6 5 6 0 3 3 6 0 1
split_gain=32.7612 18.0603 29.4162 56.0113 27.776 36.5705 24.6563 22.7864 12.2907 15.481 6.97222 6.47662 1.68316
threshold=29.635000228881839 1.91877429543808 24.710000038146976 0.92762994218505102 5.5266076450192223 2.8390749047057846 -12.062758459806249 0.96066160765773945 33.545000076293952 33.36000061035157 -15.209843477547983 0.90293575061171916 1.0327724648634165
decision_type=2 2 2 2 2 2 2 2 2 2 2 2 2
left_child=1 2 7 -4 6 -6 -3 -1 9 10 -2 -10 -13
right_child=8 4 3 -5 5 -7 -8 -9 11 -11 -12 12 -14
leaf_value=-0.0017726883689251718 -0.0047187741714303181 0.0010843215150519291 0.014112737168448837 -0.013262155927319816 0.0042810338270953298 -0.0042848410312257687 -0.0058463066819161615 0.0025589627176121122 -0.0012437071504868885 -0.016329428467634407 0.0049202519734591428 0.004971391989837837 0.016122293363067676
leaf_weight=1082.4287308007479 31.348208159208298 244.06823338568211 33.551314741373062 151.31873136758804 387.43433168530464 402.30106228590012 1252.7042775154114 874.63958930969238 12.013646587729452 12.522432640194891 223.28544995188713 11.218378424644468 46.51167131960392
leaf_count=5014 146 1131 163 666 1820 1824 5643 4108 63 54 1136 59 302
internal_value=-0.00142554 -0.00188399 -0.000562646 -0.00810033 -0.00311865 -8.2133e-05 -0.0047163 0.000164454 0.00455208 0.00251405 0.00367895 0.011799 0.0144179
internal_weight=4765.35 4428.45 2141.94 184.87 2286.51 789.735 1496.77 1957.07 336.9 267.156 254.634 69.7437 57.73
internal_count=22129 20369 9951 829 10418 3644 6774 9122 1760 1336 1282 424 361
is_linear=0
shrinkage=0.02


Tree=65
num_leaves=12
num_cat=0
split_feature=7 4 5 5 4 5 5 4 7 5 5
split_gain=20.394 22.3833 21.1331 24.2164 20.0484 19.9609 19.728 15.7827 6.04316 12.8375 4.34717
threshold=3.7264803398174209 47.710586257982392 0.61369473495398175 1.2952531165681596 43.389781007442217 1.1524258533517111 3.364076494609503 23.031795572622936 6.1935679894865237 0.84188015143434292 2.8390749047057846
decision_type=2 2 2 2 2 2 2 2 2 2 2
left_child=1 2 -1 -4 5 7 -7 -2 9 -6 -10
right_child=4 -3 3 -5 8 6 -8 -9 10 -11 -12
leaf_value=-0.01944896877635514 0.0037599651002975095 0.019619898995189004 0.002668406203947404 -0.0014664722402009051 0.010317952210207546 -0.0026335418301790081 -0.010436684560474209 -0.019347688957476412 0.0073692641309615068 -0.010540191285621359 0.00040200692188228828
leaf_weight=20.10386449098587 13.267322450876234 17.641929060220718 700.8595428019762 2886.1044756472111 13.895822912454603 727.7285453826189 155.07747478783131 56.107280552387238 75.875975608825684 31.793682709336281 65.830482959747314
leaf_count=85 62 93 3317 13428 68 3327 690 241 370 143 305
internal_value=-0.00139732 -0.00066183 -0.00078265 -0.000656483 -0.00372622 -0.00490001 -0.00404517 -0.0149645 0.0022157 -0.00387655 0.00423248
internal_weight=4764.29 3624.71 3607.07 3586.96 1139.58 952.181 882.806 69.3746 187.396 45.6895 141.706
internal_count=22129 16923 16830 16745 5206 4320 4017 303 886 211 675
is_linear=0
shrinkage=0.02


Tree=66
num_leaves=12
num_cat=0
split_feature=3 7 3 5 3 5 7 5 1 5 5
split_gain=31.6303 16.4707 40.9452 25.1276 28.6235 24.7401 23.6115 17.9927 6.67457 3.70563 1.18232
threshold=33.545000076293952 2.9665148163169253 19.314999580383304 1.7009565327806742 21.884999275207523 2.8390749047057846 7.134095639024741 0.61369473495398175 0.99996576103422685 3.9019259704076275 2.3611755088174062
decision_type=2 2 2 2 2 2 2 2 2 2 2
left_child=1 3 5 7 -5 -3 -4 -1 -2 10 -10
right_child=8 2 6 4 -6 -7 -8 -9 9 -11 -12
leaf_value=-0.016816046540549526 -0.0032561182339639768 0.0010671663968423873 -0.010743384352128047 -0.0040027244645961498 0.00090028749758579607 -0.0063828472068519285 -0.00076513699367408879 0.0017134985584520658 0.010377394340974294 0.0026780060369653276 0.020509603776113165
leaf_weight=17.341965898871422 8.9478010386228544 675.97021961212158 352.15478608012199 1274.0180307030678 757.20663344860077 237.77164196968079 130.17492552101612 1249.7638126909733 26.489724092185497 11.661669470369814 22.329805836081505
leaf_count=74 44 3162 1559 5786 3570 1070 598 5886 163 69 148
internal_value=-0.00136983 -0.00157231 -0.0033902 -0.000799682 -0.00217679 -0.000890828 -0.00807882 0.00140778 0.0116602 0.0139321 0.016214
internal_weight=4763.83 4694.4 1396.07 3298.33 2031.22 913.742 482.33 1267.11 69.429 60.4812 48.8195
internal_count=22129 21705 6389 15316 9356 4232 2157 5960 424 380 311
is_linear=0
shrinkage=0.02


Tree=67
num_leaves=15
num_cat=0
split_feature=3 5 6 5 7 5 7 7 5 5 7 5 3 6
split_gain=30.7032 15.9005 25.0456 27.3976 20.0096 14.4562 14.1406 10.8491 25.2056 14.0634 7.40193 20.8544 3.36493 3.23909
threshold=30.185000419616703 2.8390749047057846 5.6226682318084089 1.798153181429732 8.0325609048914934 5.827843798816259 -21.245075645244849 -3.5256591813489844 3.9019259704076275 2.6714629612293783 -7.4916586738887014 2.9292512652333289 18.380000114440922 -11.225392884745975
decision_type=2 2 2 2 2 2 2 2 2 2 2 2 2 2
left_child=1 2 3 -1 -4 6 -3 10 9 -9 11 -2 -7 -12
right_child=7 5 4 -5 -6 12 -8 8 -10 -11 13 -13 -14 -15
leaf_value=-0.00027613707297980349 -0.0086434924153357701 0.010592228212256872 0.00089006544961291959 -0.0043695842111085596 0.011087837510870249 0.00078082080812947501 -0.0049579419380620781 0.00064295160539776274 -0.022155711280121008 0.016049802192227187 0.0037389965398654025 0.013024529440113135 0.0096938672092827197 0.016374155251599177
leaf_weight=1524.9039812535048 26.689443483948708 20.360145285725594 730.67914351820946 1141.9602774530649 82.155454337596893 37.743240222334862 923.78149162232876 106.90521140396595 12.394671112298964 26.58279874920845 12.94113005697727 39.019046947360039 27.927752822637558 48.640522032976151
leaf_count=7098 139 100 3404 5185 403 175 4180 542 55 147 67 218 135 281
internal_value=-0.00134284 -0.00174032 -0.00109664 -0.00203288 0.00197003 -0.00394527 -0.00457934 0.00512043 0.00132716 0.00408875 0.00929488 0.00423247 0.00491018 0.0141089
internal_weight=4762.68 4489.51 3479.7 2666.86 812.835 1009.81 944.142 273.173 145.883 133.488 127.29 65.7085 65.671 61.5817
internal_count=22129 20680 16090 12283 3807 4590 4280 1449 744 689 705 357 310 348
is_linear=0
shrinkage=0.02


Tree=68
num_leaves=13
num_cat=0
split_feature=3 7 3 7 3 7 6 3 1 3 0 2
split_gain=30.024 16.004 39.2455 22.6355 18.7452 42.1568 12.3759 10.5786 6.50172 1.80459 2.00005 1.52304
threshold=33.545000076293952 2.9665148163169253 19.314999580383304 7.134095639024741 14.614999771118166 -1.2817766816201781 9.6655244005915488 16.724999427795414 0.99996576103422685 34.385000228881843 0.97013787811310526 1.0360696124223912
decision_type=2 2 2 2 2 2 2 2 2 2 2 2
left_child=1 4 7 -4 5 -1 -6 -3 -2 10 -10 -11
right_child=8 2 3 -5 6 -7 -8 -9 9 11 -12 -13
leaf_value=-0.009386831212327959 -0.0032725028679090706 -0.0022887784467604225 -0.010509247050922606 -0.00073645040370694237 -0.00036495042379304515 0.0004453207878668781 0.0047113776712356236 0.0023493387192094683 0.011703093806414449 0.0071765972200872608 0.00060455655479451135 0.019905373363100866
leaf_weight=292.56919692456722 8.9433521926403028 632.35886406898499 351.70378732681274 130.11194817721844 2377.4736690372229 422.72912657260895 204.96005155146122 280.98826098442078 13.548919260501863 11.909110918641089 11.037728965282438 23.464115329086781
leaf_count=1308 44 2918 1559 598 11063 1979 966 1314 77 75 61 167
internal_value=-0.00131549 -0.00151214 -0.00330476 -0.00789794 -0.00075065 -0.00360603 4.46058e-05 -0.000857855 0.0114257 0.0136855 0.00750238 0.0167844
internal_weight=4761.8 4692.89 1395.16 481.816 3297.73 715.298 2582.43 913.347 68.9032 59.9599 24.5866 35.3732
internal_count=22129 21705 6389 2157 15316 3287 12029 4232 424 380 138 242
is_linear=0
shrinkage=0.02


Tree=69
num_leaves=14
num_cat=0
split_feature=7 4 5 7 5 4 5 5 4 4 5 5 7
split_gain=18.5068 21.5716 27.3444 33.1421 25.523 18.7319 19.567 18.5778 16.602 15.3454 5.9252 11.766 1.29135
threshold=3.7264803398174209 27.7465996055608 0.61369473495398175 -2.9928716577506678 5.537101053848084 43.389781007442217 1.1524258533517111 3.364076494609503 10.754634089682572 23.031795572622936 5.537101053848084 4.3971706572797453 -5.1918708508459268
decision_type=2 2 2 2 2 2 2 2 2 2 2 2 2
left_child=1 4 -3 -4 8 6 9 -8 -1 -2 11 -7 -6
right_child=5 2 3 -5 12 10 7 -9 -10 -11 -12 -13 -14
leaf_value=-0.0088764109697343097 0.0038331991998163191 -0.02303041132330249 -0.00061480108219276062 0.0082658592150816595 0.020001760527051236 0.0027318759574986341 -0.0024308903449487339 -0.010012908149802166 -0.0012235229251808396 -0.018935358461912015 0.011707966625734598 -0.013584708776066878 0.0073659945973020844
leaf_weight=114.36945487558842 13.252403050661085 12.358770757913588 394.06274908781052 288.47395892441273 16.62812098115683 152.08249396085739 726.9454295784235 154.51622366905212 2784.9206772074103 56.054886490106583 19.233400017023087 15.950985684990881 12.25016839802265
leaf_count=512 62 51 1873 1390 86 722 3327 690 12952 241 95 69 59
internal_value=-0.00128903 -0.00058853 0.00256987 0.0031649 -0.00134055 -0.00350926 -0.00464519 -0.00379921 -0.00153722 -0.0146101 0.0022345 0.000903136 0.0161899
internal_weight=4761.1 3623.06 694.895 682.537 2928.17 1138.04 950.769 881.462 2899.29 69.3073 187.267 168.033 28.8783
internal_count=22129 16923 3314 3263 13609 5206 4320 4017 13464 303 886 791 145
is_linear=0
shrinkage=0.02


Tree=70
num_leaves=9
num_cat=0
split_feature=3 5 7 3 5 1 5 5
split_gain=29.0085 15.6384 16.402 37.4112 23.9752 6.33709 3.68145 1.21874
threshold=33.545000076293952 0.61369473495398175 3.9022811370281847 18.904999732971195 1.2952531165681596 0.99996576103422685 3.9019259704076275 2.3611755088174062
decision_type=2 2 2 2 2 2 2 2
left_child=1 -1 4 -4 -3 -2 7 -7
right_child=5 2 3 -5 -6 6 -8 -9
leaf_value=-0.017373413970863727 -0.0032159776070325246 0.0025480084376833206 -0.00054015780214269578 -0.0081656303754927446 -0.0015351229196930846 0.010037377515704542 0.0023820657111861981 0.020121146922704416
leaf_weight=20.591672793030739 8.9505672305822355 714.72826662659645 656.84213535487652 419.79566539824009 2880.0169928073883 26.197511896491051 11.544303022325037 21.882238924503326
leaf_count=88 44 3381 3043 1882 13311 163 69 148
internal_value=-0.00126381 -0.00145673 -0.00137176 -0.00353265 -0.000721361 0.0112886 0.0135312 0.0158197
internal_weight=4760.55 4691.97 4671.38 1076.64 3594.75 68.5746 59.6241 48.0798
internal_count=22129 21705 21617 4925 16692 424 380 311
is_linear=0
shrinkage=0.02


Tree=71
num_leaves=15
num_cat=0
split_feature=3 4 5 3 7 7 6 7 6 5 4 3 5 5
split_gain=28.5829 17.3815 17.6762 22.4211 13.2437 13.1755 11.9145 10.5012 10.362 10.281 8.46686 7.3065 6.39362 5.56873
threshold=29.635000228881839 11.339207192441407 2.8706803019186036 24.710000038146976 1.1087358278738824 -1.6306441050129219 -2.232699916521891 0.97192838342499011 -21.13752390320666 1.4959344101272201 16.160018922582406 14.404999732971193 1.7531712250898928 0.95959099436953632
decision_type=2 2 2 2 2 2 2 2 2 2 2 2 2 2
left_child=1 9 3 -3 -4 8 12 -8 -2 13 -10 -11 -7 -1
right_child=5 2 4 -5 -6 6 7 -9 10 11 -12 -13 -14 -15
leaf_value=-0.010677610674410089 -0.0061446235711027286 -0.00017240657392855719 -0.0016514935936383127 -0.0056202739780552699 -0.0064349843436706912 -0.016924067978256515 0.011946859461155659 -0.0027200515460690479 -0.0029941427377012469 -0.02060901982257236 0.010141880744618305 -0.0079787086113217529 -0.0024949830705794994 0.0020929845805671785
leaf_weight=14.542408749461172 17.910854637622833 2985.5335842818022 513.53840897977352 332.24417166411877 423.35054630041122 15.758327692747114 33.674353376030922 38.060475930571556 20.301319032907486 24.676460444927216 172.20602788031101 82.476057186722755 37.100970223546028 48.436090260744095
leaf_count=64 84 13849 2347 1501 1909 72 177 182 106 105 957 369 182 225
internal_value=-0.00123865 -0.00166616 -0.00141122 -0.00072407 -0.00383117 0.00436094 -0.000787392 0.00443235 0.00736721 -0.00786305 0.00872384 -0.0115244 -0.00768454 -0.00131745
internal_weight=4759.81 4424.8 4254.67 3317.78 936.889 335.012 124.594 71.7348 210.418 170.131 192.507 107.153 52.8593 62.9785
internal_count=22129 20369 19606 15350 4256 1760 613 359 1147 763 1063 474 254 289
is_linear=0
shrinkage=0.02


Tree=72
num_leaves=12
num_cat=0
split_feature=3 7 3 7 3 7 6 3 2 6 6
split_gain=27.6135 14.2286 36.3084 22.1921 18.0668 40.4015 11.8634 10.3348 6.20116 2.31261 5.2917
threshold=33.545000076293952 2.9665148163169253 19.314999580383304 7.134095639024741 14.614999771118166 -1.2817766816201781 9.6655244005915488 16.724999427795414 0.99124849052394082 -2.232699916521891 -5.4115376952594163
decision_type=2 2 2 2 2 2 2 2 2 2 2
left_child=1 4 7 -4 5 -1 -6 -3 -2 10 -10
right_child=8 2 3 -5 6 -7 -8 -9 9 -11 -12
leaf_value=-0.0091483745600716791 -0.0019481789061368297 -0.0021569936639423064 -0.010108054398182223 -0.00043162262446276681 -0.00030533900097466144 0.00047775057190007334 0.0046654934974346782 0.0024278695489001016 0.012963835547613014 0.018338188881743815 -0.0032837764534933075
leaf_weight=292.50106221437454 11.223637178540228 632.1130552738905 350.80410578846931 129.87459456920624 2377.0603827238083 422.61388486623764 204.90011382102966 280.87997844815254 22.408206634223461 24.902972429990768 9.5473444014787692
leaf_count=1308 59 2918 1559 598 11063 1979 966 1314 148 160 57
internal_value=-0.00121513 -0.00140278 -0.00309415 -0.00751872 -0.000684957 -0.00348858 9.57445e-05 -0.000742034 0.011074 0.0136036 0.00828426
internal_weight=4758.83 4690.75 1393.67 480.679 3297.08 715.115 2581.96 912.993 68.0822 56.8585 31.9556
internal_count=22129 21705 6389 2157 15316 3287 12029 4232 424 365 205
is_linear=0
shrinkage=0.02


Tree=73
num_leaves=11
num_cat=0
split_feature=3 5 5 7 6 7 5 5 6 3
split_gain=26.9541 14.7819 18.0481 28.8796 22.3094 12.6492 11.8648 11.0186 9.99211 6.81411
threshold=29.635000228881839 0.61369473495398175 1.3207456005243199 3.2204484238214781 6.3006481082455936 -1.6306441050129219 3.7272411560608103 2.6397727287631709 -21.13752390320666 34.385000228881843
decision_type=2 2 2 2 2 2 2 2 2 2
left_child=1 -1 3 -3 -4 8 7 -7 -2 -10
right_child=5 2 4 -5 -6 6 -8 -9 9 -11
leaf_value=-0.017092833301543875 -0.006054922106016096 0.0029954056081262165 -0.0031451264378263288 -0.005448441597421516 0.0004221905904728011 -0.001688289599019856 -0.016728513733912008 0.0132182656319067 0.0068864320823748219 0.018513481824924977
leaf_weight=20.552882313728333 17.915914997458458 685.84846675395966 2543.2727025598288 207.85308353602886 966.40975680947304 90.998484686017036 12.337785437703131 21.130143791437149 170.23789151012897 21.544887140393257
leaf_count=88 84 3244 11606 949 4482 445 54 114 899 164
internal_value=-0.00119081 -0.00160557 -0.00151784 0.00101605 -0.00216348 0.0042541 -0.000790206 0.00147932 0.00720689 0.00854417
internal_weight=4758.1 4423.94 4403.38 893.702 3509.68 334.165 124.466 112.129 209.699 191.783
internal_count=22129 20369 20281 4193 16088 1760 613 559 1147 1063
is_linear=0
shrinkage=0.02


Tree=74
num_leaves=9
num_cat=0
split_feature=3 5 7 3 5 2 6 6
split_gain=26.0955 14.7551 14.8971 35.0186 21.9344 6.06895 2.31111 5.1744
threshold=33.545000076293952 0.61369473495398175 3.9022811370281847 18.640000343322757 1.2952531165681596 0.99124849052394082 -2.232699916521891 -5.4115376952594163
decision_type=2 2 2 2 2 2 2 2
left_child=1 -1 4 -4 -3 -2 7 -7
right_child=5 2 3 -5 -6 6 -8 -9
leaf_value=-0.016833305222464585 -0.0020297672472240997 0.0024808129112268568 -0.00035123807603957711 -0.0076903777814207345 -0.0014254035190632639 0.012727054939069568 0.018080266836601008 -0.0033476063253044196
leaf_weight=20.51441790163517 11.199129268527029 714.42055268585682 642.03116403520107 433.57366068661213 2879.2304670810699 22.174170985817909 24.607323721051216 9.5207590386271495
leaf_count=88 59 3381 2976 1949 13311 148 160 57
internal_value=-0.00116732 -0.00134906 -0.00126668 -0.00332716 -0.00064695 0.0108283 0.0133508 0.00806439
internal_weight=4757.27 4689.77 4669.26 1075.6 3593.65 67.5014 56.3023 31.6949
internal_count=22129 21705 21617 4925 16692 424 365 205
is_linear=0
shrinkage=0.02


Tree=75
num_leaves=15
num_cat=0
split_feature=3 4 5 6 7 5 7 5 5 3 7 5 1 6
split_gain=25.629 16.336 16.2447 20.1026 13.9489 9.84976 9.80569 23.9298 13.2976 7.97538 7.23466 20.4628 5.57644 3.14822
threshold=30.185000419616703 11.339207192441407 2.8390749047057846 10.074550115621165 1.0514170282497461 1.5189300993937065 -3.5256591813489844 3.9019259704076275 2.6714629612293783 17.224999427795414 -7.4916586738887014 3.3103730062527243 0.98087673008523235 -11.225392884745975
decision_type=2 2 2 2 2 2 2 2 2 2 2 2 2 2
left_child=1 5 3 -3 -4 12 10 8 -8 -7 11 -2 -1 -12
right_child=6 2 4 -5 -6 9 7 -9 -10 -11 13 -13 -14 -15
leaf_value=-0.01105499170250231 -0.0061569758081857339 -0.0011258767096105375 -0.0013568503416504535 0.0039062396508909797 -0.0061291044362708179 -0.016967146024440685 0.00054401748349290754 -0.021696680056821321 0.01559980087577746 -0.0055017041473314895 0.0034326080674539194 0.015176868792392209 0.0017821360070421691 0.015827829763026213
leaf_weight=13.843568578362463 35.644367285072803 2971.3416413217783 549.28906531631947 351.55850197374821 442.63724146783352 48.166473299264908 106.39753583818674 12.383158974349497 26.21884223818779 56.266995489597321 12.851902291178702 29.318192072212696 52.802049696445465 47.797909744083881
leaf_count=61 191 13733 2519 1660 1999 209 542 55 147 254 67 166 245 281
internal_value=-0.00114413 -0.00150602 -0.00126173 -0.000589429 -0.00350248 -0.00749786 0.00478958 0.00118125 0.00389021 -0.0112206 0.00878983 0.00379302 -0.00135934 0.0135761
internal_weight=4756.52 4485.91 4314.83 3322.9 991.926 171.079 270.612 145 132.616 104.433 125.612 64.9626 66.6456 60.6498
internal_count=22129 20680 19911 15393 4518 769 1449 744 689 463 705 357 306 348
is_linear=0
shrinkage=0.02


Tree=76
num_leaves=12
num_cat=0
split_feature=3 4 7 3 5 3 3 0 2 4 5
split_gain=24.78 16.6101 21.6992 36.3468 17.4625 10.7496 23.5401 6.08821 5.27161 4.45568 1.69972
threshold=33.545000076293952 43.963538321007725 3.9022811370281847 18.904999732971195 0.61369473495398175 14.614999771118166 18.380000114440922 0.90293575061171916 0.97052990326292032 20.520176492563866 2.3358949370714415
decision_type=2 2 2 2 2 2 2 2 2 2 2
left_child=1 2 4 -4 -1 8 -7 -2 -3 -9 -11
right_child=7 5 3 -5 -6 6 -8 9 -10 10 -12
leaf_value=-0.017901790361052144 -0.0019075085410615014 0.0027603627946343134 -0.0008070358858617274 -0.0088919406896755433 -0.00074260859318931881 -0.0078292412413497187 0.0088172426907271971 0.0035264334444624615 0.013024990546207125 0.0088364252336540199 0.020984554985925403
leaf_weight=19.892807245254517 11.813592970371245 34.7593724578619 512.66289423406124 390.07906438410282 3549.8043297082186 65.59337006509304 62.406340390443802 16.794479124248028 53.442248031497002 17.703493162989616 20.703161589801311
leaf_count=85 63 166 2363 1746 16478 299 304 97 264 116 148
internal_value=-0.00112167 -0.00129822 -0.00156104 -0.00432438 -0.000858162 0.00406824 0.000308012 0.0106081 0.00927505 0.0132345 0.0167466
internal_weight=4755.66 4688.64 4472.44 902.742 3569.7 216.201 128 67.0147 88.2016 55.2011 38.4067
internal_count=22129 21705 20672 4109 16563 1033 603 424 430 361 264
is_linear=0
shrinkage=0.02


Tree=77
num_leaves=14
num_cat=0
split_feature=3 4 4 3 4 6 7 6 7 6 4 7 2
split_gain=24.3179 16.398 18.6782 35.1994 26.8926 12.5557 11.8613 11.3011 10.0949 9.6517 8.12634 7.91744 3.82407
threshold=29.635000228881839 11.813083207946184 18.406680754728004 24.935000419616703 27.7465996055608 6.0621557705223266 -1.6306441050129219 -2.232699916521891 0.97192838342499011 -21.13752390320666 16.160018922582406 -0.99656452701477749 1.0332252446855419
decision_type=2 2 2 2 2 2 2 2 2 2 2 2 2
left_child=1 5 3 -3 -4 11 9 12 -9 -2 -11 -1 -8
right_child=6 2 4 -5 -6 -7 7 8 -10 10 -12 -13 -14
leaf_value=-0.012844941502740653 -0.0060659690760014396 0.002135542015102492 -0.0037019310532679307 -0.0080923695000624709 0.00014363704673516634 0.01027338842446566 -0.013643093164702746 0.011688889686937716 -0.0027176188867619766 -0.0031824710605163637 0.0096825873519889721 -0.0047068056765219033 -0.0026968060375768778
leaf_weight=78.877229407429695 17.897931039333344 1077.9632371217012 1703.7615682631731 149.75153538584709 1266.5946007072926 12.929390788078306 20.017375260591507 33.49169996380806 37.931877538561821 20.21743343770504 170.29493018239737 132.34427404403687 32.768920928239822
leaf_count=348 84 5024 7782 670 5882 62 92 177 182 106 957 601 162
internal_value=-0.00109908 -0.00149236 -0.0012073 0.000865755 -0.00206415 -0.00671651 0.00408524 -0.000799848 0.00429947 0.00695692 0.00827996 -0.00792811 -0.00751642
internal_weight=4754.84 4422.22 4198.07 1227.71 2970.36 224.151 332.62 124.21 71.4236 208.41 190.512 211.222 52.7863
internal_count=22129 20369 19358 5694 13664 1011 1760 613 359 1147 1063 949 254
is_linear=0
shrinkage=0.02


Tree=78
num_leaves=12
num_cat=0
split_feature=3 4 7 3 5 3 3 1 5 4 5
split_gain=23.6103 15.8241 20.8597 34.8673 16.9639 10.3794 22.647 5.31377 3.63093 2.6225 0.195956
threshold=33.545000076293952 43.963538321007725 3.9022811370281847 18.904999732971195 0.61369473495398175 14.614999771118166 18.380000114440922 1.0327724648634165 1.9552959171687854 20.684123535413764 2.3358949370714415
decision_type=2 2 2 2 2 2 2 2 2 2 2
left_child=1 2 4 -4 -1 8 -7 -2 -3 -9 -11
right_child=7 5 3 -5 -6 6 -8 9 -10 10 -12
leaf_value=-0.017632342782883864 0.00043889987770389104 0.0043374474358574104 -0.00077264795593626136 -0.0086941947584806365 -0.00070321704799012578 -0.0076810776464157331 0.0086491931485416125 0.0035895877633782048 0.012923815493202895 0.0087233783052574343 0.018239312481863165
leaf_weight=19.844635620713234 16.679899737238884 42.937733128666878 512.65000279247761 389.54703930020332 3549.4900172203779 65.622846052050591 62.338046297430992 11.700923457741736 45.172909438610077 14.184101611375807 23.980444297194481
leaf_count=85 87 208 2363 1746 16478 299 304 70 222 98 169
internal_value=-0.00107764 -0.00124946 -0.00150598 -0.00421626 -0.000816971 0.00398999 0.000295482 0.0104104 0.0091096 0.0134656 0.0158657
internal_weight=4754.15 4687.6 4471.53 902.197 3569.33 216.072 127.961 66.5454 88.1106 49.8655 38.1645
internal_count=22129 21705 20672 4109 16563 1033 603 424 430 337 267
is_linear=0
shrinkage=0.02


Tree=79
num_leaves=12
num_cat=0
split_feature=4 7 4 5 5 5 7 5 5 5 7
split_gain=15.1613 22.9059 17.126 15.2551 18.3534 15.2363 12.0333 10.9789 7.79803 12.5041 7.05448
threshold=43.963538321007725 3.9022811370281847 10.754634089682572 1.1524258533517111 3.2569982750458877 0.61369473495398175 4.943618172432374 1.2848482100906058 5.537101053848084 4.3971706572797453 4.2646149901598083
decision_type=2 2 2 2 2 2 2 2 2 2 2
left_child=1 2 7 6 -5 -4 -3 -1 9 10 -2
right_child=8 3 5 4 -6 -7 -8 -9 -10 -11 -12
leaf_value=0.0024581688147978344 0.011302657767310193 -0.019620314420743874 -0.016630645096004777 -0.0018775560199809113 -0.0091756645386270805 -0.00023398886753437598 -0.0016405081660757295 -0.011510962297082223 0.014522982720079403 -0.010896248151442878 0.0020625520227651444
leaf_weight=28.36448347568512 40.952449060976505 39.421177685260773 18.818335190415382 671.38782554864883 170.53615267574787 3497.6643662452698 23.853345841169357 85.923577055335045 21.438643708825111 20.339168131351471 134.63902688026428
leaf_count=132 206 169 81 3081 767 16364 109 382 108 91 639
internal_value=-0.00105591 -0.00130432 -0.000592715 -0.00414342 -0.00339222 -0.000340531 -0.0133428 -0.00807816 0.0040578 0.00264505 0.00442133
internal_weight=4753.34 4535.97 3630.77 905.199 841.924 3516.48 63.2745 114.288 217.369 195.931 175.591
internal_count=22129 21085 16959 4126 3848 16445 278 514 1044 936 845
is_linear=0
shrinkage=0.02


Tree=80
num_leaves=12
num_cat=0
split_feature=4 7 4 5 5 5 7 5 5 5 7
split_gain=14.6071 22.0413 16.4907 14.7711 14.7392 17.7725 11.6214 10.5878 7.56744 12.0811 6.82014
threshold=43.963538321007725 3.9022811370281847 10.754634089682572 0.61369473495398175 1.1524258533517111 2.8706803019186036 4.943618172432374 1.2848482100906058 5.537101053848084 4.3971706572797453 4.2646149901598083
decision_type=2 2 2 2 2 2 2 2 2 2 2
left_child=1 2 7 -4 6 -6 -3 -1 9 10 -2
right_child=8 4 3 -5 5 -7 -8 -9 -10 -11 -12
leaf_value=0.0024151747142110995 0.011113103849623732 -0.019285448893706411 -0.016390022690854152 -0.00022931190596894732 -0.0013644242599632822 -0.0076361227855004567 -0.0016124464719438744 -0.011305097683836245 0.014304570902171963 -0.010717457141039348 0.0020228806636160162
leaf_weight=28.363247334957123 40.886837661266327 39.373486697673798 18.771906390786171 3497.7018848732114 581.90164981782436 259.70239071547985 23.852720186114311 85.812433913350105 21.392206221818924 20.331703901290894 134.61259494721889
leaf_count=132 206 169 81 16364 2675 1173 109 382 108 91 639
internal_value=-0.00103563 -0.00127941 -0.000581456 -0.000334107 -0.00406508 -0.00332671 -0.0131108 -0.00793036 0.00398547 0.00259446 0.00434112
internal_weight=4752.7 4535.48 3630.65 3516.47 904.83 841.604 63.2262 114.176 217.223 195.831 175.499
internal_count=22129 21085 16959 16445 4126 3848 278 514 1044 936 845
is_linear=0
shrinkage=0.02


Tree=81
num_leaves=10
num_cat=0
split_feature=3 5 5 6 3 0 3 2 7
split_gain=22.7755 12.6864 13.7805 20.5256 17.2488 5.9717 1.50007 2.94715 0.520612
threshold=33.545000076293952 0.61369473495398175 2.4076122658361645 -6.4796523918327518 26.284999847412113 0.90293575061171916 34.385000228881843 1.0279798806867124 -4.4965462717034468
decision_type=2 2 2 2 2 2 2 2 2
left_child=1 -1 3 -3 -4 -2 8 -8 -7
right_child=5 2 4 -5 -6 6 7 -9 -10
leaf_value=-0.015610469635667916 -0.0020708403587031878 -0.0040683967159496869 -0.0034812443538626415 0.00039108422135655872 0.0023109686995193787 0.0094286550504473592 0.0042817071853560301 0.019351789403572368 0.0023868028835693235
leaf_weight=20.280441716313362 11.7611076682806 487.4143250733614 1359.8363249450922 2578.9485971778631 239.29212234914303 10.684750407934191 9.8468370735645276 22.979465089738369 10.979189395904539
leaf_count=88 63 2242 6183 12037 1155 66 62 173 60
internal_value=-0.00101572 -0.00118423 -0.0011082 -0.00032215 -0.0026109 0.010291 0.0129184 0.0157873 0.00678812
internal_weight=4752.02 4685.77 4665.49 3066.36 1599.13 66.2513 54.4902 32.8263 21.6639
internal_count=22129 21705 21617 14279 7338 424 361 235 126
is_linear=0
shrinkage=0.02


Tree=82
num_leaves=15
num_cat=0
split_feature=3 5 3 0 7 3 2 5 7 5 5 7 5 6
split_gain=22.2028 12.943 18.2287 51.5197 15.8879 12.19 21.7074 15.7958 8.9032 23.1346 12.8291 7.29553 20.0558 3.09226
threshold=30.185000419616703 2.4076122658361645 24.710000038146976 0.94393259824394826 8.3893182248569254 22.285000801086429 1.0495633945030407 2.4860151995856477 -3.5256591813489844 3.9019259704076275 2.6714629612293783 -7.4916586738887014 3.3103730062527243 -11.225392884745975
decision_type=2 2 2 2 2 2 2 2 2 2 2 2 2 2
left_child=1 2 4 -4 -1 6 -3 -7 11 10 -10 12 -2 -13
right_child=8 5 3 -5 -6 7 -8 -9 9 -11 -12 13 -14 -15
leaf_value=-0.00027407582962788823 -0.0064673227295039531 -0.0048681939548804723 0.0054280414163534168 -0.011052446680357139 0.0092471529951145392 -0.013152064842042155 0.0043784769981267671 0.0012341913664135071 0.00049904594350849544 -0.021385004424304875 0.015335273451209155 0.0032098571233114301 0.014735176758605703 0.015447593444179057
leaf_weight=2582.9038168042898 35.386922836303711 989.95012776553631 116.70382867753506 202.99516886472702 68.056353017687798 29.144757091999054 110.0049345344305 382.79698352515697 106.11756683886051 12.376658871769903 25.982676275074482 12.784663587808607 28.950890555977821 47.211912989616394
leaf_count=11987 191 4478 552 907 333 128 514 1781 542 55 147 67 166 281
internal_value=-0.000995319 -0.00133141 -0.000563194 -0.00504363 -1.608e-05 -0.00283536 -0.00393093 9.96762e-05 0.00454643 0.00110813 0.00378211 0.00838268 0.00337747 0.0132035
internal_weight=4751.37 4482.56 2970.66 319.699 2650.96 1511.9 1099.96 411.942 268.811 144.477 132.1 124.334 64.3378 59.9966
internal_count=22129 20680 13779 1459 12320 6901 4992 1909 1449 744 689 705 357 348
is_linear=0
shrinkage=0.02


Tree=83
num_leaves=13
num_cat=0
split_feature=4 7 4 6 1 4 7 6 6 7 0 0
split_gain=14.1021 21.0897 15.8247 14.3455 7.10211 7.77659 7.19481 6.80746 6.20261 5.75121 5.1253 3.90786
threshold=43.963538321007725 3.9022811370281847 10.754634089682572 -2.9889078503189563 1.0283282990584364 23.031795572622936 4.8549640740740907 -9.6723648241756752 -5.4115376952594163 7.8421800703817643 0.92762994218505102 0.72544193597779716
decision_type=2 2 2 2 2 2 2 2 2 2 2 2
left_child=1 2 8 -4 6 -6 -3 -2 -1 10 -9 -11
right_child=7 4 3 -5 5 -7 -8 9 -10 11 -12 -13
leaf_value=-0.017265965123755753 0.013556301214785826 -0.0071919208251553278 -0.0018885429404328147 0.00072892927369971427 -0.0054137680653988949 0.012935135808734111 -0.0031169260899260292 -0.0039861596263762742 -0.0052102638985891195 -3.9255900877026294e-05 0.0052280572373278964 0.0085647802946560922
leaf_weight=19.000301629304886 22.314942620694637 242.76022037863731 1367.3504201769829 2148.0396989136934 13.50123977661133 16.852162972092628 630.90053974092007 65.199003905057907 94.996558532118797 30.140432089567184 33.15725364536047 66.232214868068695
leaf_count=83 116 1095 6372 10073 61 82 2888 303 431 141 161 323
internal_value=-0.00097538 -0.00121495 -0.00053231 -0.000290155 -0.00394117 0.00509347 -0.00427684 0.00396002 -0.00773682 0.00260961 -0.000797001 0.00597955
internal_weight=4750.44 4533.4 3629.39 3515.39 904.014 30.3534 873.661 217.044 113.997 194.729 98.3563 96.3726
internal_count=22129 21085 16959 16445 4126 143 3983 1044 514 928 464 464
is_linear=0
shrinkage=0.02


Tree=84
num_leaves=15
num_cat=0
split_feature=7 5 2 5 5 7 0 7 4 4 7 4 4 7
split_gain=13.7871 20.5173 19.0126 18.0961 17.4235 22.7794 17.5895 12.0655 11.1645 10.7775 15.5343 14.366 9.50385 5.45062
threshold=0.97192838342499011 1.7009565327806742 1.0764460274469365 6.8535282536721596 3.364076494609503 10.038505511124344 0.74752458784445663 1.9210201740223023 46.854658898819757 28.132531930943703 -2.9928716577506678 15.112571315447555 37.974297794166766 6.4651704547279545
decision_type=2 2 2 2 2 2 2 2 2 2 2 2 2 2
left_child=1 9 3 -3 6 12 13 -8 -7 11 -11 -1 -6 -2
right_child=4 2 -4 -5 5 8 7 -9 -10 10 -12 -13 -14 -15
leaf_value=0.0057861312898764084 0.018255559597922813 -0.001991160445323179 0.0070488557293854814 0.01714275212685842 -0.012639258713544668 -0.0031400423651964482 -0.0050000313422194518 -0.0009199040605019815 0.011458647392500606 0.0023102494967758968 0.017932894071414251 -0.00016885602648399143 -8.9602625673016178e-05 0.0017651603407764342
leaf_weight=231.76814812421799 19.001480385661125 1593.4029723331332 100.47766806930304 16.053704671561718 156.32275731861591 64.522864580154419 354.96941693127155 1521.7578826695681 26.25668653845787 67.393371589481831 38.347569927573204 517.52365171909332 28.483446449041367 13.746820658445357
leaf_count=1104 94 7402 516 82 694 296 1625 7045 128 327 192 2428 131 65
internal_value=-0.000956011 3.89309e-05 -0.00122552 -0.00175828 -0.00212187 -0.00678767 -0.0014357 -0.00170062 0.00138781 0.00256157 0.00842303 0.00169406 -0.0107479 0.012279
internal_weight=4750.03 2564.97 1709.93 1609.46 2185.06 275.586 1909.48 1876.73 90.7796 855.033 105.741 749.292 184.806 32.7483
internal_count=22129 12051 8000 7484 10078 1249 8829 8670 424 4051 519 3532 825 159
is_linear=0
shrinkage=0.02


Tree=85
num_leaves=12
num_cat=0
split_feature=3 4 5 3 6 3 3 0 2 4 5
split_gain=21.5406 13.4494 14.9921 18.5257 17.4005 10.19 21.2469 5.87036 5.15032 4.30716 1.76337
threshold=33.545000076293952 43.963538321007725 2.4076122658361645 16.355000495910648 12.283812782236204 14.614999771118166 18.380000114440922 0.90293575061171916 0.97052990326292032 20.520176492563866 2.3358949370714415
decision_type=2 2 2 2 2 2 2 2 2 2 2
left_child=1 2 4 -4 -1 8 -7 -2 -3 -9 -11
right_child=7 5 3 -5 -6 6 -8 9 -10 10 -12
leaf_value=-0.00084766893272380573 -0.002142232416714929 0.0024138896221124338 -0.006099546366716794 -0.0013806563301652819 0.0064566939255582771 -0.0076398390522428739 0.0081950334881891931 0.0032267634871461525 0.012522292273182318 0.0083775557671680462 0.020516693307565698
leaf_weight=2842.0080908238888 11.728587597608565 34.664988651871681 498.57940822839737 994.91017237305641 132.74265466630459 65.559852719306946 62.105387896299362 16.643537394702435 53.237869292497635 17.373657584190369 20.003437325358391
leaf_count=13199 63 166 2243 4598 632 299 304 97 264 116 148
internal_value=-0.000936012 -0.00109941 -0.00133585 -0.00296807 -0.000513493 0.00373639 7.8303e-05 0.0100997 0.00881455 0.0127221 0.0162295
internal_weight=4749.56 4683.81 4468.24 1493.49 2974.75 215.568 127.665 65.7492 87.9029 54.0206 37.3771
internal_count=22129 21705 20672 6841 13831 1033 603 424 430 361 264
is_linear=0
shrinkage=0.02


Tree=86
num_leaves=15
num_cat=0
split_feature=7 5 5 6 7 4 6 7 4 0 6 1 5 4
split_gain=13.3681 19.5813 16.5747 27.555 21.8411 14.8583 18.0871 14.1002 12.5767 12.3997 11.7931 16.0328 12.9741 10.6185
threshold=0.97192838342499011 1.7009565327806742 3.364076494609503 12.283812782236204 10.038505511124344 13.969848901933505 2.1339742326517146 11.298322225571816 18.626492098475648 0.8975966497349247 -8.9580287220300736 1.0815452209822058 1.3674812558292586 46.854658898819757
decision_type=2 2 2 2 2 2 2 2 2 2 2 2 2 2
left_child=1 10 3 9 -4 6 -3 -5 -7 -2 12 -12 -1 -6
right_child=2 5 4 7 13 8 -8 -9 -10 -11 11 -13 -14 -15
leaf_value=0.0066481272661088088 -0.0060333570486036997 -0.0093507379646935434 -0.010502601248093725 0.0059913542477718273 -0.0030326756934439853 0.0024337992914044162 0.002865100610118907 -0.011745460950104786 -0.001610764181324087 -0.0015213072755614332 0.0025138975579307539 0.015185202862496234 -0.011372508717679102 0.011210998344037285
leaf_weight=20.892189934849739 294.020622164011 163.9384421557188 184.44141407310963 236.13231405615807 64.455147102475166 430.45156977325678 65.959365084767342 15.700599133968351 1049.1733700707555 1363.4855790436268 752.07992309331894 38.453196011483669 43.472205504775047 26.234299913048744
leaf_count=101 1336 737 825 1121 296 2017 309 70 4937 6302 3557 197 196 128
internal_value=-0.000916675 6.30825e-05 -0.00206486 -0.00139604 -0.00661973 -0.00117241 -0.00585686 0.00471919 -0.000430733 -0.00233429 0.00252763 0.0032036 -0.00547641 0.00138721
internal_weight=4748.89 2564.42 2184.47 1909.34 275.131 1709.52 229.898 251.833 1479.62 1657.51 854.898 790.533 64.3644 90.6894
internal_count=22129 12051 10078 8829 1249 8000 1046 1191 6954 7638 4051 3754 297 424
is_linear=0
shrinkage=0.02


Tree=87
num_leaves=12
num_cat=0
split_feature=3 4 7 3 5 3 3 0 0 4 5
split_gain=20.8551 12.8747 17.2027 32.3629 19.8091 9.82243 20.3425 5.72789 5.02578 4.24017 1.76263
threshold=33.545000076293952 43.963538321007725 2.9665148163169253 19.314999580383304 1.7009565327806742 14.614999771118166 18.380000114440922 0.90293575061171916 0.80626808437488573 20.520176492563866 2.3358949370714415
decision_type=2 2 2 2 2 2 2 2 2 2 2
left_child=1 2 4 -4 -1 8 -7 -2 -3 -9 -11
right_child=7 5 3 -5 -6 6 -8 9 -10 10 -12
leaf_value=0.001427696790488192 -0.0021026724072704065 0.015470533005421826 -0.00077639381370715548 -0.0075163710992686844 -0.0017704262662154274 -0.0074663020114733416 0.0080309520643627313 0.0031721938274147732 0.004955659642211464 0.0082663039822399881 0.020372760410629437
leaf_weight=1260.8010371774435 11.73888938128948 26.482182666659355 756.34424164891243 454.26807504892349 1996.0126001238823 65.58207993209362 62.034814909100533 16.619364701211452 61.327309519052505 17.3021225258708 19.80859948694706
leaf_count=5932 63 132 3495 2046 9199 299 304 97 298 116 148
internal_value=-0.000898591 -0.0010591 -0.00129041 -0.00332192 -0.000532113 0.00367375 8.20686e-05 0.00998218 0.00866267 0.0125852 0.0160819
internal_weight=4748.32 4682.85 4467.43 1210.61 3256.81 215.426 127.617 65.469 87.8095 53.7301 37.1107
internal_count=22129 21705 20672 5541 15131 1033 603 424 430 361 264
is_linear=0
shrinkage=0.02


Tree=88
num_leaves=9
num_cat=0
split_feature=5 7 4 7 6 5 5 5
split_gain=12.7934 13.4143 24.3797 32.2504 29.7276 12.5642 16.6691 11.8387
threshold=0.61369473495398175 3.7264803398174209 27.7465996055608 -2.9928716577506678 -3.774775209943392 1.1524258533517111 0.84188015143434292 2.8390749047057846
decision_type=2 2 2 2 2 2 2 2
left_child=-1 2 4 -4 -2 6 -3 -7
right_child=1 5 3 -5 -6 7 -8 -9
leaf_value=-0.015379456021787037 -0.0039557724143218518 0.005417299238007307 -0.00054816226502969647 0.008225387422602478 0.00037571819161217652 -0.00048103728128204537 -0.013102025402852897 -0.0050356586382318139
leaf_weight=20.229685455560684 925.49623372405767 22.536318585276604 392.37885806709528 287.93070215731859 1990.300647392869 685.73031276464462 83.807484060525894 338.92364166676998
leaf_count=88 4267 108 1873 1390 9308 3174 371 1550
internal_value=-0.000880088 -0.000805087 -0.000206554 0.00319148 -0.00100267 -0.00270074 -0.00912331 -0.00200129
internal_weight=4747.33 4727.1 3596.11 680.31 2915.8 1131 106.344 1024.65
internal_count=22129 22041 16838 3263 13575 5203 479 4724
is_linear=0
shrinkage=0.02


Tree=89
num_leaves=14
num_cat=0
split_feature=3 4 4 3 4 6 5 7 6 6 7 4 5
split_gain=20.5413 14.926 17.0519 33.5291 24.8473 12.1287 17.3403 10.7037 10.7319 9.66487 9.63308 7.69763 6.31692
threshold=29.635000228881839 11.813083207946184 18.406680754728004 24.935000419616703 27.7465996055608 6.0621557705223266 1.7795261814043675 -1.6306441050129219 -2.232699916521891 -21.13752390320666 0.97192838342499011 16.160018922582406 1.7531712250898928
decision_type=2 2 2 2 2 2 2 2 2 2 2 2 2
left_child=1 5 3 -3 -4 6 -1 9 12 -2 -10 -11 -9
right_child=7 2 4 -5 -6 -7 -8 8 10 11 -12 -13 -14
leaf_value=-0.0019349871314026535 -0.0063628164496535898 0.0022673214771637192 -0.0033466469507947823 -0.0077213923168112644 0.00035211576998544033 0.010448519127442078 -0.013404892763230581 -0.016428630230601066 0.011484193131902321 -0.0031503559226208218 -0.0026153504081461395 0.0093711098092602394 -0.0021359498482333519
leaf_weight=112.68432258069515 17.817192107439041 1077.2515269815922 1701.9777854382992 149.55778314173222 1264.0966844409704 12.916812703013418 97.785970270633698 15.793496534228323 33.346665278077126 20.212575852870941 37.817763537168503 168.71757732331753 36.89369723200798
leaf_count=517 84 5024 7782 670 5882 62 432 72 177 106 182 957 182
internal_value=-0.000862983 -0.00122399 -0.000952355 0.00102848 -0.00177194 -0.00621608 -0.00741461 0.00391651 -0.000727396 0.00665944 0.00425106 0.00799397 -0.00727725
internal_weight=4746.87 4416.27 4192.88 1226.81 2966.07 223.387 210.47 330.599 123.852 206.747 71.1644 188.93 52.6872
internal_count=22129 20369 19358 5694 13664 1011 949 1760 613 1147 359 1063 254
is_linear=0
shrinkage=0.02


Tree=90
num_leaves=12
num_cat=0
split_feature=3 4 7 3 5 3 3 0 0 4 5
split_gain=19.8318 12.4119 16.2405 31.0421 18.8301 9.49187 19.5405 5.60777 4.89079 4.16076 1.77394
threshold=33.545000076293952 43.963538321007725 2.9665148163169253 19.314999580383304 1.7009565327806742 14.614999771118166 18.380000114440922 0.90293575061171916 0.80626808437488573 20.520176492563866 2.3358949370714415
decision_type=2 2 2 2 2 2 2 2 2 2 2
left_child=1 2 4 -4 -1 8 -7 -2 -3 -9 -11
right_child=7 5 3 -5 -6 6 -8 9 -10 10 -12
leaf_value=0.0014180634384120048 -0.0021413500365034389 0.015272122073399964 -0.00071227404803606942 -0.0073166288307274369 -0.0017003545732173662 -0.0072819642684428315 0.0079096600266170703 0.0030825074123453397 0.004894000712355664 0.0080995313194299028 0.02018294470197898
leaf_weight=1260.5394268035889 11.726000025868414 26.451496407389641 756.1438854932785 453.52272166311741 1995.5102651119232 65.601505875587463 61.967961475253105 16.578915394842625 61.292275503277779 17.186293430626392 19.534293502569199
leaf_count=5932 63 132 3495 2046 9199 299 304 97 298 116 148
internal_value=-0.00084625 -0.00100236 -0.00122953 -0.0032043 -0.000492839 0.00364569 0.000113617 0.00979855 0.00855207 0.0123915 0.0158787
internal_weight=4746.06 4681.03 4465.72 1209.67 3256.05 215.313 127.569 65.0255 87.7438 53.2995 36.7206
internal_count=22129 21705 20672 5541 15131 1033 603 424 430 361 264
is_linear=0
shrinkage=0.02


Tree=91
num_leaves=13
num_cat=0
split_feature=3 4 4 3 4 5 3 5 7 3 3 4
split_gain=19.5037 13.8424 14.5001 33.9377 22.7711 11.4733 15.3357 14.9978 8.34418 5.62814 6.5035 4.24341
threshold=30.185000419616703 11.813083207946184 18.406680754728004 24.935000419616703 27.7465996055608 1.7186377557401407 22.855000495910648 0.88989576635561018 3.6688563057861305 33.545000076293952 32.664999008178718 19.058902002992593
decision_type=2 2 2 2 2 2 2 2 2 2 2 2
left_child=1 5 3 -3 -4 7 -7 -1 9 10 -2 -11
right_child=8 2 4 -5 -6 6 -8 -9 -10 11 -12 -13
leaf_value=-0.018532998816610628 0.0050185806953904682 0.0022377421773964084 -0.00313233257626 -0.0073346863644714938 0.00038328961113974459 -0.014186514140665447 0.002670533243102059 0.0017157573409382124 -0.007871823299001381 0.0010788547122924223 -0.0050132599036939183 0.013341784092144345
leaf_weight=13.122789233922957 161.66399158537388 1077.0780272781849 1726.1261609345675 167.72494447231293 1282.4063832461834 87.35899256169796 26.782879427075386 97.271735474467278 17.203052937984467 15.596200346946715 27.298368945717812 45.421878889203072
leaf_count=56 834 5024 7906 758 5974 385 125 452 79 89 131 316
internal_value=-0.000828791 -0.00114329 -0.000884741 0.000928589 -0.00163526 -0.0059397 -0.0102746 -0.00125512 0.00438117 0.00533509 0.00349546 0.0104666
internal_weight=4745.06 4477.87 4253.34 1244.8 3008.53 224.536 114.142 110.395 267.183 249.98 188.962 61.0181
internal_count=22129 20680 19662 5782 13880 1018 510 508 1449 1370 965 405
is_linear=0
shrinkage=0.02


Tree=92
num_leaves=9
num_cat=0
split_feature=5 7 4 7 6 5 5 5
split_gain=12.4899 12.521 22.3355 31.3265 28.2194 12.3045 15.9953 11.5317
threshold=0.61369473495398175 3.7264803398174209 27.7465996055608 -2.9928716577506678 -3.774775209943392 1.1524258533517111 0.84188015143434292 2.8390749047057846
decision_type=2 2 2 2 2 2 2 2
left_child=-1 2 4 -4 -2 6 -3 -7
right_child=1 5 3 -5 -6 7 -8 -9
leaf_value=-0.015154447037863264 -0.0038004414125183839 0.0053191814405203668 -0.00059365355930242152 0.0080573732694927177 0.00042058223809935828 -0.0003794111548422457 -0.012826721533472965 -0.0048767822214952428
leaf_weight=20.176643535494804 925.07734324038029 22.520224511623383 391.92700731754303 287.6479956805706 1989.5220501348376 685.35170318186283 83.752168148756027 338.35082480311394
leaf_count=88 4267 108 1873 1390 9308 3174 371 1550
internal_value=-0.000812834 -0.000738812 -0.000160523 0.00309384 -0.000922519 -0.00257115 -0.00892795 -0.00187906
internal_weight=4744.33 4724.15 3594.17 679.575 2914.6 1129.97 106.272 1023.7
internal_count=22129 22041 16838 3263 13575 5203 479 4724
is_linear=0
shrinkage=0.02


Tree=93
num_leaves=14
num_cat=0
split_feature=3 4 4 3 4 7 4 3 3 0 7 0 3
split_gain=18.8675 13.9436 13.9135 29.1262 22.4964 10.1401 10.2832 7.46186 7.05375 6.27749 5.91887 5.47456 3.54247
threshold=29.635000228881839 11.339207192441407 18.406680754728004 25.444999694824222 27.7465996055608 -1.6306441050129219 13.66748576844577 34.385000228881843 16.479999542236332 0.93479988366753974 -1.1847032642922142 0.87196947395050461 33.545000076293952
decision_type=2 2 2 2 2 2 2 2 2 2 2 2 2
left_child=1 8 3 -3 -4 7 -7 11 10 -10 -1 -2 -8
right_child=5 2 4 -5 -6 6 12 -9 9 -11 -12 -13 -14
leaf_value=-0.018964249599600646 -0.0053360187477106899 0.001903596538960583 -0.0031654461258038636 -0.007541546665144545 0.00035462712299048232 0.011930651954822791 -0.0050442047338639488 0.016956477304931165 0.0067516407540800325 -0.0054111601624011888 -0.0063257529431223619 0.0060196869065761169 0.0033926339184602323
leaf_weight=23.810192912817001 15.749872073531149 1137.2467749863863 1701.4778728485107 143.5090180337429 1263.5088661313057 17.550143778324127 83.376426681876183 20.748864524066448 17.595649987459183 80.927607089281082 46.339935809373856 169.28231357038021 22.708209656178951
leaf_count=104 78 5299 7782 643 5882 90 395 171 83 367 209 898 128
internal_value=-0.000797063 -0.00114264 -0.000915133 0.000825081 -0.00166693 0.0037921 -0.000728846 0.00647043 -0.0067155 -0.00306029 -0.0114071 0.00496063 -0.00318058
internal_weight=4743.83 4414.42 4245.74 1280.76 2964.99 329.416 123.635 205.781 168.673 98.5233 70.1501 185.032 106.085
internal_count=22129 20369 19606 5942 13664 1760 613 1147 763 450 313 976 523
is_linear=0
shrinkage=0.02


Tree=94
num_leaves=12
num_cat=0
split_feature=3 5 5 6 5 7 5 5 6 5 7
split_gain=18.2178 11.6557 12.5187 15.2977 11.9205 8.69387 11.3322 11.0518 6.39195 8.44818 7.51112
threshold=30.654999732971195 0.61369473495398175 2.4076122658361645 -6.4796523918327518 5.827843798816259 -3.3215198894538056 3.7272411560608103 2.2202396008449337 -13.8375830059405 3.2294985079976226 -7.7182811443275208
decision_type=2 2 2 2 2 2 2 2 2 2 2
left_child=1 -1 3 -3 -4 8 7 -7 9 -2 -10
right_child=5 2 4 -5 -6 6 -8 -9 10 -11 -12
leaf_value=-0.014930780682620411 -0.010508633714998352 -0.0036108314838116783 -0.0028334481169497126 0.00038090702550331652 0.0056197923199284893 -0.0023997211489261753 -0.015092222952650391 0.010192854229095095 0.0033787417334125015 0.0095683898612758684 0.016060649734105901
leaf_weight=20.122606605291367 12.066369846463205 448.94681215286255 1461.6049093157053 2520.4534167051315 66.280019670724869 61.345377430319786 11.588788881897925 45.350282929837704 32.949556306004524 13.5314834266901 48.81283613294363
leaf_count=88 59 2055 6684 11746 315 310 53 250 197 74 298
internal_value=-0.000781317 -0.00105982 -0.000984539 -0.000226654 -0.00245303 0.00471556 0.00090723 0.00312758 0.00872811 -3.67435e-05 0.0113459
internal_weight=4743.05 4517.41 4497.29 2969.4 1527.88 225.645 118.284 106.696 107.36 25.5979 81.7624
internal_count=22129 20888 20800 13801 6999 1241 613 560 628 133 495
is_linear=0
shrinkage=0.02


Tree=95
num_leaves=11
num_cat=0
split_feature=3 5 5 7 6 7 5 5 5 5
split_gain=17.6622 11.2047 13.0846 24.3867 20.5249 9.66525 28.6781 16.0073 12.1002 13.521
threshold=29.635000228881839 0.61369473495398175 1.3207456005243199 3.2204484238214781 6.3006481082455936 -3.5256591813489844 3.9019259704076275 2.6714629612293783 1.6141785639259754 3.3103730062527243
decision_type=2 2 2 2 2 2 2 2 2 2
left_child=1 -1 3 -3 -4 8 7 -7 -2 -10
right_child=5 2 4 -5 -6 6 -8 -9 9 -11
leaf_value=-0.014715000318664089 0.022235809743743933 0.0029504336892745482 -0.0025175501036459754 -0.004818595719870639 0.00090761954331644113 -0.00014916885334701551 -0.022567047785465155 0.01505703532958017 0.00042218894218304642 0.01327186866791279
leaf_weight=20.068531483411789 15.343229614198206 685.43560807406902 2537.7359281927347 207.24325738847256 963.28854876756668 127.37772738188505 15.4137956649065 31.355568714439869 91.898575596511364 47.134810402989388
leaf_count=88 93 3244 11606 949 4482 647 68 177 507 268
internal_value=-0.000765872 -0.00109986 -0.00102435 0.00113334 -0.00157517 0.00368062 0.000418983 0.00315088 0.00725646 0.00502779
internal_weight=4742.3 4413.77 4393.7 892.679 3501.02 328.524 174.147 158.733 154.377 139.033
internal_count=22129 20369 20281 4193 16088 1760 892 824 868 775
is_linear=0
shrinkage=0.02


Tree=96
num_leaves=11
num_cat=0
split_feature=3 4 5 5 3 3 2 2 4 2
split_gain=17.381 11.7815 12.7524 13.6761 9.18212 18.7235 5.71649 5.26048 2.83328 1.11745
threshold=33.545000076293952 43.963538321007725 0.61369473495398175 2.4076122658361645 14.614999771118166 18.380000114440922 0.99124849052394082 0.97052990326292032 20.854269206750377 1.0298807057992403
decision_type=2 2 2 2 2 2 2 2 2 2
left_child=1 2 -1 -4 7 -6 -2 -3 -8 -10
right_child=6 4 3 -5 5 -7 8 -9 9 -11
leaf_value=-0.015838426490703238 -0.0029859621608904676 0.0020425808001843875 -0.00024907443107867455 -0.0025975762640441601 -0.0070795074745901403 0.0077951053086498237 0.0037273023934571697 0.012206657811611161 0.0055818697961538847 0.017009073416603893
leaf_weight=19.433436542749405 10.940398350358008 34.584195420145988 2952.7871079593897 1490.2539083510637 65.616040870547295 61.887143984436989 16.359411522746086 53.09423916041851 9.806156747043131 26.73320360481739
leaf_count=85 59 166 13746 6841 299 304 97 264 65 203
internal_value=-0.000750496 -0.000895528 -0.001117 -0.00103842 0.00363393 0.00015779 0.00930262 0.00846154 0.0118754 0.0147957
internal_weight=4741.5 4677.66 4462.47 4443.04 215.182 127.503 63.8392 87.6784 52.8988 36.5394
internal_count=22129 21705 20672 20587 1033 603 424 430 365 268
is_linear=0
shrinkage=0.02


Tree=97
num_leaves=12
num_cat=0
split_feature=3 4 7 3 3 3 3 2 2 4 7
split_gain=16.846 11.3481 15.1787 29.6411 17.5471 8.85707 18.0325 5.57223 5.08072 2.77916 1.35216
threshold=33.545000076293952 43.963538321007725 2.9665148163169253 19.314999580383304 14.614999771118166 14.614999771118166 18.380000114440922 0.99124849052394082 0.97052990326292032 20.854269206750377 -0.41299782591824247
decision_type=2 2 2 2 2 2 2 2 2 2 2
left_child=1 2 4 -4 -1 8 -7 -2 -3 -9 -11
right_child=7 5 3 -5 -6 6 -8 9 -10 10 -12
leaf_value=-0.0031496664297318111 -0.0029401725918360338 0.0020063736905563271 -0.00057202828753558858 -0.0070305008516733493 0.00039513617227053565 -0.0069442099357483102 0.0076559760501395758 0.0036717036759080779 0.01199876354349544 0.016939151427966793 0.0050768513358498421
leaf_weight=711.60157364606857 10.950757294893263 34.576401710510254 755.76513649523258 452.36497488617897 2542.492599144578 65.634328380227089 61.824881330132484 16.335800528526306 53.00409859418869 26.761353000998497 9.510368309915064
leaf_count=3275 59 166 3495 2046 11856 299 304 97 264 213 55
internal_value=-0.00073525 -0.000877755 -0.00109506 -0.00300552 -0.000382952 0.0035691 0.000155168 0.00918275 0.00831375 0.0117357 0.0146421
internal_weight=4740.82 4677.26 4462.22 1208.13 3254.09 215.04 127.459 63.5583 87.5805 52.6075 36.2717
internal_count=22129 21705 20672 5541 15131 1033 603 424 430 365 268
is_linear=0
shrinkage=0.02


Tree=98
num_leaves=13
num_cat=0
split_feature=3 4 4 3 4 2 7 7 3 2 1 7
split_gain=16.4297 13.6271 15.0766 29.7165 21.3747 9.37054 9.82062 13.0102 8.47316 8.23898 6.66065 6.02914
threshold=29.635000228881839 11.813083207946184 18.406680754728004 24.935000419616703 27.7465996055608 0.95896899393088242 -3.5256591813489844 -6.5685352344831189 16.479999542236332 1.0016460027162029 1.0283282990584364 -1.229811835758722
decision_type=2 2 2 2 2 2 2 2 2 2 2 2
left_child=1 8 3 -3 -4 -2 7 -7 11 -8 -10 -1
right_child=5 2 4 -5 -6 6 9 -9 10 -11 -12 -13
leaf_value=-0.017408575053792535 -0.010738049011733653 0.0022459036475732806 -0.0030147526295460233 -0.0071645972382743004 0.00041705781459001662 0.0030899134622453927 0.0070016476725851696 0.015206795195310541 0.00030953522448300179 -0.0022167342172473743 -0.0098250467229772445 -0.0061994452283585383
leaf_weight=29.329859212040901 13.670670196413992 1076.7030197232962 1700.8000733852386 149.32804273068905 1262.8632722496986 91.864609457552433 54.69469890743494 56.627911671996117 97.702226221561432 110.65214612334967 31.20329686999321 64.504676789045334
leaf_count=129 67 5024 7782 670 5882 509 282 333 451 569 139 292
internal_value=-0.000720214 -0.00104199 -0.00078274 0.00108015 -0.00155381 0.00357524 0.00432601 0.00798839 -0.0058186 0.000925947 -0.00236554 -0.0102716
internal_weight=4739.94 4412.43 4189.69 1226.03 2963.66 327.51 313.839 148.493 222.74 165.347 128.906 93.8345
internal_count=22129 20369 19358 5694 13664 1760 1693 842 1011 851 590 421
is_linear=0
shrinkage=0.02


Tree=99
num_leaves=8
num_cat=0
split_feature=3 5 5 4 7 0 4
split_gain=16.1366 10.8273 10.6379 29.7572 9.8084 5.44403 2.35562
threshold=33.545000076293952 0.61369473495398175 0.82411312825004113 16.878343993734433 2.9665148163169253 0.93313978806373077 20.854269206750377
decision_type=2 2 2 2 2 2 2
left_child=1 -1 3 -3 -4 -2 -7
right_child=5 2 4 -5 -6 6 -8
leaf_value=-0.014263992965002161 -0.00040860381326999817 -0.01077956519646216 -0.00033044720270331403 0.010352931883964646 -0.0023633780177034283 0.0044768563564483114 0.015531801143276487
leaf_weight=19.943400740623474 17.673708818852901 32.733596101403236 3176.6180994659662 95.852832123637199 1350.9470008909702 15.496153615415095 29.996731996536255
leaf_count=88 102 148 14776 468 6225 93 229
internal_value=-0.000706382 -0.000845498 -0.000775829 0.00481043 -0.000938589 0.00902913 0.0124323
internal_weight=4739.26 4676.09 4656.15 128.586 4527.57 63.1666 45.4929
internal_count=22129 21705 21617 616 21001 424 322
is_linear=0
shrinkage=0.02


Tree=100
num_leaves=10
num_cat=0
split_feature=3 5 5 6 3 2 6 6 3
split_gain=15.6296 10.5023 10.2206 9.70859 7.05124 5.33829 3.15076 5.00728 0.42983
threshold=33.545000076293952 0.61369473495398175 0.82411312825004113 10.271368398731918 13.444999694824221 0.99124849052394082 -2.232699916521891 -5.4115376952594163 34.385000228881843
decision_type=2 2 2 2 2 2 2 2 2
left_child=1 -1 4 -4 -3 -2 7 -7 -8
right_child=5 2 3 -5 -6 6 8 -9 -10
leaf_value=-0.014060462394806768 -0.0029315357572333297 0.012335910285192488 -0.0012946832416567942 0.0013625347538165358 0.0018335302251126576 0.010720986064903001 0.0072100142373121802 -0.0051465737509866398 0.019582425945177541
leaf_weight=19.885929271578789 10.947645045816897 31.680549681186676 3890.3513715416193 637.09911143779755 96.82731531560421 20.19814321398735 8.6190506368875521 8.9477417469024676 14.178523570299147
leaf_count=88 59 157 18021 2980 459 148 52 57 108
internal_value=-0.000692284 -0.000828929 -0.000760395 -0.000919889 0.00471687 0.00890903 0.0114357 0.00581645 0.0166792
internal_weight=4738.74 4675.84 4655.96 4527.45 128.508 62.8911 51.9435 29.1459 22.7976
internal_count=22129 21705 21617 21001 616 424 365 205 160
is_linear=0
shrinkage=0.02


Tree=101
num_leaves=13
num_cat=0
split_feature=3 4 5 6 5 5 3 3 2 3 6 1
split_gain=15.366 12.1451 11.9919 18.2129 12.8137 7.93108 7.60412 6.22707 7.06949 6.98446 7.32657 5.87725
threshold=30.654999732971195 11.339207192441407 2.8706803019186036 10.074550115621165 5.827843798816259 1.4959344101272201 13.824999809265138 34.385000228881843 1.0279798806867124 30.92499923706055 -5.7847248146630328 0.98087673008523235
decision_type=2 2 2 2 2 2 2 2 2 2 2 2
left_child=1 5 3 -3 -4 11 -7 9 -9 -2 -11 -1
right_child=7 2 4 -5 -6 6 -8 8 -10 10 -12 -13
leaf_value=-0.010378506662749485 0.012616986480280179 -0.00067032632283581858 -0.0033183906587506756 0.0040686549652256526 0.0055754179308769155 -0.020354850337411533 -0.0064204069334186081 3.5407387810262698e-05 0.017760532402008814 -0.0031349743421540967 0.0050883958449858616 0.0028859158023391207
leaf_weight=13.806820228695868 21.241919666528702 3021.2178788483143 898.06572367250919 359.35986818373203 66.23464398086071 17.400332376360893 89.167876467108727 13.784755840897558 22.020421452820301 77.387175127863884 89.132649198174477 49.592909470200539
leaf_count=61 114 13993 4108 1700 315 75 405 86 180 390 471 231
internal_value=-0.000677976 -0.000932812 -0.000724627 -0.000162353 -0.002687 -0.00611561 -0.00934967 0.00439428 0.0116258 0.00280153 0.00128284 -0.000447236
internal_weight=4738.41 4514.85 4344.88 3380.58 964.3 169.968 106.568 223.567 35.8052 187.762 166.52 63.3997
internal_count=22129 20888 20116 15693 4423 772 480 1241 266 975 861 292
is_linear=0
shrinkage=0.02


Tree=102
num_leaves=14
num_cat=0
split_feature=3 3 7 3 6 1 0 7 6 2 2 2 7
split_gain=14.9457 10.1842 30.0037 21.6858 10.8503 19.1889 17.7829 9.20707 9.31836 6.59937 6.37987 5.20157 3.30387
threshold=29.635000228881839 12.765000343322756 -2.531618912906104 12.555000305175783 6.3006481082455936 0.96205482351449212 0.97796278667254344 0.58889869507675607 -21.13752390320666 1.0397599191167215 0.96367503119809073 1.0076747879230683 2.1974818840719323
decision_type=2 2 2 2 2 2 2 2 2 2 2 2 2
left_child=1 2 11 -4 6 -6 -3 8 -2 12 -10 -1 -9
right_child=7 4 3 -5 5 -7 -8 9 10 -11 -12 -13 -14
leaf_value=-0.016397607221716619 -0.0075133143050217189 -0.0026065703062928664 0.0018599221016704407 0.01612076893202815 -0.0006313027372199417 0.0067170711654039065 0.0009512922487873609 -0.00060651859946467127 -0.0061739088876156976 0.0052706143820450413 0.0070014493728350882 -0.0019058649164840262 -0.011324052083244105
leaf_weight=26.440822720527649 18.178769022226334 2420.4779537469149 139.04163198173046 58.346286237239838 855.01888611912727 166.36497177183628 729.16861562430859 19.418526589870453 12.700677782297133 22.57623390853405 227.4424054697156 16.418497502803802 26.037412986159325
leaf_count=114 86 11094 652 287 3968 786 3393 93 65 118 1281 75 117
internal_value=-0.000664456 -0.000970951 0.00300124 0.00631178 -0.0012024 0.000587149 -0.00178273 0.00343998 0.00514897 -0.00297473 0.0062149 -0.0114827 -0.00716494
internal_weight=4737.63 4411.28 240.247 197.388 4171.03 1021.38 3149.65 326.354 258.322 68.0322 240.143 42.8593 45.4559
internal_count=22129 20369 1128 939 19241 4754 14487 1760 1432 328 1346 189 210
is_linear=0
shrinkage=0.02


Tree=103
num_leaves=11
num_cat=0
split_feature=3 4 7 3 3 3 3 0 0 7
split_gain=14.5645 10.654 15.4696 29.1627 17.3583 8.30844 17.6744 5.0128 4.768 0.847501
threshold=34.385000228881843 43.963538321007725 2.9665148163169253 19.314999580383304 14.614999771118166 14.614999771118166 18.345000267028812 0.80626808437488573 0.93727199783281911 -0.46308118952088739
decision_type=2 2 2 2 2 2 2 2 2 2
left_child=1 2 4 -4 -1 7 -7 -3 -2 -10
right_child=8 5 3 -5 -6 6 -8 -9 9 -11
leaf_value=-0.0030027459468234398 -0.0013520387499694761 0.014937231300367153 -0.00047666503663165087 -0.0068788030581876667 0.00051973534266807188 -0.0068972637591870715 0.0075386858027556196 0.0044905696874053295 0.018006523302880491 0.0063633844665566047
leaf_weight=711.37379561364651 8.3613424152135831 26.378667831420898 755.5892064422369 453.21139834821224 2566.1347694247961 64.573892787098885 63.144071042537689 61.069700121879578 17.059530235826969 10.060031592845919
leaf_count=3275 53 132 3495 2054 12004 294 311 298 152 61
internal_value=-0.000651406 -0.000752369 -0.000961945 -0.00289177 -0.000247537 0.00355519 0.000252098 0.00815732 0.0114477 0.0150606
internal_weight=4736.96 4701.48 4486.31 1208.8 3277.51 215.166 127.718 87.4484 35.4809 27.1196
internal_count=22129 21863 20828 5549 15279 1035 605 430 266 213
is_linear=0
shrinkage=0.02


Tree=104
num_leaves=10
num_cat=0
split_feature=3 4 4 5 5 3 2 6 3
split_gain=14.1676 10.4014 9.55741 11.531 8.67616 8.02272 6.90625 5.78384 3.21247
threshold=34.385000228881843 10.754634089682572 43.963538321007725 1.91877429543808 1.2848482100906058 14.614999771118166 1.0279798806867124 -3.0719920853715217 16.045000076293949
decision_type=2 2 2 2 2 2 2 2 2
left_child=1 4 3 -3 8 -4 -2 -6 -1
right_child=6 2 5 -5 7 -7 -8 -9 -10
leaf_value=-0.003085672786765979 -9.1849651836764165e-05 0.0002955186123711232 0.0080183195892596509 -0.0017608458133969804 -0.015962179312674313 0.00024758485535837405 0.017474368662174986 -0.0050650019064559168 0.0089725513693965069
leaf_weight=15.580447614192964 13.717971250414847 2068.0563275516033 87.367724493145943 2301.8037225008011 31.917345747351646 127.66741733253002 21.547788001596928 55.734442502260208 12.74710403382778
leaf_count=71 86 9671 430 10629 142 605 180 254 61
internal_value=-0.000637923 -0.000737246 -0.000584589 -0.000788282 -0.00655137 0.00349357 0.011328 -0.00955654 0.00277922
internal_weight=4736.14 4700.87 4584.9 4369.86 115.979 215.035 35.2658 87.6518 28.3276
internal_count=22129 21863 21335 20300 528 1035 266 396 132
is_linear=0
shrinkage=0.02


Tree=105
num_leaves=14
num_cat=0
split_feature=3 4 4 3 4 5 5 3 7 5 5 5 5
split_gain=13.978 12.4891 14.5888 28.6073 20.1088 10.0615 14.2143 14.0671 8.78639 27.5124 15.6745 12.004 13.5675
threshold=29.635000228881839 11.813083207946184 18.406680754728004 24.935000419616703 27.7465996055608 1.7186377557401407 0.88989576635561018 19.744999885559086 -3.5256591813489844 3.9019259704076275 2.6714629612293783 1.6141785639259754 3.3103730062527243
decision_type=2 2 2 2 2 2 2 2 2 2 2 2 2
left_child=1 5 3 -3 -4 6 -1 -7 11 10 -10 -2 -13
right_child=8 2 4 -5 -6 7 -8 -9 9 -11 -12 12 -14
leaf_value=-0.017910645868793786 0.021803281148125273 0.0023025424665653999 -0.0028493986175029372 -0.006934530226468537 0.00047991324052119069 -0.01466438749337404 0.0018308429454602635 -0.00012188188885789479 -0.00033100216757291648 -0.022284449969432348 0.014775264899030551 -4.7202370656804132e-05 0.012880645951165802
leaf_weight=13.096020400524138 15.035187393426893 1076.4993147403002 1700.0035832375288 149.19920770823956 1262.1611552089453 72.069636851549149 96.034114107489586 41.021837949752808 126.65759662538767 15.379601165652273 31.027301006019115 90.829210355877876 46.515019215643406
leaf_count=56 93 5024 7782 670 5882 319 446 190 647 68 177 507 268
internal_value=-0.000625087 -0.000921202 -0.000673258 0.00115925 -0.00143206 -0.00549928 -0.00108772 -0.00957373 0.00335003 0.000239607 0.00293342 0.00678618 0.00457175
internal_weight=4735.53 4410.08 4187.86 1225.7 2962.16 222.222 109.13 113.091 325.444 173.064 157.685 152.379 137.344
internal_count=22129 20369 19358 5694 13664 1011 502 509 1760 892 824 868 775
is_linear=0
shrinkage=0.02


Tree=106
num_leaves=11
num_cat=0
split_feature=0 4 5 5 4 6 5 1 2 1
split_gain=11.4284 12.7305 10.2328 9.59545 29.337 8.5338 4.43466 5.23048 1.26463 0.664934
threshold=1.0114235679137955 26.477556220622414 0.61369473495398175 0.82411312825004113 12.532372806189331 10.271368398731918 2.0418905653213089 1.1653714002390823 1.0563813220351264 1.1715836099800685
decision_type=2 2 2 2 2 2 2 2 2 2
left_child=2 6 -1 4 -4 -5 8 -8 -2 -3
right_child=1 9 3 5 -6 -7 7 -9 -10 -11
leaf_value=-0.013827961897282245 0.00019685830169276932 0.02146221589867385 -0.019873959168631421 -0.0011905565452838946 0.0080548597590618491 0.0012956806374160024 0.011126493276310892 -0.003860644120373805 -0.0078609535774309507 0.0085681607520402044
leaf_weight=19.813795506954193 13.40900892019272 13.109622173011305 13.363989651203154 3860.5837523713708 114.88105390965939 640.90734108537436 21.169507548213005 12.208052240312098 13.98449035733938 11.322537861764429
leaf_count=88 63 73 57 17988 558 3003 110 60 64 65
internal_value=-0.000612863 0.00647985 -0.000748295 -0.00068043 0.00463139 -0.000835738 0.00122781 0.00581833 -0.00439416 0.0175328
internal_weight=4734.75 85.2032 4649.55 4629.74 128.245 4501.49 60.7711 33.3776 27.3935 24.4322
internal_count=22129 435 21694 21606 615 20991 297 170 127 138
is_linear=0
shrinkage=0.02


Tree=107
num_leaves=7
num_cat=0
split_feature=3 5 5 4 3 0
split_gain=13.5776 9.98217 9.23792 28.473 9.61066 4.62223
threshold=34.385000228881843 0.61369473495398175 0.82411312825004113 12.532372806189331 16.105000495910648 0.93727199783281911
decision_type=2 2 2 2 2 2
left_child=1 -1 3 -3 -4 -2
right_child=5 2 4 -5 -6 -7
leaf_value=-0.013632151187171943 -0.001412359893582435 -0.019556531399160408 -0.0020144454241610202 0.0079504561403296575 -9.7181160766934098e-05 0.014767050018125918
leaf_weight=19.754485234618187 8.3287036269903165 13.374104484915732 1623.1066035032272 114.96308483183384 2928.4709515199065 26.616760544478893
leaf_count=88 53 57 7488 559 13671 213
internal_value=-0.000600552 -0.000697432 -0.000631238 0.00457947 -0.000782052 0.0111619
internal_weight=4734.61 4699.67 4679.91 128.337 4551.58 34.9455
internal_count=22129 21863 21775 616 21159 266
is_linear=0
shrinkage=0.02


Tree=108
num_leaves=12
num_cat=0
split_feature=3 4 4 6 4 6 3 2 6 4 1
split_gain=13.3211 10.893 10.8894 24.984 18.0441 7.59302 8.80047 6.68719 8.91835 8.00825 3.93625
threshold=30.654999732971195 11.339207192441407 18.562289596305053 -12.987017391064951 24.567013306977703 -6.2275768393392879 16.479999542236332 0.9661750880067923 -2.1634139817974569 17.169675915218431 0.97946638293399879
decision_type=2 2 2 2 2 2 2 2 2 2 2
left_child=1 5 3 -3 -4 -1 -7 -2 9 -9 -10
right_child=7 2 4 -5 -6 6 -8 8 10 -11 -12
leaf_value=-0.015750701490469577 -0.0090348068174612769 -0.016101221936289677 -0.0031726586777817414 0.0012977213394034749 -1.5631475140561773e-05 -0.0093550202512675557 0.00036290459484574557 -0.0090340583295443963 0.00096579517339158666 0.0037789189061653585 0.012102881147144874
leaf_weight=22.245119646191597 10.912529468536375 29.87000298500061 1216.1005607098341 1315.2813276052475 1781.6876263618469 61.721055969595909 85.460051864385605 19.640026189386845 16.447878271341324 109.80614224821329 65.110233627259731
leaf_count=99 54 129 5572 6124 8291 278 395 97 80 617 393
internal_value=-0.000588811 -0.00082542 -0.000628526 0.000864774 -0.00129885 -0.00574155 -0.00385204 0.00415174 0.00498911 0.00162237 0.010007
internal_weight=4734.28 4512.37 4342.94 1345.15 2997.79 169.426 147.181 221.917 211.004 129.446 81.5581
internal_count=22129 20888 20116 6253 13863 772 673 1241 1187 714 473
is_linear=0
shrinkage=0.02


Tree=109
num_leaves=7
num_cat=0
split_feature=3 5 5 4 3 2
split_gain=12.9416 9.69093 8.86072 27.4745 9.12803 6.76087
threshold=34.385000228881843 0.61369473495398175 0.82411312825004113 12.532372806189331 16.105000495910648 1.0279798806867124
decision_type=2 2 2 2 2 2
left_child=1 -1 3 -3 -4 -2
right_child=5 2 4 -5 -6 -7
leaf_value=-0.013433423923398132 -0.00029652713478269476 -0.019205576456561679 -0.0019556381300644397 0.0078127904058329558 -8.7083375202754899e-05 0.017133158074737614
leaf_weight=19.692006900906563 13.61757295578718 13.379304230213164 1623.0410037189722 114.8581532984972 2928.1326892226934 20.995414525270462
leaf_count=88 86 57 7488 559 13671 180
internal_value=-0.000577841 -0.00067204 -0.00060691 0.00449823 -0.00075458 0.0109555
internal_weight=4733.72 4699.1 4679.41 128.237 4551.17 34.613
internal_count=22129 21863 21775 616 21159 266
is_linear=0
shrinkage=0.02


Tree=110
num_leaves=13
num_cat=0
split_feature=3 4 4 3 6 6 5 7 6 6 3 4
split_gain=12.6347 11.4158 13.6624 27.6265 19.5488 11.3289 15.1441 8.63186 9.06999 6.11052 3.02874 2.21307
threshold=29.635000228881839 11.813083207946184 18.406680754728004 24.935000419616703 -12.062758459806249 6.0621557705223266 1.7795261814043675 0.58889869507675607 -21.13752390320666 2.724319297413325 30.274999618530277 19.158315257980373
decision_type=2 2 2 2 2 2 2 2 2 2 2 2
left_child=1 5 3 -3 -4 6 -1 8 -2 -10 -9 -12
right_child=7 2 4 -5 -6 -7 -8 10 9 -11 11 -13
leaf_value=-0.0013127609474049224 -0.0076032521927406364 0.0022859313622331655 0.0039316396347749407 -0.0067932281620321821 -0.0018430290625343574 0.01082211478578044 -0.012049254500118548 -0.0098503972247276812 0.0041495794975999088 0.012026148140476313 -0.0056472124336245759 0.0023497802577923822
leaf_weight=112.51197542250156 18.137720689177513 1076.4205089658499 252.93858417868614 149.13386535644531 2708.7075135558844 12.876096218824385 96.461791843175888 14.986926496028898 189.35353973507881 49.063255988061428 17.369640931487083 35.411256313323975
leaf_count=517 86 5024 1182 670 12482 62 432 67 1062 284 83 178
internal_value=-0.000566487 -0.00084765 -0.000610783 0.00116261 -0.00134521 -0.00522828 -0.00640192 0.00321959 0.00488252 0.00594217 -0.00299716 -0.000494376
internal_weight=4733.37 4409.05 4187.2 1225.55 2961.65 221.85 208.974 324.322 256.555 238.417 67.7678 52.7809
internal_count=22129 20369 19358 5694 13664 1011 949 1760 1432 1346 328 261
is_linear=0
shrinkage=0.02


Tree=111
num_leaves=10
num_cat=0
split_feature=3 7 3 3 7 3 5 4 7
split_gain=12.3967 10.1539 43.2801 24.2486 33.6305 22.2575 21.0687 18.85 4.85027
threshold=34.385000228881843 0.97192838342499011 23.944999694824222 14.614999771118166 -1.2817766816201781 12.994999885559084 1.2848482100906058 23.111015028167991 -0.46308118952088739
decision_type=2 2 2 2 2 2 2 2 2
left_child=1 3 5 4 -1 -3 -5 -4 -2
right_child=8 2 7 6 -6 -7 -8 -9 -10
leaf_value=-0.0080514535433054476 0.015663421872784068 0.0056240964339819722 -0.014109506726595238 0.0062517954384832645 0.0024997064897011841 -0.0013771127883594838 0.00036339437854378829 -0.0026217821767595319 0.00031009501322462911
leaf_weight=291.37042813003063 22.038263060152531 198.93728618323803 143.03341774642467 278.14116620272398 201.92986792325974 1729.0878051817417 1758.781993329525 97.008857905864716 12.274425797164438
leaf_count=1308 194 945 634 1337 951 7997 8245 446 72
internal_value=-0.000555406 -0.000647266 -0.00165037 0.000213508 -0.00374703 -0.000644566 0.00117813 -0.00958601 0.010777
internal_weight=4732.6 4698.29 2168.07 2530.22 493.3 1928.03 2036.92 240.042 34.3127
internal_count=22129 21863 10022 11841 2259 8942 9582 1080 266
is_linear=0
shrinkage=0.02


Tree=112
num_leaves=13
num_cat=0
split_feature=3 7 3 3 7 3 7 7 1 3 0 2
split_gain=12.0933 8.92499 40.9876 22.6422 32.3267 21.394 11.9075 11.5439 4.99947 2.05502 2.1824 1.94519
threshold=33.545000076293952 0.97192838342499011 23.944999694824222 14.614999771118166 -1.2817766816201781 12.994999885559084 -8.5713790874952647 9.7286886328025908 0.99920829239698816 34.385000228881843 0.97013787811310526 1.0360696124223912
decision_type=2 2 2 2 2 2 2 2 2 2 2 2
left_child=1 3 5 4 -1 -3 -5 -4 -2 10 -10 -11
right_child=8 2 7 6 -6 -7 -8 -9 9 11 -12 -13
leaf_value=-0.0078945067790982069 -0.0044693393228000733 0.0055150786367335163 -0.010531310733328166 -0.0029933641188180904 0.0024510034397563197 -0.0013496668368510008 0.0016664655472825455 0.0066349155742414304 0.0091315240858026968 0.0043928950688394289 -0.0020102414410376529 0.017106876744379315
leaf_weight=291.29998074471951 8.6234571337699872 198.89185757935047 221.47920267283916 246.6328392624855 201.90325409173965 1729.0461647063494 1767.626079455018 14.211114242672918 12.393911629915239 10.583802267909052 10.212380588054655 18.901146121323109
leaf_count=1308 43 945 992 1149 951 7997 8295 68 77 76 61 167
internal_value=-0.00054431 -0.000662724 -0.0016026 0.000149531 -0.00367371 -0.000631527 0.0010911 -0.00940281 0.00804369 0.0102862 0.00455272 0.013613
internal_weight=4731.81 4671.09 2163.63 2507.46 493.203 1927.94 2014.26 235.69 60.7147 52.0912 22.6063 29.4849
internal_count=22129 21705 10002 11703 2259 8942 9444 1060 424 381 138 243
is_linear=0
shrinkage=0.02


Tree=113
num_leaves=13
num_cat=0
split_feature=0 4 4 5 4 2 6 1 5 1 1 2
split_gain=10.8242 12.1816 10.0173 11.011 19.4704 10.7614 7.87254 6.67831 4.31102 3.82021 0.705118 0.349279
threshold=1.0114235679137955 26.477556220622414 43.389781007442217 2.4076122658361645 39.728626597457989 1.036870866047185 -9.6723648241756752 1.0831527138923558 1.8066014160905277 1.1653714002390823 1.1715836099800685 1.0484332900318709
decision_type=2 2 2 2 2 2 2 2 2 2 2 2
left_child=2 8 3 4 -1 -5 11 -8 -2 -10 -3 -4
right_child=1 10 6 5 -6 -7 7 -9 9 -11 -12 -13
leaf_value=0.00012639538950735523 -0.0056895175988662663 0.021169875434728799 0.016651262714672252 -0.0030852514831880744 -0.0090457236248616089 0.0013557305150860056 0.0030007549286155044 -0.0097020131979506669 0.0085279766095939478 -0.003681889105863847 0.0083292933940772914 0.0067359166814967529
leaf_weight=2847.7631954848766 19.931029938161373 13.000421039760115 11.817139193415644 1209.1766913533211 91.683051437139511 263.71524886786938 196.37188608944416 14.159613311290739 28.415786452591419 12.260729551315306 11.218574509024618 11.555529356002806
leaf_count=13315 92 73 62 5569 417 1266 938 67 144 61 65 60
internal_value=-0.000533206 0.00638403 -0.000664877 -0.000879706 -0.000171592 -0.00228859 0.00333428 0.00198144 0.00124467 0.00484753 0.0172457 0.0134498
internal_weight=4731.07 84.8265 4646.24 4412.34 2939.45 1472.89 233.904 210.531 60.6075 40.6765 24.219 23.3727
internal_count=22129 435 21694 20567 13732 6835 1127 1005 297 205 138 122
is_linear=0
shrinkage=0.02


Tree=114
num_leaves=12
num_cat=0
split_feature=3 3 1 1 5 0 2 7 5 7 2
split_gain=11.9034 9.44811 27.4327 27.7566 16.6653 12.8629 8.52259 8.87195 22.9803 12.5708 7.9652
threshold=29.635000228881839 12.765000343322756 1.0180437639142621 0.93777785486639609 0.61369473495398175 0.97796278667254344 0.95896899393088242 -3.5256591813489844 3.9019259704076275 -6.5685352344831189 1.0070602039446175
decision_type=2 2 2 2 2 2 2 2 2 2 2
left_child=1 2 3 -1 -3 -6 -2 9 -9 -8 -4
right_child=6 4 10 -5 5 -7 7 8 -10 -11 -12
leaf_value=-0.0018608801796988872 -0.010464218623948918 -0.018479268625319435 -0.017134960361305226 0.013443933040239031 -0.0014369327376297846 0.0014917792518139965 0.0025854519695944285 0.0031151879249354027 -0.020954849409413338 0.014572254556174736 -0.0019412449264047508
leaf_weight=83.957603096961975 13.689324826002119 17.760151714086533 22.736666694283485 102.33833274245262 3426.0181350857019 723.58061052858829 90.573522932827473 150.03224550932646 13.691246144473551 55.391404002904892 30.951851591467857
leaf_count=389 67 78 98 499 15789 3374 509 790 61 333 142
internal_value=-0.000521991 -0.000794652 0.00303275 0.00665241 -0.00101776 -0.000925298 0.00315843 0.00388635 0.000650606 0.00740161 -0.00911762
internal_weight=4730.72 4407.34 239.984 186.296 4167.36 4149.6 323.378 309.688 163.723 145.965 53.6885
internal_count=22129 20369 1128 888 19241 19163 1760 1693 851 842 240
is_linear=0
shrinkage=0.02


Tree=115
num_leaves=9
num_cat=0
split_feature=3 4 5 5 3 3 2 2
split_gain=11.5309 9.34501 10.6022 11.0612 7.72507 16.9022 6.5888 5.00393
threshold=34.385000228881843 43.963538321007725 0.61369473495398175 1.91877429543808 14.614999771118166 18.380000114440922 1.0279798806867124 0.97052990326292032
decision_type=2 2 2 2 2 2 2 2
left_child=1 2 -1 -4 7 -6 -2 -3
right_child=6 4 3 -5 5 -7 -8 -9
leaf_value=-0.014353062796404987 -0.00055472014383821518 0.0016602899185415416 0.00032074470736384207 -0.0016719347352830713 -0.0066281584123058139 0.007498873373440058 0.01672059451934101 0.011541633974908268
leaf_weight=18.969742208719254 13.483339965343474 34.486761838197708 2118.9783142060041 2343.4506775438786 65.646474078297615 61.965280994772911 20.290435552597046 52.766180828213692
leaf_count=85 86 166 9909 10834 299 306 180 264
internal_value=-0.000512242 -0.00060027 -0.000796704 -0.000726274 0.00343642 0.000251022 0.0104954 0.00788001
internal_weight=4730.04 4696.26 4481.4 4462.43 214.865 127.612 33.7738 87.2529
internal_count=22129 21863 20828 20743 1035 605 266 430
is_linear=0
shrinkage=0.02


Tree=116
num_leaves=13
num_cat=0
split_feature=3 5 3 0 0 5 3 2 7 5 7 1
split_gain=11.324 9.06746 17.5893 33.999 18.086 10.1559 12.1713 8.20467 8.59197 22.231 12.2358 2.67701
threshold=29.635000228881839 2.8706803019186036 24.710000038146976 0.95021858819286042 0.95808116734326887 5.827843798816259 25.835000038146976 0.95896899393088242 -3.5256591813489844 3.9019259704076275 -6.5685352344831189 0.91691977024953675
decision_type=2 2 2 2 2 2 2 2 2 2 2 2
left_child=1 2 4 -4 -1 6 -3 -2 10 -10 -9 -7
right_child=7 5 3 -5 -6 11 -8 8 9 -11 -12 -13
leaf_value=-0.0010442217506926605 -0.01025949571709695 -0.003919234029406405 0.0021871993477786153 -0.010182421453192668 0.0020696995429748104 0.0005464996455351429 0.0033251862665978084 0.0025255342482589345 0.0030511462094842223 -0.020621789502158778 0.014372283447608065 0.0086115571030632929
leaf_weight=1881.6214889287949 13.725257664918898 776.87703301012516 162.45541842281818 189.1555360108614 1230.6045862883329 30.641971528530121 102.1920685172081 90.440623261034489 149.85873103141785 13.69574999809265 55.074518322944641 33.086258947849274
leaf_count=8695 67 3542 753 844 5756 144 477 509 790 61 333 158
internal_value=-0.000501808 -0.000767576 -0.000293112 -0.00450695 0.000188129 -0.00250215 -0.00306582 0.00309131 0.0038077 0.000623842 0.00727384 0.004995
internal_weight=4729.43 4406.63 3463.84 351.611 3112.23 942.797 879.069 322.795 309.07 163.554 145.515 63.7282
internal_count=22129 20369 16048 1597 14451 4321 4019 1760 1693 851 842 302
is_linear=0
shrinkage=0.02


Tree=117
num_leaves=12
num_cat=0
split_feature=3 4 7 3 3 3 7 2 1 4 2
split_gain=11.1296 9.08401 10.2241 26.2332 12.8537 6.15855 9.27732 5.88 4.73711 5.59321 0.949219
threshold=33.545000076293952 10.754634089682572 2.9665148163169253 19.314999580383304 14.614999771118166 20.195000648498539 -1.0869551675062186 0.99299938537789079 0.99920829239698816 20.684123535413764 1.0199562892661693
decision_type=2 2 2 2 2 2 2 2 2 2 2
left_child=1 5 4 -4 -3 6 -1 -7 -2 -10 -11
right_child=8 2 3 -5 -6 7 -8 -9 9 10 -12
leaf_value=-0.018020156766023195 -0.0043656563808180835 -0.0022629193714612875 8.682820611211509e-05 -0.0057271781183981223 0.00082709361325264451 0.0098226584407203263 -0.0033624890665897218 -0.0047001221399191788 -0.0002275352619057796 0.0049747374273088913 0.015868696818621991
leaf_weight=26.773232579231262 8.6300282776355726 682.33539986610413 908.19404429197311 467.54374933242798 2495.7418809682131 12.434973344206808 44.793662264943123 30.689545571804047 15.292426414787768 8.9544468373060209 27.11922188103199
leaf_count=119 43 3148 4226 2133 11673 60 205 141 94 61 226
internal_value=-0.000492021 -0.000605078 -0.000462286 -0.00189993 0.000161655 -0.00606798 -0.00950954 -3.41642e-05 0.00779326 0.0100039 0.013931
internal_weight=4728.5 4668.51 4553.82 1375.74 3178.08 114.691 71.5669 43.1245 59.9961 51.3661 36.0737
internal_count=22129 21705 21180 6359 14821 525 324 201 424 381 287
is_linear=0
shrinkage=0.02


Tree=118
num_leaves=8
num_cat=0
split_feature=3 7 6 7 7 2 1
split_gain=10.8279 9.33353 15.7205 11.7606 10.5495 6.38979 4.09498
threshold=34.385000228881843 -21.245075645244849 -12.343336186439776 -12.371436814434405 0.97192838342499011 1.0352787472827529 1.2369443472012298
decision_type=2 2 2 2 2 2 2
left_child=1 2 -1 6 -5 -2 -3
right_child=5 3 -4 4 -6 -7 -8
leaf_value=0.019020121830090997 -4.0913856259584564e-05 -0.010728678399870066 -0.0064107057572340203 0.00041147504111398544 -0.0015118495178528292 0.016899740880475175 -0.0019083414605984869
leaf_weight=20.492118805646896 14.634256355464457 56.857504770159721 13.502780273556708 2402.1941399797797 2166.0229442566633 18.67677153646946 35.308895662426949
leaf_count=107 96 257 63 11247 10022 170 167
internal_value=-0.000482383 -0.000567208 0.00930751 -0.000647158 -0.000500995 0.0102508 -0.00756954
internal_weight=4727.69 4694.38 33.9949 4660.38 4568.22 33.311 92.1664
internal_count=22129 21863 170 21693 21269 266 424
is_linear=0
shrinkage=0.02


Tree=119
num_leaves=12
num_cat=0
split_feature=3 4 7 3 3 3 3 1 4 2 5
split_gain=10.532 9.02225 12.2779 28.8204 11.4049 7.60863 15.9688 5.21262 5.05668 4.81866 1.20357
threshold=33.545000076293952 43.963538321007725 3.9022811370281847 18.904999732971195 16.105000495910648 14.614999771118166 18.345000267028812 0.99531942779408322 20.684123535413764 0.97052990326292032 4.0519237933488546
decision_type=2 2 2 2 2 2 2 2 2 2 2
left_child=1 2 4 -4 -1 9 -7 -2 -9 -3 -10
right_child=7 5 3 -5 -6 6 -8 8 10 -11 -12
leaf_value=-0.0017636379739185942 -0.0052067691718946001 0.0016878244702743261 0.00025225377064638061 -0.0069803966100807774 0.0005956399276525132 -0.006560369907469785 0.0071874694162015699 0.00021762398763679403 0.015503626572661782 0.011395631103898778 0.0036874259725218242
leaf_weight=1272.1067811697721 8.3059491664171201 34.488796666264534 510.71227905154228 383.2945661097765 2287.285464823246 64.585600763559341 62.630473002791405 15.595065742731093 28.400352098047733 52.690908342599869 7.239715300500392
leaf_count=5876 41 166 2363 1746 10687 294 309 96 236 264 51
internal_value=-0.000472495 -0.000582109 -0.000776112 -0.00286594 -0.000248586 0.00338811 0.000220686 0.00761647 0.00992182 0.00779769 0.0137177
internal_weight=4727.34 4667.79 4453.4 894.007 3559.39 214.396 127.216 59.5411 51.2351 87.1797 35.6401
internal_count=22129 21705 20672 4109 16563 1033 603 424 383 430 287
is_linear=0
shrinkage=0.02


Tree=120
num_leaves=7
num_cat=0
split_feature=3 5 5 6 2 2
split_gain=10.2633 8.86962 7.97173 8.96633 6.80996 6.2441
threshold=34.385000228881843 0.61369473495398175 0.82411312825004113 10.271368398731918 1.0028502444423617 1.0352787472827529
decision_type=2 2 2 2 2 2
left_child=1 -1 4 -4 -3 -2
right_child=5 2 3 -5 -6 -7
leaf_value=-0.01280935431330046 -0.00010698473940550417 0.0010048081744632184 -0.00098208327149819819 0.0015692452706489437 0.010602129521877795 0.016684828775137512
leaf_weight=19.475371584296227 14.591428175568579 86.277798786759377 3908.3706248402596 637.62665365636349 41.778886198997498 18.345789916813374
leaf_count=88 96 411 18170 2989 205 170
internal_value=-0.000462787 -0.000544976 -0.000482965 -0.000623166 0.00436226 0.0100399
internal_weight=4726.47 4693.53 4674.05 4546 128.057 32.9372
internal_count=22129 21863 21775 21159 616 266
is_linear=0
shrinkage=0.02


Tree=121
num_leaves=12
num_cat=0
split_feature=3 4 5 6 5 6 3 2 6 5 4
split_gain=10.1556 10.019 10.3792 17.2941 11.6536 7.39398 8.24003 6.66044 8.94309 9.56089 3.10082
threshold=30.654999732971195 11.339207192441407 2.8706803019186036 10.074550115621165 5.827843798816259 -6.2275768393392879 16.479999542236332 0.96367503119809073 -2.1634139817974569 1.7531712250898928 27.631911691713011
decision_type=2 2 2 2 2 2 2 2 2 2 2
left_child=1 5 3 -3 -4 -1 -7 -2 9 -9 -10
right_child=7 2 4 -5 -6 6 -8 8 10 -11 -12
leaf_value=-0.015286216982718948 -0.0097661796900608451 -0.00044305085022477606 -0.0029031028767950713 0.0041767907910358094 0.0055825036901811257 -0.0088691421178108548 0.0005425748320420147 -0.0090778893831257625 0.011493471345458086 0.0038915976397991131 0.0015268848706146807
leaf_weight=22.049772456288338 10.158980220556257 3018.1699438095093 895.31730635464191 359.05677619576454 66.098345130681992 61.412917762994766 85.302862584590912 24.939533777534962 63.991881750524044 102.74050171673298 16.947328068315983
leaf_count=99 50 13993 4108 1700 315 278 395 128 374 586 103
internal_value=-0.000453281 -0.000658764 -0.000470232 5.24772e-05 -0.002299 -0.00538247 -0.00352785 0.00371602 0.00454394 0.00115949 0.00957681
internal_weight=4726.19 4507.41 4338.64 3377.23 961.416 168.766 146.716 218.778 208.619 127.68 80.9392
internal_count=22129 20888 20116 15693 4423 772 673 1241 1191 714 477
is_linear=0
shrinkage=0.02


Tree=122
num_leaves=12
num_cat=0
split_feature=0 4 6 4 3 3 7 3 5 5 5
split_gain=9.99442 11.7767 9.54579 26.2282 21.3641 38.044 33.3948 20.0076 15.9919 4.15824 3.00144
threshold=1.0114235679137955 26.477556220622414 -1.7721455480719239 24.743782615645049 19.920000076293949 19.314999580383304 1.2999637748125841 16.045000076293949 4.7674969647808902 1.8066014160905277 3.12696041885834
decision_type=2 2 2 2 2 2 2 2 2 2 2
left_child=2 9 3 8 5 -4 -6 -5 -1 -2 -11
right_child=1 -3 4 7 6 -7 -8 -9 -10 10 -12
leaf_value=-0.0038631671070750617 -0.0056323244867944634 0.016963928962957255 -0.00031326744350804821 0.0080079728136359021 0.0060047385335932858 -0.011415891031050503 -0.0014494988281545285 -0.00041610366127600235 0.011545992581634287 0.0079913695110051027 -0.0029026643338412135
leaf_weight=1126.126950211823 19.911467619240284 23.940233297646046 1788.3245654404163 144.32603342831135 516.71259541064501 128.62657868862152 444.19846679270267 469.02934801578522 23.814703457057476 28.207212835550308 12.263895757496355
leaf_count=5183 92 138 8313 684 2525 572 2055 2243 119 145 60
internal_value=-0.000444602 0.00622116 -0.000570961 -0.00172793 0.000139338 -0.00108047 0.00256716 0.00160517 -0.00350513 0.00117258 0.00472601
internal_weight=4725.48 84.3228 4641.16 1763.3 2877.86 1916.95 960.911 613.355 1149.94 60.3826 40.4711
internal_count=22129 435 21694 8229 13465 8885 4580 2927 5302 297 205
is_linear=0
shrinkage=0.02


Tree=123
num_leaves=9
num_cat=0
split_feature=3 7 6 7 7 0 0 7
split_gain=9.72415 8.85053 15.248 11.5227 9.86758 5.03135 5.00719 1.10334
threshold=34.385000228881843 -21.245075645244849 -12.343336186439776 -12.371436814434405 0.97192838342499011 0.93426117931923836 0.87196947395050461 -0.46308118952088739
decision_type=2 2 2 2 2 2 2 2
left_child=1 2 -1 6 -5 -2 -3 -7
right_child=5 3 -4 4 -6 7 -8 -9
leaf_value=0.018706201624778915 -0.0031886497782410601 -0.014002069990241601 -0.0063524197543359077 0.00043434846417013086 -0.001426141073674505 0.016882267114213409 -0.003919779489143212 0.0051534747275535434
leaf_weight=20.406340584158897 7.6024633496999732 28.065765574574471 13.498564347624777 2401.5264430418611 2164.8177235424519 15.346719019114973 64.069818422198296 9.638209439814089
leaf_count=107 49 123 63 11247 10022 155 301 62
internal_value=-0.00043534 -0.000514996 0.00911206 -0.00059282 -0.000448151 0.00983684 -0.00744579 0.0136933
internal_weight=4724.97 4692.38 33.9049 4658.48 4566.34 32.5874 92.1356 24.9849
internal_count=22129 21863 170 21693 21269 266 424 217
is_linear=0
shrinkage=0.02


Tree=124
num_leaves=9
num_cat=0
split_feature=7 6 7 7 5 5 5 5
split_gain=9.03779 15.8263 10.5279 10.1662 14.3527 14.1412 4.37987 3.29473
threshold=-21.245075645244849 -9.8886724496844423 -12.371436814434405 0.97192838342499011 3.364076494609503 1.7009565327806742 4.3971706572797453 3.6356908942211734
decision_type=2 2 2 2 2 2 2 2
left_child=1 -1 6 5 -5 -4 7 -2
right_child=2 -3 3 4 -6 -7 -8 -9
leaf_value=0.018391056238390571 -0.0048131268593518232 -0.0072187601791458902 0.0025946764545678237 -0.00073836752500342439 -0.005621649402243899 -0.00060055291117629779 0.00055128640640655729 -0.014028905024670101
leaf_weight=21.84077038615942 40.103954806923866 12.641674272716044 850.70422426611185 1901.8655686601996 271.96582874655724 1571.849465675652 22.9416688606143 30.70560272783041
leaf_count=117 192 59 4043 8829 1249 7392 111 137
internal_value=-0.000426449 0.00922776 -0.00050523 -0.000366776 -0.00135851 0.000523912 -0.00700049 -0.00934586
internal_weight=4724.62 34.4824 4690.14 4596.39 2173.83 2422.55 93.7512 70.8096
internal_count=22129 176 21953 21513 10078 11435 440 329
is_linear=0
shrinkage=0.02


Tree=125
num_leaves=14
num_cat=0
split_feature=0 4 6 4 3 3 3 5 1 5 1 1 1
split_gain=9.59855 11.4133 9.39014 25.2446 20.461 36.6313 19.3337 15.41 14.8427 4.05792 4.93605 0.838835 0.309502
threshold=1.0114235679137955 26.477556220622414 -1.7721455480719239 24.743782615645049 19.920000076293949 19.314999580383304 16.045000076293949 4.7674969647808902 0.96368138879451082 2.0418905653213089 1.1653714002390823 1.1715836099800685 1.0726294819389353
decision_type=2 2 2 2 2 2 2 2 2 2 2 2 2
left_child=2 9 3 7 5 -4 -5 -1 -6 12 -11 -3 -2
right_child=1 11 4 6 8 -7 -8 -9 -10 10 -12 -13 -14
leaf_value=-0.0037846857417930535 -0.0013375625407835159 0.020686120348564839 -0.00027868410558430965 0.007874930232077651 -0.00029281612214953479 -0.011178949397779067 -0.00040662198960752556 0.011346198584326832 0.004711079611464046 0.010768842007270641 -0.0038388159150008387 0.0078257927092134291 -0.0059419779058429234
leaf_weight=1125.9128776118159 12.888779759407045 12.818814948201181 1788.2229183018208 144.31742322444916 418.31011088192463 128.47500894963741 468.85734154284 23.796186879277229 542.06623973697424 20.901149287819862 12.102596357464789 11.032899670302866 14.452279411256312
leaf_count=5183 60 73 8313 684 1942 572 2243 119 2638 110 60 65 67
internal_value=-0.000418153 0.00611894 -0.000541943 -0.00168957 0.000162615 -0.00103108 0.00158094 -0.00343326 0.00253936 0.00115174 0.00557624 0.0167157 -0.00421916
internal_weight=4724.15 84.1965 4639.96 1762.88 2877.07 1916.7 613.175 1149.71 960.376 60.3448 33.0037 23.8517 27.3411
internal_count=22129 435 21694 8229 13465 8885 2927 5302 4580 297 170 138 127
is_linear=0
shrinkage=0.02


Tree=126
num_leaves=10
num_cat=0
split_feature=3 4 7 3 6 3 3 2 2
split_gain=9.35541 8.656 12.0172 28.6387 14.1087 6.38924 16.7758 6.14089 5.59964
threshold=34.385000228881843 44.548477431871923 3.9022811370281847 18.904999732971195 5.6226682318084089 14.614999771118166 18.380000114440922 1.0352787472827529 0.97531162119622417
decision_type=2 2 2 2 2 2 2 2 2
left_child=1 2 4 -4 -1 8 -7 -2 -3
right_child=7 5 3 -5 -6 6 -8 -9 -10
leaf_value=-0.00073802762813141216 -0.00031652249255568305 0.0020580346720305382 0.00034470988559743128 -0.0068208866670727434 0.0025075263325027627 -0.006577836438741747 0.0081255130738016341 0.016391387475717768 0.012650452438313396
leaf_weight=2937.1477557197213 14.476710610091684 39.446143507957458 521.08673304319382 385.67239253222942 651.10335625708103 60.412014931440353 55.926162049174309 17.863559804856777 40.664709255099297
leaf_count=13685 96 191 2413 1761 3055 275 278 170 205
internal_value=-0.00040921 -0.000487106 -0.000667895 -0.00271961 -0.000146972 0.00358037 0.000525512 0.00970069 0.00778071
internal_weight=4723.8 4691.46 4495.01 906.759 3588.25 196.449 116.338 32.3403 80.1109
internal_count=22129 21863 20914 4174 16740 949 553 266 396
is_linear=0
shrinkage=0.02


Tree=127
num_leaves=12
num_cat=0
split_feature=0 6 0 7 3 3 3 0 6 2 7
split_gain=9.27637 9.01454 17.9071 14.697 36.5163 21.2549 12.984 3.87717 3.54846 5.7122 4.84181
threshold=1.0114235679137955 5.6226682318084089 0.93479988366753974 0.97192838342499011 19.35000038146973 14.614999771118166 19.920000076293949 0.94721313219252867 -17.70569158366126 1.0851786791031273 -0.18456414373626187
decision_type=2 2 2 2 2 2 2 2 2 2 2
left_child=1 3 6 5 -5 -1 -3 -4 -2 10 -10
right_child=8 2 7 4 -6 -7 -8 -9 9 -11 -12
leaf_value=-0.0040265478917642658 -0.002919173289452594 -0.0012429727689305236 0.011970023367548996 -8.8620119121480287e-05 -0.0071213077805986173 0.00093705567938788862 0.003472030568358455 0.0044033627739029305 -0.0027065582761931655 0.015620216381494008 0.0089674287644012311
leaf_weight=427.01757311820984 12.867345906794069 792.84618915617466 55.063691839575768 772.28930528461933 474.29380380362272 1726.8515706881881 326.52318734675646 64.015990100800991 24.444695331156254 20.990593262016773 25.772921413183212
leaf_count=1955 60 3678 267 3589 2154 8190 1548 313 123 127 125
internal_value=-0.000400624 -0.000522272 0.000936555 -0.00105406 -0.0027786 -5.26485e-05 0.000139873 0.00817757 0.00603027 0.00771668 0.00350438
internal_weight=4722.98 4638.9 1238.45 3400.45 1246.58 2153.87 1119.37 119.08 84.0756 71.2082 50.2176
internal_count=22129 21694 5806 15888 5743 10145 5226 580 435 375 248
is_linear=0
shrinkage=0.02


Tree=128
num_leaves=15
num_cat=0
split_feature=3 4 4 3 4 7 4 4 3 0 7 7 7 2
split_gain=9.11111 9.66475 9.86638 23.9971 16.9008 6.62459 7.33268 8.42545 6.1393 5.92348 5.74687 9.31429 5.6481 1.96469
threshold=30.654999732971195 11.339207192441407 18.562289596305053 25.444999694824222 27.7465996055608 -3.3215198894538056 13.66748576844577 17.169675915218431 16.479999542236332 0.93479988366753974 -7.7182811443275208 -9.6929446616977177 -1.1847032642922142 1.0470384564695638
decision_type=2 2 2 2 2 2 2 2 2 2 2 2 2 2
left_child=1 8 3 -3 -4 10 -7 -8 12 -10 11 -2 -1 -12
right_child=5 2 4 -5 -6 6 7 -9 9 -11 13 -13 -14 -15
leaf_value=-0.017075757463617905 0.0083193612357655329 0.002062917073291501 -0.0023471190420037541 -0.0057787669567937036 0.00068430462693425608 0.012124175817849064 -0.010593405158918831 0.0017663630592158323 0.0074752540415757886 -0.0042204497564112854 0.014024603204034813 -0.00824223642347904 -0.0048663401729521693 0.0043189073015558674
leaf_weight=22.99283541738987 30.92535250633955 1167.2872657775879 1701.7541912794113 176.19092382490635 1290.9721059501171 13.765382051467894 26.764988474547863 74.969730228185654 17.874081492424011 81.656329020857811 36.439296893775463 18.372942350804806 45.961727201938629 16.49994570761919
leaf_count=104 186 5445 7825 808 6038 73 135 405 85 374 225 107 209 110
internal_value=-0.0003922 -0.000586537 -0.000401471 0.00102042 -0.00104029 0.00356642 0.000242459 -0.00176306 -0.00522972 -0.00191242 0.00717106 0.00199169 -0.00965058 0.0115155
internal_weight=4722.43 4504.69 4336.2 1343.48 2992.73 217.738 115.5 101.735 168.485 99.5304 102.238 49.2983 68.9546 52.9392
internal_count=22129 20888 20116 6253 13863 1241 613 540 772 459 628 293 313 335
is_linear=0
shrinkage=0.02


Tree=129
num_leaves=12
num_cat=0
split_feature=0 6 0 7 6 6 1 5 6 7 7
split_gain=8.97286 8.80498 18.0442 14.6385 12.7148 12.2456 9.89948 3.6552 8.15819 4.76795 0.583033
threshold=1.0114235679137955 -1.7721455480719239 0.93479988366753974 -21.245075645244849 5.4094593577221746 9.4714614498412999 0.97488502039864111 2.0418905653213089 -16.93568168473832 -0.18456414373626187 2.3053402507492256
decision_type=2 2 2 2 2 2 2 2 2 2 2
left_child=1 3 5 -1 -4 -3 -5 9 -9 -2 -10
right_child=7 2 4 6 -6 -7 -8 8 10 -11 -12
leaf_value=0.011997470602408987 -0.0057653811228200258 -0.0024082663325166722 0.0013752885932831361 -0.0068106351295421919 0.0079168800117604566 0.00098338568641683616 -0.0013915392102345034 -0.0029442774293828404 0.016071666965487456 0.007579854199348212 0.0061169007773533559
leaf_weight=27.113199405372143 17.992200762033463 1073.4692064374685 969.23961003869772 143.84969446063042 131.96127881854773 701.13503167033195 1591.0867679491639 14.268955573439596 24.429542146623135 16.92382675409317 10.406146973371504
leaf_count=141 85 4957 4580 654 642 3286 7434 66 149 82 53
internal_value=-0.000384434 -0.000504073 0.000178297 -0.00161564 0.00218501 -0.00106905 -0.00185549 0.00594234 0.00925046 0.000817302 0.0140343
internal_weight=4721.88 4637.85 2875.81 1762.05 1101.2 1774.6 1734.94 84.0207 49.1046 34.916 34.8357
internal_count=22129 21694 13465 8229 5222 8243 8088 435 268 167 202
is_linear=0
shrinkage=0.02


Tree=130
num_leaves=9
num_cat=0
split_feature=3 4 7 3 3 2 6 3
split_gain=8.85927 8.3061 9.32585 23.6533 11.8494 5.99717 5.77129 6.00904
threshold=34.385000228881843 10.754634089682572 2.9665148163169253 23.944999694824222 14.614999771118166 1.0352787472827529 -5.4115376952594163 19.744999885559086
decision_type=2 2 2 2 2 2 2 2
left_child=1 6 4 -4 -3 -2 -1 -8
right_child=5 2 3 -5 -6 -7 7 -9
leaf_value=-0.014971555043953878 -0.00036213803245239604 -0.002054219612319164 -0.00081767517414797449 -0.0095746957052653091 0.00090996033402645951 0.016193675706275473 -0.0073134933732645901 0.0025157430920823894
leaf_weight=18.169530838727951 14.448053389787676 682.28378361463547 1241.3910347372293 133.12883834540844 2517.9977573826909 17.550588317215443 57.580312192440033 39.054224655032158
leaf_count=83 96 3148 5764 603 11820 170 262 183
internal_value=-0.000376209 -0.000451704 -0.000315836 -0.00169116 0.000276237 0.00950876 -0.00567292 -0.00339897
internal_weight=4721.6 4689.61 4574.8 1374.52 3200.28 31.9986 114.804 96.6345
internal_count=22129 21863 21335 6367 14968 266 528 445
is_linear=0
shrinkage=0.02


Tree=131
num_leaves=9
num_cat=0
split_feature=5 0 3 3 3 3 5 7
split_gain=8.76158 9.10821 37.4828 21.9759 22.0206 19.2721 15.5875 15.3114
threshold=0.61369473495398175 0.96602609843202292 22.615000724792484 22.285000801086429 22.500000000000004 29.98499965667725 1.798153181429732 -1.0869551675062186
decision_type=2 2 2 2 2 2 2 2
left_child=-1 3 6 7 -5 -4 -3 -2
right_child=1 2 5 4 -6 -7 -8 -9
leaf_value=-0.012579010999435866 -0.0041738374203815695 0.0049864833275157575 -0.0075194216980167339 0.01823017971924468 0.0012952819278670682 0.0020638760847177889 -0.00033758107226774056 -0.00077419466044404838
leaf_weight=19.39384725689888 752.38077534735203 633.51337645947933 245.03795963525772 27.982405811548233 804.83330208063126 124.43802121281624 335.10208888351917 1778.3248251527548
leaf_count=88 3419 3006 1108 138 3861 717 1543 8249
internal_value=-0.000368995 -0.000307979 0.00108557 -0.000862998 0.00194871 -0.00430427 0.00315076 -0.0017899
internal_weight=4721.01 4701.61 1338.09 3363.52 832.816 369.476 968.615 2530.71
internal_count=22129 22041 6374 15667 3999 1825 4549 11668
is_linear=0
shrinkage=0.02


Tree=132
num_leaves=12
num_cat=0
split_feature=0 3 7 1 5 7 5 5 5 7 3
split_gain=8.61463 8.76365 27.8077 22.0132 15.6037 12.1793 10.889 3.57203 7.17792 4.62305 4.57486
threshold=1.0114235679137955 12.765000343322756 -2.531618912906104 0.93777785486639609 0.61369473495398175 0.97192838342499011 2.5458908817379884 2.0418905653213089 3.364076494609503 -0.18456414373626187 17.204999923706058
decision_type=2 2 2 2 2 2 2 2 2 2 2
left_child=1 2 6 -4 -3 -6 -1 9 10 -2 -9
right_child=7 4 3 -5 5 -7 -8 8 -10 -11 -12
leaf_value=-0.017011617535128913 -0.0056971969629125334 -0.017690882718454818 -0.0013929251497295932 0.012006062490657901 0.00036505810412405928 -0.0017510286186843821 0.0035236737844661359 0.0016061007608268081 -0.0017177986412736216 0.0074459265666344896 0.018209432623079568
leaf_weight=29.039211317896843 17.991194114089012 17.474773153662682 83.163836792111397 112.95611433684826 2387.64825219661 1992.9755955263972 13.290080994367598 9.8823946714401227 15.899949371814726 16.907878696918488 23.177187740802765
leaf_count=125 85 78 386 549 11268 9226 62 46 80 82 142
internal_value=-0.000361643 -0.000478809 0.00322395 0.00641 -0.000682306 -0.00059838 -0.0108166 0.0058433 0.00912005 0.000781262 0.0139553
internal_weight=4720.41 4636.55 238.449 196.12 4398.1 4380.62 42.3293 83.8586 48.9595 34.8991 33.0596
internal_count=22129 21694 1122 935 20572 20494 187 435 268 167 188
is_linear=0
shrinkage=0.02


Tree=133
num_leaves=7
num_cat=0
split_feature=3 5 7 3 5 2
split_gain=8.4878 8.08614 7.73692 23.1538 13.8744 5.86654
threshold=34.385000228881843 0.61369473495398175 3.9022811370281847 18.640000343322757 1.2952531165681596 1.0279798806867124
decision_type=2 2 2 2 2 2
left_child=1 -1 4 -4 -3 -2
right_child=5 2 3 -5 -6 -7
leaf_value=-0.012194702875519707 -0.00091685779205444881 0.0025621285781708071 0.00054615751902726314 -0.0054583345291890082 -0.00054369344339419347 0.015592590196427345
leaf_weight=19.249695211648941 13.27602428942919 714.00868108123541 638.59448830783367 425.02652917802334 2891.4014600068331 18.460180155932903
leaf_count=88 86 3386 2976 1954 13459 180
internal_value=-0.000354474 -0.000428132 -0.000369223 -0.00186472 7.35355e-05 0.00935669
internal_weight=4720.02 4688.28 4669.03 1063.62 3605.41 31.7362
internal_count=22129 21863 21775 4930 16845 266
is_linear=0
shrinkage=0.02


Tree=134
num_leaves=14
num_cat=0
split_feature=3 4 4 0 6 6 0 6 7 6 7 7 7
split_gain=8.32887 10.3437 12.0935 25.0268 18.0341 10.6392 10.8989 8.7692 8.76659 9.15214 8.234 8.20144 1.43352
threshold=29.635000228881839 11.813083207946184 18.406680754728004 0.86169086720946464 -12.062758459806249 6.0621557705223266 0.95808116734326887 -15.209843477547983 -3.5256591813489844 -2.232699916521891 -7.7182811443275208 -16.56847348420639 -8.1300048713967232
decision_type=2 2 2 2 2 2 2 2 2 2 2 2 2
left_child=1 5 3 -3 -4 6 -1 11 10 -10 -9 -2 -13
right_child=7 2 4 -5 -6 -7 -8 8 9 -11 -12 12 -14
leaf_value=-0.011397920175264933 0.0069391255538293695 0.012301946733469951 0.0040301267380543643 0.00057515729988794095 -0.001520392275007623 0.010785452198865626 -0.0020755448201770959 0.0015418624188837827 -0.0044684757996907342 0.0048884675639047004 0.012321005832689684 -0.0041175422658594595 -0.014922105995142631
leaf_weight=82.037913218140602 11.298449061810969 73.755647271871567 252.48238757252693 1149.7930061221123 2703.260447666049 12.843011096119879 125.77293290197849 48.505981221795082 68.703191921114922 94.631592974066734 68.850192196667194 12.143283560872076 15.164227090775968
leaf_count=368 62 353 1182 5341 12482 62 581 288 351 506 420 59 74
internal_value=-0.000347448 -0.000574627 -0.000349553 0.00131983 -0.00104146 -0.00475551 -0.00590151 0.00275148 0.00398969 0.000939941 0.00806341 -0.00578049 -0.0112574
internal_weight=4719.24 4399.95 4179.29 1223.55 2955.74 220.654 207.811 319.297 280.691 163.335 117.356 38.606 27.3075
internal_count=22129 20369 19358 5694 13664 1011 949 1760 1565 857 708 195 133
is_linear=0
shrinkage=0.02


Tree=135
num_leaves=9
num_cat=0
split_feature=3 3 1 3 5 3 2 2
split_gain=8.16334 7.97817 25.627 26.6737 14.9407 11.4329 7.54092 5.80451
threshold=34.385000228881843 12.765000343322756 1.0180437639142621 12.555000305175783 0.61369473495398175 16.105000495910648 1.0070602039446175 1.0352787472827529
decision_type=2 2 2 2 2 2 2 2
left_child=1 2 3 -1 -3 -6 -4 -2
right_child=7 4 6 -5 5 -7 -8 -9
leaf_value=0.0015855172295616868 -0.00045012307816150415 -0.017307335744951403 -0.016462162146408207 0.017901042917697094 -0.0019659902817713735 0.00019099232469999068 -0.0016959726487085053 0.015899007301431328
leaf_weight=131.93750266730785 14.401314213871958 17.323700964450836 22.653025835752487 54.142347037792206 1466.1609276235104 2964.0409466177225 30.927221730351448 17.096724271774292
leaf_count=619 96 78 98 269 6772 13885 142 170
internal_value=-0.00034028 -0.000412298 0.00311228 0.00660954 -0.00060485 -0.000523984 -0.00864883 0.00921555
internal_weight=4718.68 4687.19 239.66 186.08 4447.53 4430.2 53.5802 31.498
internal_count=22129 21863 1128 888 20735 20657 240 266
is_linear=0
shrinkage=0.02


Tree=136
num_leaves=15
num_cat=0
split_feature=4 7 3 3 5 6 4 3 3 3 7 5 7 5
split_gain=8.31081 11.4463 25.5089 19.9824 16.0008 12.3415 26.5433 25.556 7.63315 14.9623 14.2604 11.8675 5.06838 6.43529
threshold=43.389781007442217 3.9022811370281847 18.904999732971195 16.355000495910648 1.6299138644154441 -2.9889078503189563 26.011188522971402 19.920000076293949 14.614999771118166 18.380000114440922 9.7286886328025908 2.0181568692262108 4.4737218922921702 1.9552959171687854
decision_type=2 2 2 2 2 2 2 2 2 2 2 2 2 2
left_child=1 5 3 -3 -4 6 -1 -7 12 10 -10 -11 -2 -14
right_child=8 2 4 -5 -6 7 -8 -9 9 11 -12 -13 13 -15
leaf_value=-0.0033101169308776906 0.017839753031565379 -0.0025102304739160475 -0.013969374591991608 0.0057955576714726854 -0.0041479035079367401 -0.0007255233195962035 0.0026789178536539451 0.003735340621674793 0.00055304227000517491 -0.0043529254647703668 -0.017465679453578877 0.012453617824293814 -0.0011709109318430496 0.0098859272219072713
leaf_weight=972.23030965030193 12.903035432100294 325.70589880645275 83.892079561948776 174.66343793272972 297.40998800098896 1404.475883975625 421.32929115742445 805.04447820037603 48.664135724306107 23.064547330141068 23.289472669363022 44.97944288700819 35.436843693256378 45.257614776492119
leaf_count=4497 67 1494 373 823 1378 6513 2033 3887 227 108 101 234 171 223
internal_value=-0.000333533 -0.000526213 -0.00256325 0.000412032 -0.00643136 -2.54609e-05 -0.00149691 0.000903617 0.00331229 0.000310128 -0.0058918 0.0068314 0.007606 0.00520436
internal_weight=4718.35 4484.75 881.671 500.369 381.302 3603.08 1393.56 2209.52 233.595 139.998 71.9536 68.044 93.5975 80.6945
internal_count=22129 20998 4068 2317 1751 16930 6530 10400 1131 670 328 342 461 394
is_linear=0
shrinkage=0.02


Tree=137
num_leaves=13
num_cat=0
split_feature=0 3 7 1 5 7 3 3 5 5 7 3
split_gain=8.25064 8.30614 39.0027 17.2618 16.2592 15.1848 30.0491 20.1615 3.41298 6.937 4.4988 4.39429
threshold=1.0114235679137955 12.994999885559084 -2.531618912906104 0.93587164457963834 2.7285835258424349 0.97192838342499011 23.944999694824222 14.614999771118166 2.0418905653213089 3.364076494609503 -0.18456414373626187 17.204999923706058
decision_type=2 2 2 2 2 2 2 2 2 2 2 2
left_child=1 2 4 -4 -1 7 -7 -3 10 11 -2 -10
right_child=8 5 3 -5 -6 6 -8 -9 9 -11 -12 -13
leaf_value=-0.017387989311140783 -0.0055910184295473809 -0.0040967610936256697 -0.00035888954622651848 0.0096118098675532313 0.0046765561442311272 -0.0010532968698591038 -0.0086097457009963584 0.0011606066889792955 0.0016217320916799794 -0.0016911626878228162 0.0073778437938080664 0.017931398481393485
leaf_weight=44.554307669401169 17.988335691392422 337.24319113790989 115.04715779423714 170.1876986771822 16.442522928118706 1704.1706244498491 236.44859320670366 2009.7735031843185 9.8820146024227125 15.871992602944372 16.892213746905327 22.996019452810287
leaf_count=192 85 1543 537 821 77 7899 1081 9544 46 80 82 142
internal_value=-0.000326834 -0.000441438 0.00252083 0.00564086 -0.0115184 -0.000682771 -0.0019898 0.00039949 0.00575353 0.00896649 0.000802517 0.0137369
internal_weight=4717.5 4633.87 346.232 285.235 60.9968 4287.64 1940.62 2347.02 83.6306 48.75 34.8805 32.878
internal_count=22129 21694 1627 1358 269 20067 8980 11087 435 268 167 188
is_linear=0
shrinkage=0.02


Tree=138
num_leaves=15
num_cat=0
split_feature=4 7 3 3 7 6 3 4 3 3 7 7 0 0
split_gain=8.05592 10.3657 24.2719 17.3304 15.3452 12.3269 33.1403 12.5902 5.8794 15.9242 10.5616 7.94615 5.68342 11.5297
threshold=44.548477431871923 3.9022811370281847 18.904999732971195 16.355000495910648 7.134095639024741 5.6226682318084089 19.744999885559086 12.128051454503511 14.614999771118166 18.380000114440922 6.6057077099116901 9.7286886328025908 0.80626808437488573 0.92149460687955098
decision_type=2 2 2 2 2 2 2 2 2 2 2 2 2 2
left_child=1 5 3 -3 -4 7 -7 -1 12 11 -11 -10 -2 -14
right_child=8 2 4 -5 -6 6 -8 -9 9 10 -12 -13 13 -15
leaf_value=-0.0049000467518145229 0.015008577922170923 -0.002209174976107692 -0.0088948903051318268 0.0054095404626074272 -0.00036333391101868792 -0.0010272011484960602 0.0082029337549818764 -0.00017201734987128624 -0.0007517443082418648 0.00033364876938266243 0.017166961180593229 -0.015344804832135723 -0.0025524694266019273 0.015719262793155893
leaf_weight=241.69967883825302 24.382991552352905 342.62964522838593 261.26290202140808 178.23307724297047 124.14713038504124 410.68068781495094 245.76559937000275 2715.6741053387523 40.268165290355682 32.865380547940731 23.536693051457405 20.13657820224762 38.93941693007946 16.686405211687088
leaf_count=1111 123 1574 1192 839 581 1899 1196 12780 187 167 119 88 187 86
internal_value=-0.000320277 -0.000494007 -0.00240149 0.000419218 -0.00617869 -1.35222e-05 0.0024572 -0.000564526 0.00359999 0.000673571 0.00802988 -0.00626739 0.00763684 0.00361544
internal_weight=4716.91 4520.09 906.273 520.863 385.41 3613.82 656.446 2957.37 196.816 116.807 56.4021 60.4047 80.0088 55.6258
internal_count=22129 21172 4186 2413 1773 16986 3095 13891 957 561 286 275 396 273
is_linear=0
shrinkage=0.02


Tree=139
num_leaves=9
num_cat=0
split_feature=3 4 7 3 5 5 5 2
split_gain=7.81219 7.7809 9.60986 21.4161 14.6059 9.04732 9.95774 5.69738
threshold=34.385000228881843 44.548477431871923 2.9665148163169253 19.314999580383304 1.3207456005243199 5.537101053848084 4.3971706572797453 1.0352787472827529
decision_type=2 2 2 2 2 2 2 2
left_child=1 2 4 -4 -1 6 -3 -2
right_child=7 5 3 -5 -6 -7 -8 -9
leaf_value=0.0025919589436537759 -0.00048484115874441731 0.0035911591372448084 -3.160374449611122e-05 -0.0055174538403232054 -0.00068010116663401053 0.015345160398267655 -0.010622218250980048 0.015750090946998578
leaf_weight=687.29584385454655 14.374127268791201 158.63082204759121 765.68803150951862 449.13521204888821 2586.7462380155921 18.849824383854866 18.527277290821075 16.853251498192549
leaf_count=3264 96 767 3548 2064 12038 98 84 170
internal_value=-0.000313495 -0.00038373 -0.000555244 -0.00207124 9.10327e-06 0.00347675 0.001903 0.00907056
internal_weight=4716.1 4684.87 4488.87 1214.82 3274.04 196.008 177.158 31.2274
internal_count=22129 21863 20914 5612 15302 949 851 266
is_linear=0
shrinkage=0.02


Tree=140
num_leaves=13
num_cat=0
split_feature=0 4 6 4 0 5 0 6 6 4 2 1
split_gain=7.97172 10.9781 8.38419 22.1016 17.2535 14.5682 12.4439 12.1058 11.9189 3.78424 4.26559 0.940727
threshold=1.0114235679137955 26.477556220622414 -1.7721455480719239 24.743782615645049 0.93479988366753974 4.7674969647808902 0.84170542168678331 5.4094593577221746 9.4714614498412999 15.211085224429914 1.0851786791031273 1.1715836099800685
decision_type=2 2 2 2 2 2 2 2 2 2 2 2
left_child=2 9 3 5 8 -1 -5 -6 -4 -2 -11 -3
right_child=1 11 4 6 7 -7 -8 -9 -10 10 -12 -13
leaf_value=-0.0034805829229618379 0.009171917418735168 0.020135866216778282 -0.0022953475053949127 -0.010358115305229228 0.0014196086305607613 0.01123575622300378 0.0022233241712113394 0.0078093384318317595 0.0010525031778031615 -0.0061454372392098222 0.0052725359919726811 0.0073250102716217683
leaf_weight=1123.9085892885923 12.343052402138708 12.636452663689854 1072.5025118738413 29.294131673872471 967.64326315373182 23.754924774169922 582.71873331815004 131.70960045605898 700.17217501997948 30.21122532337904 17.461318269371986 10.833961665630339
leaf_count=5183 62 73 4957 135 4580 119 2792 642 3286 142 93 65
internal_value=-0.000306943 0.00567471 -0.000419565 -0.001505 0.000246643 -0.00313801 0.00155776 0.00221068 -0.000973619 0.000824951 -0.0018789 0.01615
internal_weight=4715.19 83.486 4631.7 1759.68 2872.03 1147.66 612.013 1099.35 1772.67 60.0156 47.6725 23.4704
internal_count=22129 435 21694 8229 13465 5302 2927 5222 8243 297 235 138
is_linear=0
shrinkage=0.02


Tree=141
num_leaves=10
num_cat=0
split_feature=7 6 7 7 5 5 0 7 5
split_gain=7.75187 15.1635 10.9744 8.06893 13.8877 13.3848 5.05894 5.26306 2.84693
threshold=-21.245075645244849 -9.8886724496844423 -12.371436814434405 0.97192838342499011 3.364076494609503 1.7009565327806742 0.87196947395050461 -18.617189393632067 4.3971706572797453
decision_type=2 2 2 2 2 2 2 2 2
left_child=1 -1 6 5 -5 -4 8 -8 -2
right_child=2 -3 3 4 -6 -7 7 -9 -10
leaf_value=0.017732026216784335 -0.019084766954937337 -0.0073583968430655589 0.0025776845214565214 -0.00050696970040861654 -0.0053198628533043246 -0.00053308854513650237 0.0067593757269597751 -0.006254176774870778 -0.0051217828890830564
leaf_weight=21.571335032582283 14.17389412969351 12.605723090469835 849.74620923399925 1897.6924470067024 270.70285719633102 1569.0342149697244 12.398974210023878 52.446639597415924 14.533298030495642
leaf_count=117 61 59 4043 8829 1249 7392 64 248 67
internal_value=-0.000300084 0.00867642 -0.00037298 -0.00023161 -0.0011165 0.000562214 -0.00701106 -0.00351773 -0.0135068
internal_weight=4714.91 34.1771 4680.73 4587.18 2168.4 2418.78 93.5528 64.8456 28.7072
internal_count=22129 176 21953 21513 10078 11435 440 312 128
is_linear=0
shrinkage=0.02


Tree=142
num_leaves=13
num_cat=0
split_feature=4 5 7 4 5 5 6 5 6 7 5 1
split_gain=7.85652 8.20592 7.76509 15.3763 14.4699 14.3272 11.1729 10.2999 5.04121 3.56003 2.85992 1.6632
threshold=10.754634089682572 1.2848482100906058 3.8477936279143496 47.710586257982392 1.1524258533517111 0.84188015143434292 -2.0066405114835821 2.8390749047057846 -3.0719920853715217 -0.74832809513431264 1.9109111668195127 1.0028170934860656
decision_type=2 2 2 2 2 2 2 2 2 2 2 2
left_child=1 11 3 6 5 -4 -2 -6 9 -3 -10 -1
right_child=2 8 4 -5 7 -7 -8 -9 10 -11 -12 -13
leaf_value=0.0077427071514870093 -0.0010708930428832185 -0.019937848613029354 0.0047310462734040017 0.0171850456004684 0.00056933130393455554 -0.012684100914126972 0.0011990470410535455 -0.0037558419699617361 -0.0087543390063585507 -0.0049981150042935282 4.387108828531895e-05 -0.001119491588539266
leaf_weight=13.671897888183596 1559.7737966105342 16.701367616653446 22.294056832790375 17.421621892601252 651.44623591005802 77.312942266464233 1943.7447777874768 328.06368254870176 24.594858005642891 14.310762494802473 30.503222689032555 14.579549476504324
leaf_count=65 7322 75 108 96 3038 344 9167 1526 110 67 144 67
internal_value=-0.000294401 -0.00538221 -0.000163347 0.000291901 -0.00164432 -0.00875407 0.000188396 -0.000888667 -0.00835727 -0.0144024 -0.00421021 0.00359763
internal_weight=4714.42 114.362 4600.06 3520.94 1079.12 99.607 3503.52 979.51 86.1102 31.0121 55.0981 28.2514
internal_count=22129 528 21601 16585 5016 452 16489 4564 396 142 254 132
is_linear=0
shrinkage=0.02


Tree=143
num_leaves=9
num_cat=0
split_feature=5 4 6 5 5 2 7 7
split_gain=7.76124 7.69658 20.4005 19.7999 15.4548 12.5301 19.7734 14.849
threshold=0.61369473495398175 27.7465996055608 -3.774775209943392 4.6458182585095633 2.6567843760480012 1.012342871323112 -5.6652089820029392 7.134095639024741
decision_type=2 2 2 2 2 2 2 2
left_child=-1 2 3 -2 -4 6 -3 -7
right_child=1 5 4 -5 -6 7 -8 -9
leaf_value=-0.011851141843093218 -0.0036455964389149587 -0.007378746666169396 0.0011605660760624654 0.01075764557641668 -0.0027408845186122129 0.0057013490416179891 0.00095834104059207986 -0.005373985395925652
leaf_weight=19.110242173075676 983.66536972671747 127.60808358341455 1812.0106324926019 35.911710858345032 519.16445449739695 326.24489418044686 836.70253533869982 53.488593325018883
leaf_count=88 4547 587 8512 180 2418 1627 3926 244
internal_value=-0.000288902 -0.000231789 -0.000744498 -0.00309823 0.000288487 0.00104483 -0.000170837 0.00410154
internal_weight=4713.91 4694.8 3350.75 1019.58 2331.18 1344.04 964.311 379.733
internal_count=22129 22041 15657 4727 10930 6384 4513 1871
is_linear=0
shrinkage=0.02


Tree=144
num_leaves=13
num_cat=0
split_feature=0 4 6 5 6 4 5 4 5 4 2 1
split_gain=7.80902 10.4928 8.20152 16.9013 28.2538 18.3445 16.5374 26.0199 21.2713 3.66544 4.12655 0.94413
threshold=1.0114235679137955 26.477556220622414 5.6226682318084089 1.798153181429732 -8.9580287220300736 13.969848901933505 2.8706803019186036 19.315314241844046 1.9921265064564058 15.211085224429914 1.0851786791031273 1.1715836099800685
decision_type=2 2 2 2 2 2 2 2 2 2 2 2
left_child=2 9 3 4 -1 -5 8 -8 -4 -2 -11 -3
right_child=1 11 6 5 -6 -7 7 -9 -10 10 -12 -13
leaf_value=-0.0093927402228448763 0.0091082351072302257 0.019852994138740334 -0.00030564422559157064 -0.0074629946684781033 0.0013541826984285769 -0.0014372870729743173 0.0079811806374865384 -0.0048973187195450237 0.0060487972629775033 -0.0059704068064815085 0.0052571892138760061 0.0071656445258862769
leaf_weight=100.91869326680899 12.337645858526228 12.601257484406235 465.80216350406408 227.64754512906075 1451.8398052081466 1613.1413239464164 74.264081686735153 316.14041429013014 380.23361545056105 30.21916725486517 17.453600317239761 10.805262316018341
leaf_count=459 62 73 2186 1039 6841 7549 355 1456 1809 142 93 65
internal_value=-0.000283365 0.00563923 -0.000394846 -0.000902734 0.000633367 -0.00219704 0.000997524 -0.00239143 0.00256526 0.000895017 -0.00177108 0.0158967
internal_weight=4713.4 83.4169 4629.99 3393.55 1552.76 1840.79 1236.44 390.404 846.036 60.0104 47.6728 23.4065
internal_count=22129 435 21694 15888 7300 8588 5806 1811 3995 297 235 138
is_linear=0
shrinkage=0.02


Tree=145
num_leaves=7
num_cat=0
split_feature=5 3 7 6 7 2
split_gain=7.56251 7.36188 6.87032 14.0317 11.6608 5.53079
threshold=0.61369473495398175 34.385000228881843 -21.245075645244849 -10.292613598277359 -8.5713790874952647 1.0352787472827529
decision_type=2 2 2 2 2 2
left_child=-1 2 3 -2 -4 -3
right_child=1 5 4 -5 -6 -7
leaf_value=-0.011704635119062026 0.017196194985193966 -0.00046711547103840201 -0.0044832213251692586 -0.0070456511595190776 -0.00011385924930085623 0.015572831680766045
leaf_weight=19.053345367312431 20.787062928080559 14.379089601337911 254.78447729349136 12.674554258584974 4374.5948634594679 16.584056835621595
leaf_count=88 111 96 1183 59 20422 170
internal_value=-0.000277268 -0.000220955 -0.000289269 0.00824204 -0.000357996 0.00892274
internal_weight=4712.86 4693.8 4662.84 33.4616 4629.38 30.9631
internal_count=22129 22041 21775 170 21605 266
is_linear=0
shrinkage=0.02


Tree=146
num_leaves=12
num_cat=0
split_feature=3 3 7 5 1 5 3 2 6 7 7
split_gain=7.42987 8.00634 35.6247 17.0177 15.7059 13.1477 12.7229 7.27421 8.09886 7.04857 6.79282
threshold=30.185000419616703 12.994999885559084 -2.531618912906104 2.7285835258424349 0.93587164457963834 0.61369473495398175 13.050000190734865 0.95896899393088242 -15.209843477547983 -3.6037345900739299 -9.6929446616977177
decision_type=2 2 2 2 2 2 2 2 2 2 2
left_child=1 2 3 -1 -4 -3 -7 -2 10 -10 -9
right_child=7 5 4 -5 -6 6 -8 8 9 -11 -12
leaf_value=-0.017021351863959869 -0.011268187173180785 -0.016869407909202775 -0.00031901659737092907 0.0053050207891338344 0.0091837977942494427 -0.014261392732510281 -0.00053862674181587636 0.0038967619384215179 0.0094664629502613177 0.0020746001158154816 -0.012892017824332682
leaf_weight=44.49456924200058 9.770618408918379 16.048055022954941 114.96064186096191 16.812162816524506 171.18802936375141 23.213933944702148 4069.9792467057705 15.589667275547983 85.848116800189018 128.3199404142797 16.353241920471191
leaf_count=192 48 73 537 79 826 102 18871 84 546 690 81
internal_value=-0.00027158 -0.000462877 0.00243532 -0.0109489 0.00541426 -0.000710063 -0.0006303 0.00301609 0.00375432 0.00515683 -0.00517649
internal_weight=4712.58 4456.7 347.455 61.3067 286.149 4109.24 4093.19 255.882 246.111 214.168 31.9429
internal_count=22129 20680 1634 271 1363 19046 18973 1449 1401 1236 165
is_linear=0
shrinkage=0.02


Tree=147
num_leaves=13
num_cat=0
split_feature=4 5 7 3 7 3 4 7 6 3 7 3
split_gain=7.50196 7.85695 7.60393 20.0326 23.5778 15.4238 14.9264 10.6219 4.84781 7.08162 3.49995 2.72217
threshold=10.754634089682572 1.2848482100906058 3.7264803398174209 18.640000343322757 7.134095639024741 16.724999427795414 47.710586257982392 -8.1300048713967232 -3.0719920853715217 20.195000648498539 -0.74832809513431264 16.045000076293949
decision_type=2 2 2 2 2 2 2 2 2 2 2 2
left_child=1 11 6 5 -5 -4 7 -2 10 -10 -3 -1
right_child=2 8 3 4 -6 -7 -8 -9 9 -11 -12 -13
leaf_value=-0.0020287339053946403 -0.0032477804191952358 -0.019608375478828825 -0.0011341781350518939 -0.0080626357347723041 0.0016927338624949885 0.0058241213757343922 0.017263832573685658 0.00057298849352570931 -0.009871927726896608 0.0037757576269730132 -0.0048250776479151596 0.0091896418908814087
leaf_weight=15.512271374464037 316.66560290753841 16.567685961723331 507.76507866382599 296.55420014262199 146.04930528998375 165.71963950991631 16.678379088640213 3148.4210709743202 31.175156623125076 23.858958944678307 14.264070287346838 12.727111205458639
leaf_count=71 1508 75 2358 1358 691 783 93 14810 141 113 67 61
internal_value=-0.000266912 -0.00524406 -0.000138942 -0.0015724 -0.00485725 0.000602279 0.000321834 0.000220476 -0.00816197 -0.00410031 -0.0141085 0.00354011
internal_weight=4711.96 114.105 4597.85 1116.09 442.604 673.485 3481.77 3465.09 85.8659 55.0341 30.8318 28.2394
internal_count=22129 528 21601 5190 2049 3141 16411 16318 396 254 142 132
is_linear=0
shrinkage=0.02


Tree=148
num_leaves=13
num_cat=0
split_feature=0 4 6 5 6 3 5 4 5 4 5 3
split_gain=7.5422 10.2086 7.86961 16.0987 27.1238 25.5186 15.843 25.0455 20.4979 3.55032 2.89428 0.359223
threshold=1.0114235679137955 26.477556220622414 5.6226682318084089 1.798153181429732 -8.9580287220300736 25.835000038146976 2.8706803019186036 19.315314241844046 1.9921265064564058 15.211085224429914 2.5458908817379884 21.460000038146976
decision_type=2 2 2 2 2 2 2 2 2 2 2 2
left_child=2 9 3 4 -1 -5 8 -8 -4 -2 -11 -3
right_child=1 11 6 5 -6 -7 7 -9 -10 10 -12 -13
leaf_value=-0.0091927783016704616 0.0089724137371679034 0.019451802955667747 -0.00029121046907380966 -0.0033760882980973235 0.0013368831060033002 0.0023058388591973775 0.0078496534055121376 -0.0047860235550287481 0.0059475152792735396 -0.0052479916979643309 0.0041685147757508393 0.0081268644188222314
leaf_weight=100.92514245212078 12.321977734565733 11.400440737605097 465.72456156462431 1437.9035408645868 1451.3040626272559 401.89759303629398 74.26576754450798 315.89037639647722 380.10621023923159 30.166338369250298 17.465526767075062 11.916902143508194
leaf_count=459 62 58 2186 6559 6841 2029 355 1456 1809 146 89 80
internal_value=-0.000261798 0.00556361 -0.000371328 -0.000868968 0.000630381 -0.00213258 0.000992789 -0.00232559 0.0025272 0.000885361 -0.00173973 0.0157014
internal_weight=4711.29 83.2712 4628.02 3392.03 1552.23 1839.8 1235.99 390.156 845.831 59.9538 47.6319 23.3173
internal_count=22129 435 21694 15888 7300 8588 5806 1811 3995 297 235 138
is_linear=0
shrinkage=0.02


Tree=149
num_leaves=13
num_cat=0
split_feature=0 3 7 1 5 7 3 3 6 5 7 3
split_gain=7.32882 7.56745 35.8498 15.9204 15.262 14.246 28.4837 18.9753 3.40193 7.01501 4.22491 1.45499
threshold=1.0114235679137955 12.994999885559084 -2.531618912906104 0.93587164457963834 2.7285835258424349 0.97192838342499011 23.944999694824222 14.614999771118166 -17.70569158366126 2.0418905653213089 -0.18456414373626187 17.204999923706058
decision_type=2 2 2 2 2 2 2 2 2 2 2 2
left_child=1 2 4 -4 -1 7 -7 -3 -2 10 -10 -11
right_child=8 5 3 -5 -6 6 -8 -9 9 11 -12 -13
leaf_value=-0.016708094286246082 -0.0032119156370256871 -0.0039111066596508271 -0.00030683055481998673 0.009276177614903923 0.0046608812078784709 -0.00095037945711844607 -0.0083193006861696627 0.0011925739863159509 -0.0056798032532534336 0.003664619824121083 0.0069385837201825706 0.015058950108229332
leaf_weight=44.441480472683907 12.821989104151724 336.79518386721611 114.93584848940372 169.8662565946579 16.428866982460022 1701.4910813271999 235.58749560266733 2007.7434459030628 17.854299113154411 8.9366394877433759 16.65715180337429 26.951488234102726
leaf_count=192 60 1543 537 821 77 7899 1081 9544 84 42 81 168
internal_value=-0.000256007 -0.000363964 0.00246566 0.00545814 -0.0110089 -0.0005945 -0.00186188 0.000454013 0.00548806 0.00716009 0.000498638 0.0128736
internal_weight=4710.51 4627.29 345.672 284.802 60.8703 4281.62 1937.08 2344.54 83.2216 70.3996 34.5115 35.8881
internal_count=22129 21694 1627 1358 269 20067 8980 11087 435 375 165 210
is_linear=0
shrinkage=0.02


Tree=150
num_leaves=7
num_cat=0
split_feature=5 3 6 5 3 2
split_gain=7.14628 6.99332 6.8261 14.7972 13.4389 5.40459
threshold=0.61369473495398175 34.385000228881843 12.283812782236204 6.8535282536721596 17.154999732971195 1.0352787472827529
decision_type=2 2 2 2 2 2
left_child=-1 2 3 -2 -4 -3
right_child=1 5 4 -5 -6 -7
leaf_value=-0.011391142184898435 -0.00061505764099863548 -0.00050357091242605892 -0.0014762788917813711 0.015362166442960323 0.0050907986224631588 0.015398818641864634
leaf_weight=18.922199264168739 4148.2207363992929 14.342815339565279 236.40425138175488 19.32114352285862 256.38350547850132 16.300453085452318
leaf_count=88 19357 96 1100 98 1220 170
internal_value=-0.000250892 -0.000196289 -0.000262618 -0.000526326 0.00195387 0.00875686
internal_weight=4709.9 4690.97 4660.33 4167.54 492.788 30.6433
internal_count=22129 22041 21775 19455 2320 266
is_linear=0
shrinkage=0.02


Tree=151
num_leaves=13
num_cat=0
split_feature=4 4 0 6 6 5 1 6 1 5 2 2
split_gain=7.42014 9.05021 8.51296 13.8207 11.933 6.80186 7.77694 5.9905 6.75165 3.99562 2.50825 0.761118
threshold=43.389781007442217 40.904997931434472 0.95808116734326887 -2.4870189106785783 5.6226682318084089 2.608408612456901 0.85994381901454764 -9.6723648241756752 1.0831527138923558 5.537101053848084 0.99185396939445569 1.0495633945030407
decision_type=2 2 2 2 2 2 2 2 2 2 2 2
left_child=1 2 4 -4 -1 10 -7 11 9 -9 -3 -2
right_child=7 5 3 -5 -6 6 -8 8 -10 -11 -12 -13
leaf_value=-0.001953696258052267 0.01560859586926497 -0.0051774390546612259 -0.00074095217619240682 0.0029794905588432312 0.00078311062114376972 -0.0073888788749818073 0.010234042156508036 0.0019800828629517875 -0.009725452414152647 0.010937931417005617 -0.014016445121111923 0.0053494539986098108
leaf_weight=1764.4226209521294 11.685291662812235 32.423858419060707 928.5347916893661 695.23887984827161 993.5047876611352 17.268320530653 14.97639726102352 176.72490844130516 14.159763030707834 18.960319757461548 30.485243774950504 11.295161761343477
leaf_count=8188 63 148 4393 3336 4646 78 73 843 68 95 136 62
internal_value=-0.00024551 -0.000427659 -0.000292175 0.000855409 -0.000968094 -0.00640305 0.00102239 0.00320499 0.00202192 0.00304974 -0.0100426 0.0121068
internal_weight=4709.68 4476.85 4381.7 1623.77 2757.93 95.1538 32.2447 232.825 209.845 195.685 62.9091 22.9805
internal_count=22129 20998 20563 7729 12834 435 151 1131 1006 938 284 125
is_linear=0
shrinkage=0.02


Tree=152
num_leaves=13
num_cat=0
split_feature=4 7 4 6 2 7 6 7 6 0 7 0
split_gain=7.2826 7.3933 10.6971 28.5479 16.2609 9.8418 15.443 14.6861 5.23472 3.5562 5.3493 4.56832
threshold=10.754634089682572 0.97192838342499011 18.406680754728004 -7.2194519029883599 1.0172106444301572 1.9210201740223023 5.6226682318084089 2.9665148163169253 -5.4115376952594163 0.95808116734326887 -1.2817766816201781 0.93479988366753974
decision_type=2 2 2 2 2 2 2 2 2 2 2 2
left_child=8 2 3 -2 -4 6 -3 -7 -1 11 -11 -10
right_child=1 5 4 -5 -6 7 -8 -9 9 10 -12 -13
leaf_value=-0.014081172636391633 -0.0062165182770011649 -0.0062987945039208017 -0.0020043630165136697 0.0036503616683313347 0.002324122902345713 0.0030010963627918287 0.0030173819545267801 -0.001334799782016593 0.001251124616983082 -0.009031283382592797 0.0040506200597028932 -0.011718226515403826
leaf_weight=17.778903990983963 132.74325980991125 274.2606273368001 948.4737686663866 831.20361751317978 542.36386609449983 400.19574757665396 92.912944249808788 1373.4310788735747 15.942854613065718 13.335175782442091 40.907632455229759 25.919618085026741
leaf_count=83 603 1250 4417 3945 2672 1884 436 6394 75 60 193 117
internal_value=-0.000240457 -0.000114446 0.000634233 0.00227154 -0.000427663 -0.000972514 -0.00393423 -0.00035191 -0.00514896 -0.00299993 0.000435159 -0.00710066
internal_weight=4709.47 4595.58 2454.78 963.947 1490.84 2140.8 367.174 1773.63 113.884 96.1053 54.2428 41.8625
internal_count=22129 21601 11637 4548 7089 9964 1686 8278 528 445 253 192
is_linear=0
shrinkage=0.02


Tree=153
num_leaves=15
num_cat=0
split_feature=4 7 3 3 5 3 7 6 3 3 7 7 0 0
split_gain=7.21998 9.19285 22.0075 20.1037 13.5148 10.9432 31.8814 16.3662 7.54383 13.4266 13.2234 11.5688 5.07706 11.4292
threshold=43.389781007442217 3.9022811370281847 18.640000343322757 16.355000495910648 1.6299138644154441 16.105000495910648 -1.7801488911143866 2.3135034440373623 14.614999771118166 18.345000267028812 9.7286886328025908 6.6057077099116901 0.80626808437488573 0.92149460687955098
decision_type=2 2 2 2 2 2 2 2 2 2 2 2 2 2
left_child=1 5 3 -3 -4 6 -1 -7 12 10 -10 -11 -2 -14
right_child=8 2 4 -5 -6 7 -8 -9 9 11 -12 -13 13 -15
leaf_value=-0.0059928327925413407 0.013991371156574502 -0.0022520888871244015 -0.012569613381139908 0.0063144504275033124 -0.0036766925101615715 -0.00028775489038252794 0.00074938683832081532 0.0033182218623803291 0.00047001474126250097 -0.00058800061747649494 -0.017035785958345193 0.015480163517306297 -0.0021493529372600606 0.014564220435806864
leaf_weight=413.16093744337559 28.516726598143578 325.09366339445114 86.392655536532402 160.32256476581097 306.40237709134817 1600.4445233866572 854.33167976140976 730.1397098004818 47.972648724913597 41.34051775559783 22.779836267232895 27.268185153603554 43.369325637817383 21.491799414157867
leaf_count=1866 143 1494 388 758 1428 7584 4001 3479 224 210 99 137 208 110
internal_value=-0.000236239 -0.00041591 -0.00224549 0.000605739 -0.00573963 3.26474e-05 -0.00146029 0.000845697 0.00316803 0.000178491 -0.00577623 0.00629919 0.00743915 0.00391302
internal_weight=4709.03 4476.29 878.211 485.416 392.795 3598.08 1267.49 2330.58 232.739 139.361 70.7525 68.6087 93.3779 64.8611
internal_count=22129 20998 4068 2252 1816 16930 5867 11063 1131 670 323 347 461 318
is_linear=0
shrinkage=0.02


Tree=154
num_leaves=11
num_cat=0
split_feature=4 5 3 4 5 1 2 6 3 3
split_gain=7.07017 7.47116 6.64405 6.46356 8.64623 8.43271 5.29787 4.59137 6.81709 2.64276
threshold=10.754634089682572 1.2848482100906058 34.385000228881843 44.548477431871923 5.537101053848084 0.74607194741251259 1.0352787472827529 -3.0719920853715217 19.744999885559086 16.045000076293949
decision_type=2 2 2 2 2 2 2 2 2 2
left_child=1 9 3 5 -5 -2 -4 -3 -9 -1
right_child=2 7 6 4 -6 -7 -8 8 -10 -11
leaf_value=-0.0019991256612633297 -0.01363786116644701 -0.013738227827749777 -0.000507074541974193 0.0018116641417461655 0.014988799329271054 -0.00027537120534455343 0.015268096462656049 -0.010128007431852692 0.0031899855733080462 0.0090559665129548769
leaf_weight=15.50624366104603 14.975651666522024 30.590516805648804 14.337420351803305 176.69894030690193 18.705768063664436 4353.5569901391864 16.110204335302114 28.662773698568344 26.259670957922935 12.723452731966971
leaf_count=71 66 142 96 851 98 20320 170 130 124 61
internal_value=-0.000231388 -0.00507073 -0.000107274 -0.000173171 0.00334846 -0.000333613 0.00864344 -0.00792615 -0.00397609 0.00348907
internal_weight=4708.13 113.743 4594.38 4563.94 195.405 4368.53 30.4476 85.513 54.9224 28.2297
internal_count=22129 528 21601 21335 949 20386 266 396 254 132
is_linear=0
shrinkage=0.02


Tree=155
num_leaves=13
num_cat=0
split_feature=0 4 4 7 6 7 6 7 4 2 1 2
split_gain=7.02629 9.89323 7.04443 9.05723 11.8818 7.89601 5.62505 7.74366 3.46227 3.84417 0.976001 0.276114
threshold=1.0114235679137955 26.477556220622414 43.389781007442217 0.97192838342499011 -6.4796523918327518 1.9210201740223023 -9.6723648241756752 -6.4140763687263211 15.211085224429914 1.0851786791031273 1.1715836099800685 1.0447699458919282
decision_type=2 2 2 2 2 2 2 2 2 2 2 2
left_child=2 8 3 4 -1 -5 11 -8 -2 -10 -3 -4
right_child=1 10 6 5 -6 -7 7 -9 9 -11 -12 -13
leaf_value=-0.0019349700493820762 0.0087986835836995902 0.019340629591564455 0.014682570448753911 -0.0041450244371226842 0.0011606050668045681 -0.00090767237618308045 -0.010897053480217397 0.0029802737597707709 -0.0058316782952807017 0.0050243725057998049 0.0068137524426683986 0.0059100821847878409
leaf_weight=684.78688914328814 12.300640679895876 12.482900306582453 10.937859222292902 370.13100053369999 1768.2506336867809 1569.3428931906819 13.577450022101401 195.95627488195896 30.18814630061388 17.363245122134686 10.691228915005921 11.664959348738192
leaf_count=3206 62 73 59 1697 8369 7295 64 941 142 93 65 63
internal_value=-0.000226712 0.00540388 -0.00033238 -0.000512852 0.000294705 -0.00153275 0.00303337 0.00189376 0.00080478 -0.00178535 0.0154151 0.0117246
internal_weight=4707.67 83.0262 4624.65 4392.51 2453.04 1939.47 232.137 209.534 59.852 47.5514 23.1741 22.6028
internal_count=22129 435 21694 20567 11575 8992 1127 1005 297 235 138 122
is_linear=0
shrinkage=0.02


Tree=156
num_leaves=9
num_cat=0
split_feature=5 4 5 6 7 7 5 3
split_gain=6.9874 7.39373 19.0585 18.9112 12.0615 31.6282 20.8957 5.46132
threshold=0.61369473495398175 27.7465996055608 5.537101053848084 -3.774775209943392 3.7264803398174209 -2.9928716577506678 1.1035670850061501 17.579999923706058
decision_type=2 2 2 2 2 2 2 2
left_child=-1 2 3 -2 5 -3 -6 -4
right_child=1 4 7 -5 6 -7 -8 -9
leaf_value=-0.011251539889447458 -0.0031067658782147575 -0.00076843778609222437 0.0024613634372279486 0.00017352757325701966 -0.010415380392471116 0.0079590344999781563 0.00047504461442695944 0.019841327564561896
leaf_weight=18.862586677074432 1006.5033326372504 386.9877533018589 12.466672345995905 2308.8720485456288 75.937699109315872 286.15757200866938 592.86101938784122 18.748035676777363
leaf_count=88 4667 1873 58 10832 343 1390 2778 100
internal_value=-0.00022149 -0.000167562 -0.00067038 -0.000824869 0.00108465 0.00296676 -0.000816063 0.0139681
internal_weight=4707.4 4688.53 3346.59 3315.38 1341.94 673.145 668.799 31.2147
internal_count=22129 22041 15657 15499 6384 3263 3121 158
is_linear=0
shrinkage=0.02


Tree=157
num_leaves=13
num_cat=0
split_feature=0 4 3 7 7 3 3 7 2 4 2 3
split_gain=6.89328 9.52776 7.413 34.042 13.5636 27.2042 17.6974 11.9837 9.89481 3.34988 3.70795 0.461585
threshold=1.0114235679137955 26.477556220622414 12.994999885559084 -2.531618912906104 0.97192838342499011 23.944999694824222 14.614999771118166 4.2646149901598083 1.0067632049019599 15.211085224429914 1.0851786791031273 21.460000038146976
decision_type=2 2 2 2 2 2 2 2 2 2 2 2
left_child=2 9 3 8 6 -6 -4 -5 -1 -2 -11 -3
right_child=1 11 4 7 5 -7 -8 -9 -10 10 -12 -13
leaf_value=-0.016530386347277413 0.008709949733438525 0.018959395030065235 -0.003744123787480287 0.0080831996124460757 -0.0008967806805155325 -0.0081055043089032081 0.0011866333288106923 -0.00075338981731951581 -0.00021155836665690358 -0.0056796151581045406 0.0049806885536951961 0.0076784825488444486
leaf_weight=37.430055797100067 12.293883211910723 11.359077304601671 336.51957382261753 197.15618804097176 1700.3831122219563 235.05123446881771 2006.7676952928305 87.429320126771927 23.34021307528019 30.193997479975224 17.357063882052898 11.76228930428624
leaf_count=162 62 58 1543 950 7899 1081 9544 408 107 142 93 80
internal_value=-0.000216983 0.00536199 -0.00032163 0.00248018 -0.000549882 -0.00178716 0.000473353 0.00539564 -0.0106629 0.0008471 -0.00170386 0.0151994
internal_weight=4707.04 82.9663 4624.08 345.356 4278.72 1935.43 2343.29 284.586 60.7703 59.8449 47.5511 23.1214
internal_count=22129 435 21694 1627 20067 8980 11087 1358 269 297 235 138
is_linear=0
shrinkage=0.02


Tree=158
num_leaves=15
num_cat=0
split_feature=0 3 4 3 3 7 4 4 7 7 1 3 2 4
split_gain=6.85221 33.6704 22.7409 20.3313 21.2023 21.9567 14.2459 14.1386 11.0447 10.3511 14.3245 9.90769 8.81728 5.78699
threshold=0.96602609843202292 22.615000724792484 23.111015028167991 22.285000801086429 22.500000000000004 1.535559340033134 27.631911691713011 18.885996801027943 -5.9129758072172942 -8.1300048713967232 1.1585574051141083 28.410000801086429 1.0003743216443464 34.606722710001726
decision_type=2 2 2 2 2 2 2 2 2 2 2 2 2 2
left_child=3 9 11 6 -5 -6 7 -1 -8 10 -2 -3 -11 -4
right_child=1 2 13 4 5 -7 8 -9 -10 12 -12 -13 -14 -15
leaf_value=-0.00067030855944538454 -0.019786016932306302 -0.010834377529978014 7.1466787580450492e-05 0.018008384884171811 0.0032154891075600808 -0.0045006765797529266 -0.0056579662922614585 -0.0044123394323482773 0.0012232543174997277 -0.001441309233145813 0.0029649556249191785 -0.0017804187574379279 0.0041252532825507161 0.0099026507367278027
leaf_weight=746.13402414321899 14.935136437416075 153.96824018657207 114.08790630474687 27.914814919233322 611.49429506063461 190.22416868805885 101.54666556417942 880.80378390848637 801.23324711620808 130.26129156351089 24.549963369965553 72.263994343578815 810.64486913383007 26.333153057843447
leaf_count=3454 63 689 604 138 2984 877 459 4017 3762 610 115 383 3824 150
internal_value=-0.000212443 0.000990827 -0.00415065 -0.000695539 0.00201493 0.00137142 -0.00158623 -0.00270205 0.000427695 0.00292272 -0.00666899 -0.0080235 0.00335177 0.00213832
internal_weight=4706.4 1347.04 366.653 3359.35 829.633 801.718 2529.72 1626.94 902.78 980.391 39.4851 226.232 940.906 140.421
internal_count=22129 6438 1826 15691 3999 3861 11692 7471 4221 4612 178 1072 4434 754
is_linear=0
shrinkage=0.02


Tree=159
num_leaves=9
num_cat=0
split_feature=5 0 6 5 5 6 4 2
split_gain=6.82224 8.21778 10.9117 14.6025 14.5247 10.5479 21.1061 8.94402
threshold=0.61369473495398175 0.96602609843202292 5.6226682318084089 2.8706803019186036 6.8535282536721596 -7.953880981316102 34.606722710001726 1.0696386500908597
decision_type=2 2 2 2 2 2 2 2
left_child=-1 2 4 -4 -2 6 -3 -7
right_child=1 5 3 -5 -6 7 -8 -9
leaf_value=-0.011120519220326168 -0.0016945597790253817 -0.0036399656525585534 0.0023334437475263561 -0.0023585650764324085 0.015596337628027892 0.0018782729636460359 0.012528181006168817 0.014005300196474699
leaf_weight=18.807364001870155 2127.3276904299855 296.48045918345451 824.41657512634993 386.60370744019747 15.643676869571207 983.05615264177322 32.255319386720657 21.077727451920509
leaf_count=88 9901 1394 3887 1796 83 4670 170 140
internal_value=-0.000208394 -0.000155161 -0.000682996 0.000832743 -0.00153951 0.00117114 -0.00192202 0.00218739
internal_weight=4705.67 4686.86 3353.99 1211.02 2142.97 1332.87 328.736 1004.13
internal_count=22129 22041 15667 5683 9984 6374 1564 4810
is_linear=0
shrinkage=0.02


Tree=160
num_leaves=9
num_cat=0
split_feature=5 0 3 3 3 7 5 7
split_gain=6.62006 7.90327 34.8485 19.6632 20.4353 16.4942 13.5847 13.1582
threshold=0.61369473495398175 0.96602609843202292 22.615000724792484 22.285000801086429 22.500000000000004 -3.3772769796456727 1.798153181429732 -1.0869551675062186
decision_type=2 2 2 2 2 2 2 2
left_child=-1 3 6 7 -5 -4 -3 -2
right_child=1 2 5 4 -6 -7 -8 -9
leaf_value=-0.010968152194440459 -0.0037592132201115457 0.0048527418684229393 0.0026531748988262668 0.017694475039604942 0.0013641195002928558 -0.006696826395034227 -0.00012503324078317056 -0.00060409937293153394
leaf_weight=18.743471726775169 750.44434896111488 632.23714627325535 102.58837009221315 27.928244382143021 801.42554152011871 263.53658455610275 334.34639470279217 1773.9233641326427
leaf_count=88 3419 3006 570 138 3861 1255 1543 8249
internal_value=-0.000203777 -0.000151408 0.00114935 -0.000669058 0.00199633 -0.00407659 0.00313748 -0.00154652
internal_weight=4705.17 4686.43 1332.71 3353.72 829.354 366.125 966.584 2524.37
internal_count=22129 22041 6374 15667 3999 1825 4549 11668
is_linear=0
shrinkage=0.02


Tree=161
num_leaves=14
num_cat=0
split_feature=4 5 7 5 4 5 6 7 0 6 7 5 1
split_gain=6.81321 7.13006 6.85137 12.9624 13.3016 12.7746 21.1521 18.2493 8.6904 4.40245 3.51854 2.90707 1.61453
threshold=10.754634089682572 1.2848482100906058 0.97192838342499011 1.7009565327806742 15.112571315447555 3.364076494609503 12.283812782236204 10.038505511124344 1.0216542970300335 -3.0719920853715217 -0.74832809513431264 1.9109111668195127 1.0028170934860656
decision_type=2 2 2 2 2 2 2 2 2 2 2 2 2
left_child=1 12 3 4 -2 6 -4 -7 -5 10 -3 -11 -1
right_child=2 9 5 8 -6 7 -8 -9 -10 11 -12 -13 -14
leaf_value=0.0074929898226015999 0.0073281269346522427 -0.018974434742610537 -0.0011529107759938389 -0.00054419401689372547 0.0012811907380543719 -0.0085425263485443704 0.005051106559374954 0.0023935289940489033 0.012053149288297203 -0.0084699129757792365 -0.0043157881710663175 0.00037778115540293834 -0.001221140028225078
leaf_weight=13.666378140449526 187.13476410508156 16.292366042733196 1618.8354377448559 1627.5060198828578 619.89153315126896 180.24338330328465 250.2747487872839 89.085559383034706 18.206689044833183 24.525430575013161 14.118798241019247 30.315493509173393 14.548301786184309
leaf_count=65 906 75 7524 7671 2947 825 1191 424 113 110 67 144 67
internal_value=-0.00019965 -0.0049559 -7.78921e-05 0.000643043 0.00271259 -0.000904444 -0.000313177 -0.00494313 -0.000375941 -0.00775194 -0.0134617 -0.0038858 0.00340602
internal_weight=4704.64 113.467 4591.18 2452.74 807.026 2138.44 1869.11 269.329 1645.71 85.2521 30.4112 54.8409 28.2147
internal_count=22129 528 21601 11637 3853 9964 8715 1249 7784 396 142 254 132
is_linear=0
shrinkage=0.02


Tree=162
num_leaves=9
num_cat=0
split_feature=7 6 7 0 4 0 0 4
split_gain=6.61881 13.2474 10.3817 7.71329 8.51928 4.792 5.37256 1.79628
threshold=-21.245075645244849 -10.292613598277359 -12.371436814434405 0.56818063687639364 27.7465996055608 0.87196947395050461 0.89936982434367974 30.678472282592786
decision_type=2 2 2 2 2 2 2 2
left_child=1 -1 5 -4 -5 7 -7 -2
right_child=2 -3 3 4 -6 6 -8 -9
leaf_value=0.01679248018214936 -0.0055178525136140742 -0.006702748356503461 -0.011955826706732002 -0.00059834151049007476 0.001339680801566309 0.0069749862428580582 -0.0061256865390222513 -0.017551732247185162
leaf_weight=21.003616321831942 14.029772169888021 12.758800536394117 17.939294129610062 3314.2204088717699 1244.7312661260366 12.521709993481634 52.154180306941271 14.594803676009176
leaf_count=116 65 60 80 15514 5919 60 252 63
internal_value=-0.000195815 0.00814415 -0.000263025 -0.000125484 -6.84924e-05 -0.00672762 -0.00333078 -0.0130532
internal_weight=4703.95 33.7624 4670.19 4576.89 4558.95 93.3005 64.6759 28.6246
internal_count=22129 176 21953 21513 21433 440 312 128
is_linear=0
shrinkage=0.02


Tree=163
num_leaves=14
num_cat=0
split_feature=4 5 7 3 7 5 5 3 4 3 5 7 3
split_gain=6.57728 6.91495 6.81881 16.6615 19.7068 14.779 10.8099 16.0139 15.2104 3.78963 10.9297 5.46969 2.56175
threshold=10.754634089682572 1.2848482100906058 2.9665148163169253 19.314999580383304 7.134095639024741 2.8390749047057846 1.7009565327806742 21.884999275207523 31.88940615209896 19.744999885559086 1.8683280580334978 -0.69275202148596626 16.045000076293949
decision_type=2 2 2 2 2 2 2 2 2 2 2 2 2
left_child=1 12 6 5 -5 -4 8 -8 -2 11 -11 -3 -1
right_child=2 9 3 4 -6 -7 7 -9 -10 10 -12 -13 -14
leaf_value=-0.002029693597329111 0.0012636543922124605 -0.017151494487902749 0.0018342681137035605 -0.0067932502457092106 0.0023883146019241315 -0.0039743703791607554 -0.0018864562557168775 0.0017759860892873802 0.0096247010705971438 -0.011472860921526034 0.0077299183089761846 -0.0029577744409056673 0.0088479694753455726
leaf_weight=15.49459031224251 1122.8636932000518 24.358478859066963 673.07803304493427 339.66090764850378 126.11328534781933 232.39955094456673 1231.0614204406738 774.77005769312382 90.562663480639458 21.525943383574486 18.39800326526165 20.829710632562637 12.719865247607229
leaf_count=71 5307 113 3156 1568 600 1070 5627 3818 455 97 90 96 61
internal_value=-0.000192297 -0.00486832 -7.27217e-05 -0.00125171 -0.00430808 0.000332502 0.000430403 -0.000471087 0.00191724 -0.00762581 -0.00272564 -0.0113814 0.00336398
internal_weight=4703.84 113.327 4590.51 1371.25 465.774 905.478 3219.26 2005.83 1213.43 85.1121 39.9239 45.1882 28.2145
internal_count=22129 528 21601 6394 2168 4226 15207 9445 5762 396 187 209 132
is_linear=0
shrinkage=0.02


Tree=164
num_leaves=9
num_cat=0
split_feature=5 0 6 0 5 6 4 7
split_gain=6.51145 7.45748 10.3226 14.106 13.997 9.93957 20.1396 14.167
threshold=0.61369473495398175 0.96602609843202292 5.6226682318084089 0.93479988366753974 6.8535282536721596 -7.953880981316102 34.606722710001726 -8.3479037737994179
decision_type=2 2 2 2 2 2 2 2
left_child=-1 2 4 -4 -2 6 -3 -7
right_child=1 5 3 -5 -6 7 -8 -9
leaf_value=-0.010873810324864674 -0.001625169452221074 -0.0035532566392733307 0.00018783199327008449 0.0080234400972324545 0.015371597877626701 -0.012612185693862419 0.012260420634753879 0.0024877020284442383
leaf_weight=18.70359505712986 2126.2588340640068 296.33706445991993 1114.1344080492854 96.183921948075294 15.588798739016054 21.57864822819829 32.154309120029211 981.72547806054354
leaf_count=88 9901 1394 5219 464 83 109 170 4701
internal_value=-0.000188727 -0.000136818 -0.000639742 0.000834906 -0.00147304 0.00112718 -0.00187646 0.00211415
internal_weight=4702.67 4683.96 3352.17 1210.32 2141.85 1331.8 328.491 1003.3
internal_count=22129 22041 15667 5683 9984 6374 1564 4810
is_linear=0
shrinkage=0.02


Tree=165
num_leaves=12
num_cat=0
split_feature=0 4 4 4 5 5 6 7 5 1 1
split_gain=6.5258 8.99973 6.50456 8.90871 8.9586 6.62853 5.23114 7.47366 3.33011 3.67611 1.11875
threshold=1.0114235679137955 26.477556220622414 43.389781007442217 40.904997931434472 2.4076122658361645 2.608408612456901 -9.6723648241756752 -6.4140763687263211 1.8066014160905277 1.1653714002390823 1.1715836099800685
decision_type=2 2 2 2 2 2 2 2 2 2 2
left_child=2 8 3 4 -1 -5 -4 -8 -2 -10 -3
right_child=1 10 6 5 -6 -7 7 -9 9 -11 -12
leaf_value=0.00032065761128904148 -0.0052089729198614475 0.01882947512639797 0.011361941332736127 -0.0099950985468685322 -0.0016175593230839799 0.00096893238273600883 -0.010706943286381021 0.0029212929632375863 0.0077500025356769565 -0.0042330220336238818 0.0062877023655801001
leaf_weight=2868.8363132327795 19.86493743211031 12.399065904319288 22.430471815168858 62.684238418936729 1424.2951747179031 31.972982048988342 13.592070214450358 195.78982964158058 27.885701291263103 12.026964943855999 10.593505628407
leaf_count=13469 92 73 122 283 6665 150 64 941 144 61 65
internal_value=-0.000184797 0.00524956 -0.000286622 -0.000460135 -0.000323275 -0.00640257 0.00294976 0.00185249 0.000861744 0.00408246 0.0148391
internal_weight=4702.37 82.7702 4619.6 4387.79 4293.13 94.6572 231.812 209.382 59.7776 39.9127 22.9926
internal_count=22129 435 21694 20567 20134 433 1127 1005 297 205 138
is_linear=0
shrinkage=0.02


Tree=166
num_leaves=13
num_cat=0
split_feature=4 7 5 4 5 5 4 2 5 0 7 1
split_gain=6.38671 6.68637 12.3557 12.1466 10.3932 10.0757 14.7315 8.95327 6.67089 3.26701 3.39095 1.56482
threshold=10.754634089682572 2.9665148163169253 1.2119660696022672 21.279558980503467 2.8390749047057846 1.7009565327806742 28.132531930943703 1.0764460274469365 1.2848482100906058 0.93006140824839867 -0.99656452701477749 1.0028170934860656
decision_type=2 2 2 2 2 2 2 2 2 2 2 2
left_child=8 5 3 -3 -4 6 -2 -7 11 -10 -11 -1
right_child=1 2 4 -5 -6 7 -8 -9 9 10 -12 -13
leaf_value=0.0073185646535962505 0.00095149611139038913 0.008226190749255631 0.00074166052015018583 -0.0078091655230682526 -0.0033165325103505878 -0.00075855394124630521 0.0071616000541646439 0.0050542955626738818 0.0014113011311072191 -0.013953332404477312 -0.0047124654174008507 -0.0012519743975366075
leaf_weight=13.667151659727098 1037.4889055043459 18.039777249097824 833.05741443485022 161.81878845393658 357.5449555888772 1897.1053480431437 175.56274619698524 108.27277857810259 12.874549001455305 29.977346986532211 42.092408314347267 14.541304647922514
leaf_count=65 4893 87 3896 740 1671 8869 869 576 61 139 196 67
internal_value=-0.000180826 -6.3047e-05 -0.00123093 -0.00605685 -0.000484063 0.000435168 0.00187086 -0.000435275 -0.00479209 -0.0075046 -0.00908779 0.0032937
internal_weight=4702.04 4588.89 1370.46 179.859 1190.6 3218.43 1213.05 2005.38 113.153 84.9443 72.0698 28.2085
internal_count=22129 21601 6394 827 5567 15207 5762 9445 528 396 335 132
is_linear=0
shrinkage=0.02


Tree=167
num_leaves=10
num_cat=0
split_feature=3 3 1 3 5 3 0 5 6
split_gain=6.40249 6.65623 22.2302 25.4023 12.8998 9.75783 5.19339 3.72494 1.42829
threshold=34.385000228881843 12.765000343322756 1.0180437639142621 12.555000305175783 0.61369473495398175 16.105000495910648 0.92821155005848222 2.4076122658361645 -2.232699916521891
decision_type=2 2 2 2 2 2 2 2 2
left_child=1 2 3 -1 -3 -6 -2 -4 -8
right_child=6 4 7 -5 5 -7 8 -9 -10
leaf_value=0.0013445809991471352 -0.0047098981774505704 -0.016127459385797287 -0.010814324986775391 0.017295064970677277 -0.0016757966814041269 0.00031975537815963031 0.0051034489300668274 0.00098760362834538254 0.01711984822897587
leaf_weight=131.47502106428146 7.0021875798702267 16.807540237903595 39.955438226461411 53.849201217293739 1462.1625924408436 2953.7941660806537 11.974894940853124 13.304796144366263 11.107753090560431
leaf_count=619 45 78 178 269 6772 13885 117 62 104
internal_value=-0.00017725 -0.000240065 0.0029862 0.00624676 -0.000416248 -0.000341908 0.00845978 -0.00800308 0.0125604
internal_weight=4701.43 4671.35 238.584 185.324 4432.76 4415.96 30.0848 53.2602 23.0826
internal_count=22129 21863 1128 888 20735 20657 266 240 221
is_linear=0
shrinkage=0.02


Tree=168
num_leaves=12
num_cat=0
split_feature=3 3 1 3 5 0 2 2 7 7 5
split_gain=6.28655 6.82852 21.4234 24.5176 12.3678 9.21215 6.51054 6.20545 5.77738 8.31286 5.42724
threshold=30.654999732971195 12.765000343322756 1.0180437639142621 12.555000305175783 0.61369473495398175 0.97796278667254344 1.0070602039446175 0.96367503119809073 -3.3215198894538056 -7.7182811443275208 1.3399531387724535
decision_type=2 2 2 2 2 2 2 2 2 2 2
left_child=1 2 3 -1 -3 -6 -4 -2 9 -9 -10
right_child=7 4 6 -5 5 -7 -8 8 10 -11 -12
leaf_value=0.0013185632091624075 -0.0098497237765339304 -0.015936621912058632 -0.015157396139820567 0.016996174049398762 -0.00087390344807049074 0.0015778816808911379 -0.0014204712480331439 0.0011956400325994728 -0.010307385741899626 0.012879139628384322 0.002407353556361516
leaf_weight=131.46689879894257 10.10657027363777 16.717439040541649 22.41572280228138 53.771379441022873 3492.407137721777 739.50499422848225 30.83799909055233 46.838167648762465 11.512685082852839 48.875300798565149 96.662731986492872
leaf_count=619 50 78 98 269 16211 3471 142 285 56 322 528
internal_value=-0.000173562 -0.000334413 0.00293055 0.00613255 -0.000520272 -0.000444381 -0.00785765 0.00314347 0.00396466 0.00743904 0.000734881
internal_weight=4701.12 4487.12 238.492 185.238 4248.63 4231.91 53.2537 213.995 203.889 95.7135 108.175
internal_count=22129 20888 1128 888 19760 19682 240 1241 1191 607 584
is_linear=0
shrinkage=0.02


Tree=169
num_leaves=9
num_cat=0
split_feature=7 6 7 0 4 0 0 4
split_gain=6.27774 12.6178 10.0168 7.38059 8.18888 4.64172 5.24096 1.7609
threshold=-21.245075645244849 -10.292613598277359 -12.371436814434405 0.56818063687639364 42.781597122249224 0.87196947395050461 0.89936982434367974 30.678472282592786
decision_type=2 2 2 2 2 2 2 2
left_child=1 -1 5 -4 -5 7 -7 -2
right_child=2 -3 3 4 -6 6 -8 -9
leaf_value=0.01645283143404579 -0.0053856102783887052 -0.0065044406100186235 -0.011681056759191896 -0.00023658157681118058 0.0036988369311990428 0.0069285266295109017 -0.0060087351022509181 -0.017257185461041234
leaf_weight=20.845794018357992 14.018026538193228 12.769315421581267 17.908873856067657 4337.4158247299492 218.32763999700546 12.518207550048826 52.146278418600559 14.584874421358107
leaf_count=116 65 60 80 20379 1054 60 252 63
internal_value=-0.000170397 0.00796777 -0.000235788 -0.000100633 -4.49028e-05 -0.00658681 -0.00324653 -0.0128136
internal_weight=4700.53 33.6151 4666.92 4573.65 4555.74 93.2674 64.6645 28.6029
internal_count=22129 176 21953 21513 21433 440 312 128
is_linear=0
shrinkage=0.02


Tree=170
num_leaves=13
num_cat=0
split_feature=4 5 0 4 5 4 5 6 4 5 1 1
split_gain=6.14805 6.4662 6.00443 8.614 5.97901 15.2442 12.0499 4.28501 3.5076 2.76667 1.50629 1.13062
threshold=10.754634089682572 1.2848482100906058 1.0114235679137955 26.477556220622414 5.537101053848084 28.132531930943703 4.0519237933488546 -3.0719920853715217 15.211085224429914 1.9109111668195127 1.0028170934860656 1.1715836099800685
decision_type=2 2 2 2 2 2 2 2 2 2 2 2
left_child=1 10 4 8 6 -6 -2 -3 -4 -9 -1 -5
right_child=2 7 3 11 5 -7 -8 9 -10 -11 -12 -13
leaf_value=0.0072115334319560551 -4.8884177962005141e-06 -0.013019392201866034 0.0090480018450235147 0.018545248506207083 0.015234926440438444 -0.0015464257833196881 -0.0046063759424542 -0.0080598821644448666 -0.0017268662918175385 0.00056203604092723547 -0.0012035890242115446 0.0061026623443384319
leaf_weight=13.665119379758837 4182.6486177667975 30.122114419937134 11.834991618990896 12.339219350367786 31.176180757582188 54.638849079608917 236.74128498882055 24.448656842112541 47.460297636687756 30.21384796500206 14.530356198549269 10.550182294100521
leaf_count=65 19639 142 60 73 159 262 1108 110 235 144 67 65
internal_value=-0.000167331 -0.00469501 -5.18286e-05 0.00517748 -0.000151731 0.00495714 -0.000255327 -0.00736966 0.000859621 -0.00358088 0.00326411 0.0145712
internal_weight=4700.37 112.98 4587.39 82.1847 4505.2 85.815 4419.39 84.7846 59.2953 54.6625 28.1955 22.8894
internal_count=22129 528 21601 433 21168 421 20747 396 295 254 132 138
is_linear=0
shrinkage=0.02


Tree=171
num_leaves=9
num_cat=0
split_feature=3 3 3 4 5 7 3 2
split_gain=6.14766 6.1454 19.6987 12.4932 12.2082 10.9249 9.35505 5.12321
threshold=34.385000228881843 12.765000343322756 12.519999980926515 18.325722986933858 0.61369473495398175 -1.5775184858491929 16.105000495910648 1.0352787472827529
decision_type=2 2 2 2 2 2 2 2
left_child=1 2 3 -1 -3 -4 -6 -2
right_child=7 4 5 -5 6 -7 -8 -9
leaf_value=0.0057899648739635845 -0.00062824555667424006 -0.015745948747751579 -0.0036578647645499601 -0.0057615769415643534 -0.0016282966460346572 0.013606832008982375 0.00032576587932203245 0.014962269051659592
leaf_weight=55.94764107465744 14.245075464248659 16.625526681542397 16.473327830433846 96.244715258479118 1461.9810260981321 69.676342576742172 2953.2594209909439 15.611912954598663
leaf_count=267 96 78 75 441 6772 345 13885 170
internal_value=-0.000163546 -0.000224916 0.00287668 -0.00147557 -0.000394161 0.0102897 -0.000322154 0.00832845
internal_weight=4700.06 4670.21 238.342 152.192 4431.87 86.1497 4415.24 29.857
internal_count=22129 21863 1128 708 20735 420 20657 266
is_linear=0
shrinkage=0.02


Tree=172
num_leaves=10
num_cat=0
split_feature=7 6 7 7 3 3 0 0 4
split_gain=6.07829 12.2326 9.65248 7.16438 28.5603 20.4263 4.51899 5.08641 1.68855
threshold=-21.245075645244849 -10.292613598277359 -12.371436814434405 0.97192838342499011 23.944999694824222 14.614999771118166 0.87196947395050461 0.89936982434367974 30.678472282592786
decision_type=2 2 2 2 2 2 2 2 2
left_child=1 -1 6 5 -5 -4 8 -8 -2
right_child=2 -3 3 4 -6 -7 7 -9 -10
leaf_value=0.016236544400992595 -0.0053085071356348034 -0.0063839410202960988 -0.0030399306757084867 -0.00010009084556020387 -0.0073085334611185573 0.0015697188976047914 0.0068530478102878569 -0.0058892941957995014 -0.016960286625823676
leaf_weight=20.755416680127382 14.004590086638929 12.773453772068022 475.6801442950964 1916.6631296724081 244.36148755997419 1936.2269354015589 12.518664911389349 52.158770553767681 14.579219192266462
leaf_count=116 65 60 2192 8942 1136 9243 60 252 63
internal_value=-0.000160158 0.00785693 -0.000224445 -9.17607e-05 -0.000927195 0.000657069 -0.00645909 -0.00316745 -0.012604
internal_weight=4699.72 33.5289 4666.19 4572.93 2161.02 2411.91 93.2612 64.6774 28.5838
internal_count=22129 176 21953 21513 10078 11435 440 312 128
is_linear=0
shrinkage=0.02


Tree=173
num_leaves=9
num_cat=0
split_feature=3 3 1 1 2 3 3 2
split_gain=6.00502 6.05147 31.3431 22.3218 12.3668 12.2573 11.7573 5.01968
threshold=34.385000228881843 12.994999885559084 1.0104248054653673 0.93681447736914059 1.0067632049019599 13.050000190734865 13.085000038146974 1.0279798806867124
decision_type=2 2 2 2 2 2 2 2
left_child=1 2 3 -1 -4 -3 -7 -2
right_child=7 5 4 -5 -6 6 -8 -9
leaf_value=-0.00068381692075756846 -0.0010957501933438294 -0.013768496349300854 -0.016287306435630439 0.010980936113817726 -0.0012227413850574465 0.011847747108099407 -0.00042634902628962057 0.014424261566950829
leaf_weight=118.28397184610367 13.118751361966135 23.354288458824158 35.665196374058723 142.15328513085842 49.968290165066719 27.449354395270348 4272.6929923593998 16.589905172586441
leaf_count=553 86 103 156 694 231 134 19992 180
internal_value=-0.000157316 -0.00021785 0.00231168 0.0057529 -0.00794378 -0.000422274 -0.000337061 0.00825415
internal_weight=4699.28 4669.57 346.071 260.437 85.6335 4323.5 4300.14 29.7087
internal_count=22129 21863 1634 1247 387 20229 20126 266
is_linear=0
shrinkage=0.02


Tree=174
num_leaves=15
num_cat=0
split_feature=4 4 5 7 5 2 1 5 5 7 5 5 2 2
split_gain=5.98165 8.56309 9.32553 14.5843 7.09904 14.6482 13.5849 3.81596 6.8683 8.15385 6.21853 7.13765 3.71655 3.43375
threshold=43.389781007442217 40.45562690484558 2.5945788529941729 9.1323998314432142 2.4076122658361645 1.036870866047185 0.89777695580825378 1.9921265064564058 0.87494590385919835 6.3365205387337999 2.8390749047057846 3.156416097085883 0.99185396939445569 0.97954844029545407
decision_type=2 2 2 2 2 2 2 2 2 2 2 2 2 2
left_child=1 4 12 -4 6 -6 -1 8 -2 -10 13 -12 -3 -9
right_child=7 2 3 -5 5 -7 -8 10 9 -11 11 -13 -14 -15
leaf_value=0.0068142028507322981 0.0086886327011461047 -0.0046233805800713727 0.011526669482710614 -0.011281885390070917 -0.0023132245199733847 0.0027004617970893654 0.00010576319923589982 0.0043054815723439976 -0.0091068547800920371 0.0032915797449889913 -0.0098143850775715951 0.0044077146214389785 -0.014022483966418892 0.016310657036000036
leaf_weight=122.23467969894409 23.342404335737228 39.512405693531036 23.08208504319191 15.241601690649984 1162.9783292934299 287.70025276020169 2780.4737259373069 21.795796528458595 37.826176002621651 39.923369243741035 13.297240260988472 74.862217284739017 35.761240556836128 20.879283014684916
leaf_count=582 116 181 113 68 5402 1419 13073 108 174 195 62 365 160 111
internal_value=-0.000154112 -0.000317763 -0.00564333 0.00224661 -0.000173745 -0.00131421 0.000397248 0.00294982 1.18037e-05 -0.00289087 0.00515225 0.0019297 -0.00957097 0.0110736
internal_weight=4698.91 4466.98 113.597 38.3237 4353.39 1450.68 2902.71 231.926 101.092 77.7495 130.835 88.1595 75.2736 42.6751
internal_count=22129 20998 522 181 20476 6821 13655 1131 485 369 646 427 341 219
is_linear=0
shrinkage=0.02


Tree=175
num_leaves=13
num_cat=0
split_feature=4 7 3 4 3 3 7 5 5 6 7 3
split_gain=5.92324 6.50362 25.5267 18.3382 14.6679 14.1456 25.8696 14.6879 6.27106 4.18314 3.32733 2.41046
threshold=10.754634089682572 0.97192838342499011 23.944999694824222 23.111015028167991 12.994999885559084 14.119999885559084 -2.531618912906104 1.7009565327806742 1.2848482100906058 3.3332488326662193 -0.99656452701477749 16.045000076293949
decision_type=2 2 2 2 2 2 2 2 2 2 2 2
left_child=8 5 4 -4 -3 6 -2 -7 11 10 -10 -1
right_child=1 2 3 -5 -6 7 -8 -9 9 -11 -12 -13
leaf_value=-0.0019958143857256925 -0.0090745537775285597 0.0050462315787908815 -0.011594578774752267 -0.000396502768351487 -0.00066598185633325079 0.0038495946007393446 0.0014982158762704273 0.00019778666810546516 -0.013915164529253234 0.0013155952430928106 -0.0044937096526300102 0.0085560779589284579
leaf_weight=15.469075381755831 153.94410717487335 197.01501654088497 137.66237577050924 100.13861601799726 1700.8141396790743 630.16512888297439 221.38353410363197 1444.6270818039775 31.096075043082237 17.259378015995026 36.250816881656647 12.717720195651053
leaf_count=71 687 942 628 479 7915 3033 1040 6877 145 81 170 61
internal_value=-0.00015092 -3.76088e-05 -0.000843517 -0.00696361 -6.36266e-05 0.000665085 -0.00288827 0.0013122 -0.00459867 -0.00723735 -0.00938013 0.00323678
internal_weight=4698.54 4585.75 2135.63 237.801 1897.83 2450.12 375.328 2074.79 112.793 84.6063 67.3469 28.1868
internal_count=22129 21601 9964 1107 8857 11637 1727 9910 528 396 315 132
is_linear=0
shrinkage=0.02


Tree=176
num_leaves=12
num_cat=0
split_feature=3 4 6 0 4 3 6 6 2 1 6
split_gain=5.91469 6.95871 9.80691 9.51522 8.69315 25.9481 14.5878 6.46388 8.85363 5.05235 4.79912
threshold=30.654999732971195 11.813083207946184 6.0621557705223266 0.95808116734326887 18.406680754728004 24.935000419616703 -12.062758459806249 -15.209843477547983 0.96064628093832594 1.2608949459780303 2.7995154792360926
decision_type=2 2 2 2 2 2 2 2 2 2 2
left_child=1 2 3 -1 5 -3 -6 9 -9 -2 -10
right_child=7 4 -4 -5 6 -7 -8 8 10 -11 -12
leaf_value=-0.009974020286016504 -0.012395639291819187 0.0024493456345000622 0.010980340235951864 -0.0012953398608694237 0.0037216685983353995 -0.0057618887588631023 -0.0011394247904684181 -0.011770931636843434 0.0035767736993362409 0.0032248657239277835 0.0115356566367621
leaf_weight=82.228279381990433 14.149517409503462 1072.184412330389 13.148032352328299 125.491734623909 267.37396179139614 175.76594205200672 2748.2374696135521 9.0398031622171384 139.87840829417109 12.800929248332976 37.411723054945469
leaf_count=375 70 5024 64 586 1260 809 12770 44 824 73 230
internal_value=-0.000148305 -0.00030419 -0.00373324 -0.00485442 -0.00012322 0.00127813 -0.000704065 0.00307459 0.0044073 -0.00551831 0.00547372
internal_weight=4697.71 4484.43 220.868 207.72 4263.56 1247.95 3015.61 213.28 186.33 26.9504 177.29
internal_count=22129 20888 1025 961 19863 5833 14030 1241 1098 143 1054
is_linear=0
shrinkage=0.02


Tree=177
num_leaves=14
num_cat=0
split_feature=4 4 5 7 3 3 3 7 7 5 5 7 5
split_gain=5.80517 8.28941 8.96173 14.0792 7.86722 7.53979 12.4884 12.7933 11.5403 6.93569 7.38508 4.84743 6.10848
threshold=43.389781007442217 40.45562690484558 2.5945788529941729 9.1323998314432142 13.525000095367433 14.614999771118166 18.345000267028812 9.7286886328025908 6.6057077099116901 0.61369473495398175 2.4076122658361645 4.4737218922921702 1.9552959171687854
decision_type=2 2 2 2 2 2 2 2 2 2 2 2 2
left_child=1 9 4 -4 -3 11 7 -7 -8 -1 -11 -2 -13
right_child=5 2 3 -5 -6 6 8 -9 -10 10 -12 12 -14
leaf_value=-0.011630595923358448 0.017215262337191506 0.0036542166248766553 0.011308858028322537 -0.011114154834899297 -0.012264137218081173 0.00034868733238621927 -0.0010208684526029877 -0.016892632266499726 0.015040466837993045 0.00047589390467487621 -0.0012717500571488775 -0.0013414013418213179 0.0094345515979756198
leaf_weight=17.002165898680687 12.768028661608694 13.367436975240706 23.076245680451393 15.205399334430693 61.912554942071438 47.898245349526405 40.945171233266592 22.736253887414932 27.151724472641945 2884.7874952144921 1450.0246838331223 35.348426342010498 44.963622152805328
leaf_count=81 67 63 113 68 278 224 210 99 137 13574 6821 171 223
internal_value=-0.000145469 -0.000306713 -0.00554727 0.00219361 -0.00939577 0.00291308 -7.63397e-05 -0.00580897 0.0058623 -0.00016499 -0.000109339 0.00718823 0.00485302
internal_weight=4697.19 4465.38 113.562 38.2816 75.28 231.811 138.731 70.6345 68.0969 4351.81 4334.81 93.0801 80.312
internal_count=22129 20998 522 181 341 1131 670 323 347 20476 20395 461 394
is_linear=0
shrinkage=0.02


Tree=178
num_leaves=13
num_cat=0
split_feature=0 4 6 3 3 4 5 6 3 5 1 1
split_gain=5.80905 8.44658 6.49194 15.7134 26.4038 20.313 12.5325 25.5434 22.3467 3.18817 3.60861 1.13933
threshold=1.0114235679137955 26.477556220622414 5.6226682318084089 19.804999351501468 19.440000534057621 21.368218004742854 1.798153181429732 -8.9580287220300736 25.835000038146976 1.8066014160905277 1.1653714002390823 1.1715836099800685
decision_type=2 2 2 2 2 2 2 2 2 2 2 2
left_child=2 9 6 4 -4 -5 7 -1 -8 -2 -11 -3
right_child=1 11 3 5 -6 -7 8 -9 -10 10 -12 -13
leaf_value=-0.0089093056298438639 -0.0051789003590280349 0.018293000128654455 0.00017955598989268448 0.0099874574440633884 -0.018232124037142347 0.00061462807611049246 -0.0029737771721808888 0.0013192411221537672 0.0023540524301243963 0.0075618950158144096 -0.004308896229609842 0.0059347304893510415
leaf_weight=100.7198092341423 19.848338574171066 12.268255311995746 820.98920251429081 149.71452531218529 28.382058173418045 233.63715756684542 1433.2061934620142 1447.7042211890221 400.01050172746181 27.798940159380436 11.995771665126084 10.495211742818354
leaf_count=459 92 73 3838 737 124 1107 6559 6841 2029 144 61 65
internal_value=-0.000142538 0.00499555 -0.000238545 0.00100185 -0.000518253 0.00434044 -0.000691362 0.000632667 -0.00180864 0.000754646 0.00391682 0.0143337
internal_weight=4696.77 82.4065 4614.36 1232.72 849.371 383.352 3381.64 1548.42 1833.22 59.6431 39.7947 22.7635
internal_count=22129 435 21694 5806 3962 1844 15888 7300 8588 297 205 138
is_linear=0
shrinkage=0.02


Tree=179
num_leaves=9
num_cat=0
split_feature=7 6 7 0 4 0 0 4
split_gain=5.76449 11.708 9.34526 7.17429 7.97837 4.34837 4.96967 1.68389
threshold=-21.245075645244849 -10.292613598277359 -12.371436814434405 0.56818063687639364 27.7465996055608 0.87196947395050461 0.89936982434367974 30.678472282592786
decision_type=2 2 2 2 2 2 2 2
left_child=1 -1 5 -4 -5 7 -7 -2
right_child=2 -3 3 4 -6 6 -8 -9
leaf_value=0.015918450902123512 -0.0051505853635114276 -0.0062393331372209036 -0.011498448971666624 -0.00052973260768787148 0.0013474152278140903 0.0067951711658570044 -0.0058012766450745747 -0.016700469633126616
leaf_weight=20.614352226257324 13.987420283257963 12.766732968389986 17.872588381171227 3309.2254260182381 1242.3923657611012 12.511630132794378 52.131881143897772 14.563414499163626
leaf_count=116 65 60 80 15514 5919 60 252 63
internal_value=-0.000139595 0.00768327 -0.000202139 -7.15463e-05 -1.66202e-05 -0.00633885 -0.00310936 -0.0123703
internal_weight=4696.07 33.3811 4662.68 4569.49 4551.62 93.1943 64.6435 28.5508
internal_count=22129 176 21953 21513 21433 440 312 128
is_linear=0
shrinkage=0.02


Tree=180
num_leaves=15
num_cat=0
split_feature=7 7 6 7 0 4 6 0 4 4 4 0 0 7
split_gain=5.64204 9.40501 15.1104 11.5856 14.4882 10.1324 7.4285 17.2564 21.7734 15.9685 15.8036 12.682 9.58627 6.60411
threshold=0.97192838342499011 1.9210201740223023 5.6226682318084089 2.9665148163169253 0.91036386176426543 25.896233763050532 -2.9889078503189563 0.97753731512419872 18.626492098475648 24.743782615645049 14.15667056891315 0.84170542168678331 0.87064274136424491 7.0236272191407298
decision_type=2 2 2 2 2 2 2 2 2 2 2 2 2 2
left_child=6 2 5 4 -3 -2 9 8 -8 12 -9 -11 -1 -5
right_child=1 3 -4 13 -6 -7 7 10 -10 11 -12 -13 -14 -15
leaf_value=0.0086229225489079814 -0.0073951729520490232 -0.0030141690426204117 0.0031578916499990029 -0.0020702168357917068 0.0051333002266571257 0.0037676870279803264 0.0033113602379478729 -0.00071086586734622325 -0.0020859872316786889 -0.010328650742003714 0.012407370278592322 0.0029768160704534974 -0.0030090369920892954 0.00092961360374383198
leaf_weight=25.760784223675728 250.30871542543173 122.18733651936054 93.189076729118824 954.66461661458015 283.86322554945946 34.801505669951439 611.14571243524551 56.686797104775906 577.90979663282633 26.684871353209019 98.234780620783567 454.14563521370292 686.01292919367552 420.33321990072727
leaf_count=124 1136 561 438 4437 1353 166 2902 268 2712 125 518 2215 3187 1987
internal_value=-0.000137177 -0.000887694 -0.00373412 -0.000276093 0.00267611 -0.00599932 0.000502117 0.00151964 0.00068992 -0.0006458 0.00771025 0.00215927 -0.00254221 -0.00115314
internal_weight=4695.93 2159.35 378.299 1781.05 406.051 285.11 2536.58 1343.98 1189.06 1192.6 154.922 480.831 711.774 1375
internal_count=22129 10078 1740 8338 1914 1302 12051 6400 5614 5651 786 2340 3311 6424
is_linear=0
shrinkage=0.02


Tree=181
num_leaves=13
num_cat=0
split_feature=5 5 6 0 0 7 7 7 4 4 5 7
split_gain=5.80589 9.65459 14.2474 18.9597 12.289 14.631 9.97669 8.6285 8.5898 15.1684 6.80497 2.83583
threshold=5.827843798816259 4.0519237933488546 -7.953880981316102 0.89090443145558418 0.74752458784445663 9.4476757798085913 -8.793002323611514 11.896644153946443 28.132531930943703 44.548477431871923 6.8535282536721596 -5.2948292467228866
decision_type=2 2 2 2 2 2 2 2 2 2 2 2
left_child=1 4 3 -3 5 -1 -6 -4 11 10 -10 -2
right_child=8 2 7 -5 6 -7 -8 -9 9 -11 -12 -13
leaf_value=0.012375276286341124 0.018097060700703573 -0.0081101305521459263 -0.0089565088223980942 0.010934234480650926 -0.0046224107849814925 -0.0085682648417433113 6.7429093343462484e-05 0.0023130850473069117 0.0009894441035285511 0.014627141605851863 -0.017046161537687111 0.0042726694305714212
leaf_weight=57.141117036342621 15.607037559151651 32.244318708777428 149.06389937549829 45.981964346021414 185.81564104184508 13.988559782505034 4109.1781549341977 31.297649413347244 15.285956323146822 13.357567943632601 13.447320789098738 13.083540812134741
leaf_count=277 82 148 686 235 887 64 19335 149 71 72 60 63
internal_value=-0.000134242 -0.000223443 -0.00394803 0.00307163 5.60506e-07 0.00801957 -0.000139581 -0.00699317 0.0053942 -0.000530168 -0.00850289 0.013087
internal_weight=4695.49 4624.71 258.588 78.2263 4366.12 71.1297 4294.99 180.362 70.7814 42.0908 28.7333 28.6906
internal_count=22129 21781 1218 383 20563 341 20222 835 348 203 131 145
is_linear=0
shrinkage=0.02


Tree=182
num_leaves=8
num_cat=0
split_feature=7 6 7 0 5 5 0
split_gain=5.64445 11.2984 8.88329 6.89223 9.18814 4.19057 4.59803
threshold=-21.245075645244849 -10.292613598277359 -12.371436814434405 0.56818063687639364 5.827843798816259 4.3971706572797453 0.87196947395050461
decision_type=2 2 2 2 2 2 2
left_child=1 -1 5 -4 -5 6 -2
right_child=2 -3 3 4 -6 -7 -8
leaf_value=0.015726903121122186 -0.017536625385394206 -0.0060614541972615352 -0.011277125179735307 -0.00010652130302835689 0.0085166469114853725 0.0011416289389676489 -0.00520764719127958
leaf_weight=20.533195815980434 14.051774986088274 12.771173022687433 17.828679695725441 4505.0492725670338 45.973589442670345 22.783014878630638 56.346152167767286
leaf_count=116 61 60 80 21207 226 111 268
internal_value=-0.000131284 0.0076177 -0.000193123 -6.57942e-05 -1.20092e-05 -0.00617665 -0.00847912
internal_weight=4695.34 33.3044 4662.03 4568.85 4551.02 93.1809 70.3979
internal_count=22129 176 21953 21513 21433 440 329
is_linear=0
shrinkage=0.02


Tree=183
num_leaves=10
num_cat=0
split_feature=3 6 3 3 1 3 3 3 2
split_gain=5.64578 6.29638 12.7703 14.972 10.9139 10.6555 9.10637 9.00111 4.90961
threshold=34.385000228881843 12.283812782236204 17.154999732971195 18.279999732971195 0.93068573920890785 14.614999771118166 18.640000343322757 12.765000343322756 1.0213692218344039
decision_type=2 2 2 2 2 2 2 2 2
left_child=1 4 5 -4 6 -3 -1 -6 -2
right_child=8 2 3 -5 7 -7 -8 -9 -10
leaf_value=-0.0011990179237407273 -0.0020234552081523647 0.0023437608509255217 0.01624265010797071 0.0028894141887119986 0.0045209741466009767 -0.0060871578169021832 -0.0066746721718777295 -0.00026139970784368546 0.013570602729917818
leaf_weight=356.56263805925846 11.263858050107958 131.89347879588604 36.295485883951187 219.49295890331268 160.88491854071617 103.66757221519947 182.10645692050457 3474.9146251827478 18.120662156492472
leaf_count=1656 73 627 179 1042 768 473 833 16285 193
internal_value=-0.000128911 -0.000187392 0.00194485 0.00500511 -0.000439986 -0.00140627 -0.00308571 -4.50428e-05 0.00806676
internal_weight=4695.2 4665.82 491.349 255.788 4174.47 235.561 538.669 3635.8 29.3845
internal_count=22129 21863 2321 1221 19542 1100 2489 17053 266
is_linear=0
shrinkage=0.02


Tree=184
num_leaves=9
num_cat=0
split_feature=5 0 5 7 0 4 5 0
split_gain=5.60312 6.25526 8.43173 11.151 10.8647 8.25309 6.65895 3.75839
threshold=0.61369473495398175 0.96602609843202292 1.798153181429732 -0.32292801917804415 1.0114235679137955 10.754634089682572 5.537101053848084 0.93479988366753974
decision_type=2 2 2 2 2 2 2 2
left_child=-1 5 3 -3 -4 7 -7 -2
right_child=1 2 4 -5 -6 6 -8 -9
leaf_value=-0.010117477654067378 0.00046541177429691217 0.0050745381308106453 -0.0019310976636689721 0.00033255892198670231 0.0070200533510575329 -0.000547929244842131 0.0050312596111218464 -0.010467722998851308
leaf_weight=18.343973815441132 16.606962367892265 342.14611694589257 463.69708794355392 466.02518321573734 57.407071344554424 3202.7819662243128 83.937984824180603 43.901319220662117
leaf_count=88 79 1657 2208 2194 315 14971 414 203
internal_value=-0.000125943 -7.81375e-05 0.00108061 0.00235522 -0.000899037 -0.000539049 -0.000399502 -0.00762425
internal_weight=4694.85 4676.5 1329.28 808.171 521.104 3347.23 3286.72 60.5083
internal_count=22129 22041 6374 3851 2523 15667 15385 282
is_linear=0
shrinkage=0.02


Tree=185
num_leaves=14
num_cat=0
split_feature=4 4 3 6 6 3 3 5 6 5 5 6 2
split_gain=5.48536 10.8978 7.29468 12.0824 7.44245 6.28321 31.1572 21.1179 6.04166 5.52729 9.13634 4.98179 1.58932
threshold=42.781597122249224 40.904997931434472 14.404999732971193 -9.6723648241756752 10.271368398731918 16.105000495910648 18.170000076293949 1.9271139593107105 12.634708519118089 0.87494590385919835 1.9552959171687854 1.421012602935928 1.0495633945030407
decision_type=2 2 2 2 2 2 2 2 2 2 2 2 2
left_child=1 5 9 12 -5 7 -7 -1 11 -2 -11 -3 -4
right_child=2 8 3 4 -6 6 -8 -9 -10 10 -12 -13 -14
leaf_value=0.00094244472819575832 0.017708600987736217 -0.003065156469388034 0.016357215596739048 -0.0069260893936972327 0.0021404914418799224 0.0044819497274090738 -0.0006699389907549629 -0.0037676883218452652 0.001752017262218655 -0.0036595646688041485 0.010039795165413158 -0.015401643645643786 0.0044690205311672358
leaf_weight=841.52041965723038 13.125475585460661 24.140136823058128 12.729878634214403 64.926817566156387 73.325511872768402 589.30374418199062 2247.7796018384397 689.51378309726715 19.570703849196434 29.927962392568588 44.142338171601295 32.659167587757111 11.767579808831213
leaf_count=3950 69 113 70 301 349 2781 10679 3153 92 143 220 143 66
internal_value=-0.000123524 -0.000286626 0.00273557 0.000193351 -0.00219243 -0.000152211 0.000404987 -0.00118309 -0.00758453 0.007264 0.0046007 -0.0107051 0.0120755
internal_weight=4694.43 4444.49 249.946 162.75 138.252 4368.12 2837.08 1531.03 76.37 87.1958 74.0703 56.7993 24.4975
internal_count=22129 20911 1218 786 650 20563 13460 7103 348 432 363 256 136
is_linear=0
shrinkage=0.02


Tree=186
num_leaves=12
num_cat=0
split_feature=4 6 6 0 7 4 6 2 7 4 7
split_gain=5.43817 9.73039 7.6848 10.0086 6.5425 11.5232 22.8419 13.8832 8.83538 13.0847 13.0526
threshold=11.813083207946184 -6.4796523918327518 5.6226682318084089 0.95808116734326887 0.87311776361990978 18.406680754728004 -11.486415025514599 1.0105492886235177 1.9210201740223023 22.358643308716815 2.9665148163169253
decision_type=2 2 2 2 2 2 2 2 2 2 2
left_child=1 -1 3 -3 5 6 -2 -7 9 -6 -10
right_child=4 2 -4 -5 8 7 -8 -9 10 -11 -12
leaf_value=-0.013827415326814091 -0.011927129567886311 -0.0080770583821798171 0.010216439015600216 0.0012036415700542923 -0.0060713661872630019 -0.002019615989180999 0.0033091233049307375 0.0018919822229972064 0.0030417722097027889 0.0016996874774659453 -0.0010852938208384703
leaf_weight=25.63659930229187 37.447688050568104 76.563362509012222 16.347364470362663 107.79546864330769 256.27480208128691 827.33709915727377 824.88810165971518 640.26630547270179 391.19113312661648 127.74541330337524 1362.4531412571669
leaf_count=119 166 351 80 506 1169 3853 3920 3150 1847 599 6369
internal_value=-0.000120647 -0.00311741 -0.00150594 -0.00274027 3.38313e-05 0.000766301 0.00259546 -0.000312612 -0.000764461 -0.00349543 -0.000159829
internal_weight=4693.95 226.343 200.706 184.359 4467.6 2329.94 862.336 1467.6 2137.66 384.02 1753.64
internal_count=22129 1056 937 857 21073 11089 4086 7003 9984 1768 8216
is_linear=0
shrinkage=0.02


Tree=187
num_leaves=9
num_cat=0
split_feature=5 4 5 6 2 5 1 3
split_gain=5.50093 6.02042 16.9554 16.8685 10.3429 13.5826 10.913 5.14981
threshold=0.61369473495398175 27.7465996055608 5.537101053848084 -3.774775209943392 1.012342871323112 1.3399531387724535 1.0987562703704252 17.579999923706058
decision_type=2 2 2 2 2 2 2 2
left_child=-1 2 3 -2 6 -6 -3 -4
right_child=1 4 7 -5 5 -7 -8 -9
leaf_value=-0.010028385271650526 -0.0028300485597094289 0.00049957719846814119 0.00221434454338578 0.00027237943805824159 0.014549352158236365 0.0024810819269827792 -0.0083261531447032973 0.019062995228912898
leaf_weight=18.300097450613976 1003.3714328482747 905.17761059105396 12.427116110920908 2303.2465941421688 38.374648913741112 338.30069522187114 55.721861355006695 18.544687680900097
leaf_count=88 4667 4259 58 10832 199 1672 254 100
internal_value=-0.000118618 -7.1288e-05 -0.000525594 -0.000671314 0.00106051 0.00385052 -4.4615e-05 0.0133292
internal_weight=4693.46 4675.16 3337.59 3306.62 1337.57 376.675 960.899 30.9718
internal_count=22129 22041 15657 15499 6384 1871 4513 158
is_linear=0
shrinkage=0.02


Tree=188
num_leaves=13
num_cat=0
split_feature=0 4 4 4 5 5 5 5 5 4 2 1
split_gain=5.39825 8.01006 5.53366 7.85153 6.88522 5.77229 3.36342 6.41166 6.11101 3.17471 3.52554 1.1927
threshold=1.0114235679137955 26.477556220622414 43.389781007442217 40.904997931434472 2.4076122658361645 2.608408612456901 1.9921265064564058 0.87494590385919835 2.8390749047057846 15.211085224429914 1.0851786791031273 1.1715836099800685
decision_type=2 2 2 2 2 2 2 2 2 2 2 2
left_child=2 9 3 4 -1 -5 7 -4 -8 -2 -11 -3
right_child=1 11 6 5 -6 -7 8 -9 -10 10 -12 -13
leaf_value=0.00032461379633111901 0.0083891997206943982 0.017940536129645909 0.0084252051245937171 -0.0093022432741318977 -0.0013763806716715183 0.00094075502280388729 0.010749642733485247 -0.0027762196562837842 0.0016711771405979183 -0.0056330524977423338 0.0047893672424449583 0.0056352855876467501
leaf_weight=2864.7124912366271 12.24157717078924 12.192803334444763 23.253429681062698 62.637034878134727 1420.7027292102575 31.838306248188019 42.316726371645927 77.761992737650871 87.679586865007877 30.126617938280106 17.231100242584944 10.430398657917975
leaf_count=13469 62 73 116 283 6665 150 216 369 426 142 93 65
internal_value=-0.000115946 0.00484244 -0.000208486 -0.000368592 -0.000240058 -0.00595234 0.00278168 2.50105e-05 0.0048591 0.000718567 -0.00176319 0.0139663
internal_weight=4693.12 82.2225 4610.9 4379.89 4285.42 94.4753 231.012 101.015 129.996 59.5993 47.3577 22.6232
internal_count=22129 435 21694 20567 20134 433 1127 485 642 297 235 138
is_linear=0
shrinkage=0.02


Tree=189
num_leaves=9
num_cat=0
split_feature=7 6 7 4 6 7 5 6
split_gain=5.36288 10.7736 8.55196 6.4719 16.3181 12.5089 4.01653 3.26532
threshold=-21.245075645244849 -10.292613598277359 -12.371436814434405 27.7465996055608 -3.774775209943392 3.7264803398174209 4.3971706572797453 -17.70569158366126
decision_type=2 2 2 2 2 2 2 2
left_child=1 -1 6 4 -4 -5 7 -2
right_child=2 -3 3 5 -6 -7 -8 -9
leaf_value=0.015417228390706781 -0.013958909972598585 -0.0058885462339160677 -0.002649084109948368 0.0032843783335170258 0.00040901138495070692 -0.00070294999935015213 0.0011215391836067099 -0.0045869481297299572
leaf_weight=20.372250646352768 23.505265206098557 12.77403988689184 994.74483663588762 589.44620090350509 2314.739695250988 667.6150464117527 22.759462278336287 46.837218001484871
leaf_count=116 104 60 4630 2866 10893 3124 111 225
internal_value=-0.000112954 0.00745641 -0.000173147 -4.8217e-05 -0.000512261 0.00117123 -0.00604642 -0.00830119
internal_weight=4692.79 33.1463 4659.65 4566.55 3309.48 1257.06 93.1019 70.3425
internal_count=22129 176 21953 21513 15523 5990 440 329
is_linear=0
shrinkage=0.02


Tree=190
num_leaves=9
num_cat=0
split_feature=3 6 3 3 5 3 1 7
split_gain=5.40657 5.93246 12.3699 14.3077 12.1767 10.2259 9.89711 4.87055
threshold=34.385000228881843 12.283812782236204 17.154999732971195 18.279999732971195 6.8535282536721596 14.614999771118166 0.93068573920890785 -0.46308118952088739
decision_type=2 2 2 2 2 2 2 2
left_child=1 4 5 -4 6 -3 -1 -2
right_child=7 2 3 -5 -6 -7 -8 -9
leaf_value=-0.0030135554395153653 0.01341630507157246 0.0022786659711609386 0.015902062720753 0.0028453949055860313 0.014106405945489507 -0.005982906101028123 -0.0001151048889899897 -0.002149882743153181
leaf_weight=537.9271602332592 18.039545502513651 131.7985447794199 36.28193187713623 219.44122418761253 18.981091305613518 103.62682084739208 3615.2431730031967 11.121272891759871
leaf_count=2487 194 627 179 1042 98 473 16957 72
internal_value=-0.000110827 -0.000167908 0.00190218 0.00491425 -0.000413189 -0.00139702 -0.000493057 0.00793648
internal_weight=4692.46 4663.3 491.149 255.723 4172.15 235.425 4153.17 29.1608
internal_count=22129 21863 2321 1221 19542 1100 19444 266
is_linear=0
shrinkage=0.02


Tree=191
num_leaves=9
num_cat=0
split_feature=5 0 3 5 3 3 3 3
split_gain=5.38081 5.89786 32.5454 16.867 15.5147 12.1718 28.4523 10.5338
threshold=0.61369473495398175 0.98289179695244655 22.615000724792484 2.3358949370714415 16.550000190734867 26.284999847412113 26.774999618530277 25.550000190734867
decision_type=2 2 2 2 2 2 2 2
left_child=-1 5 4 -4 -3 7 -7 -2
right_child=1 2 3 -5 -6 6 -8 -9
leaf_value=-0.0099199921201118188 -0.00055585333612126432 0.00076356420107104913 -0.0080212550030689129 0.0043620975294872038 0.0081389529713722063 0.019067291335246754 0.0011841682574114975 -0.0068658129332669175
leaf_weight=18.250094249844551 3437.3257102817297 216.0409979224205 157.51951395720243 57.536881491541862 239.92383742332458 34.909325376152992 425.43750834092498 105.24387060105801
leaf_count=88 15969 1012 778 328 1150 172 2154 478
internal_value=-0.000107977 -6.12146e-05 0.0016683 -0.00468902 0.00468144 -0.000352515 0.00269286 -0.000750844
internal_weight=4692.19 4673.94 671.021 215.056 455.965 4002.92 460.347 3542.57
internal_count=22129 22041 3268 1106 2162 18773 2326 16447
is_linear=0
shrinkage=0.02


Tree=192
num_leaves=12
num_cat=0
split_feature=3 6 4 6 5 4 3 6 5 0 4
split_gain=5.26166 7.25771 7.08601 8.96592 11.2545 8.2896 23.2218 14.7463 6.11492 4.47975 3.92981
threshold=30.185000419616703 -15.209843477547983 11.813083207946184 6.0621557705223266 1.7795261814043675 18.562289596305053 25.444999694824222 -12.062758459806249 3.2294985079976226 0.87196947395050461 17.169675915218431
decision_type=2 2 2 2 2 2 2 2 2 2 2
left_child=2 8 3 4 -1 6 -4 -7 -2 -3 -11
right_child=1 9 5 -5 -6 7 -8 -9 -10 10 -12
leaf_value=-0.0004890661311713119 -0.014228931579718678 -0.005049562506669613 0.0022901835880438249 0.010413171474358661 -0.0097919591284201263 0.0038656362545659308 -0.0057881630819960096 -0.0011046140692000047 0.0020162480537378718 0.00026691188960529302 0.0064771438178434764
leaf_weight=112.57454739511013 13.567775025963785 17.021185904741287 1113.1101574599743 12.973863795399664 93.416014119982719 258.08029994368553 159.24638102948666 2690.1162902712822 17.809263907372952 56.201452493667603 147.81140097230673
leaf_count=522 67 88 5217 63 433 1217 729 12499 98 301 895
internal_value=-0.000105685 0.00268018 -0.000266347 -0.0037412 -0.00481406 -8.26977e-05 0.00126414 -0.000664878 -0.00582292 0.00396929 0.00480438
internal_weight=4691.93 252.411 4439.52 218.964 205.991 4220.55 1272.36 2948.2 31.377 221.034 204.013
internal_count=22129 1449 20680 1018 955 19662 5946 13716 165 1284 1196
is_linear=0
shrinkage=0.02


Tree=193
num_leaves=15
num_cat=0
split_feature=6 3 3 7 7 5 1 1 5 6 3 7 5 5
split_gain=5.25466 15.2725 25.4334 22.492 17.4553 16.8578 14.11 11.726 9.70975 25.6391 18.3076 8.68883 28.8827 14.7437
threshold=5.6226682318084089 19.804999351501468 19.440000534057621 2.8674174005018025 7.134095639024741 3.9019259704076275 1.0044216788327598 0.92717809870432966 1.798153181429732 -8.9580287220300736 25.835000038146976 6.1935679894865237 1.5028542073289344 2.7133790546987018
decision_type=2 2 2 2 2 2 2 2 2 2 2 2 2 2
left_child=7 2 6 5 -5 -3 -2 11 9 -9 -10 13 -13 -1
right_child=1 3 -4 4 -6 -7 -8 8 10 -11 -12 12 -14 -15
leaf_value=-0.013532959149288433 -0.00027332336879635864 0.010832031881268869 -0.017895733545156129 -0.0063441290575002654 0.0064407348888755322 -0.0045244908265832905 0.01462702015743105 -0.0082816157846267325 -0.0023393796503205005 0.0016788478977375519 0.0024660823090551938 0.023541724585652134 -0.0060212314866070066 0.0048649620148314438
leaf_weight=73.318113565444946 798.31671559810638 183.23899671807885 28.28830249607563 100.70723529160023 68.241739720106125 31.453317381441593 22.253592446446419 107.63560470938683 1369.9628400504589 1399.1523701883852 408.71537317335606 12.215887844562529 67.574375852942467 20.234941348433495
leaf_count=325 3730 906 124 465 330 148 108 492 6285 6631 2114 63 311 97
internal_value=-0.000103774 0.00101551 -0.000484374 0.00430497 -0.00115055 0.00854063 0.000199765 -0.000503329 -0.000232644 0.000947291 -0.0012321 -0.00551279 -0.00058737 -0.00951729
internal_weight=4691.31 1232.5 848.859 383.641 168.949 214.692 820.57 3458.81 3285.47 1506.79 1778.68 173.343 79.7903 93.5531
internal_count=22129 5811 3962 1849 795 1054 3838 16318 15522 7123 8399 796 374 422
is_linear=0
shrinkage=0.02


Tree=194
num_leaves=9
num_cat=0
split_feature=5 0 3 3 3 3 3 5
split_gain=5.24204 5.59539 32.9176 17.9851 19.5511 13.8129 10.9824 10.828
threshold=0.61369473495398175 0.96602609843202292 22.615000724792484 22.285000801086429 22.500000000000004 29.98499965667725 19.23499965667725 1.798153181429732
decision_type=2 2 2 2 2 2 2 2
left_child=-1 3 7 6 -5 -4 -2 -3
right_child=1 2 5 4 -6 -7 -8 -9
leaf_value=-0.0097985564728776363 -0.00062419925628664857 0.0045060876190479542 -0.0067761214867009161 0.017429561621919536 0.0014412202667723531 0.0014329964547600571 -0.0037990024037928335 5.4748830924574011e-05
leaf_weight=18.194061011075974 1960.6854005157948 630.65132522583008 242.59283769130707 27.876952558755875 798.65911781787872 121.0088501535356 557.24037718772888 333.57829906046391
leaf_count=88 9109 3006 1108 138 3861 717 2559 1543
internal_value=-0.000101629 -5.55201e-05 0.00104103 -0.000491598 0.00206181 -0.00405821 -0.00133172 0.00297272
internal_weight=4690.49 4672.29 1327.83 3344.46 826.536 363.602 2517.93 964.23
internal_count=22129 22041 6374 15667 3999 1825 11668 4549
is_linear=0
shrinkage=0.02


Tree=195
num_leaves=15
num_cat=0
split_feature=4 4 3 6 7 3 7 3 6 7 2 6 5 2
split_gain=5.26731 10.197 7.09975 11.2801 9.6361 5.97208 25.9941 14.1987 5.78386 6.13478 5.45083 2.82862 2.40166 1.61411
threshold=42.781597122249224 40.904997931434472 14.404999732971193 -9.6723648241756752 6.3365205387337999 14.734999656677248 -1.2817766816201781 18.170000076293949 12.634708519118089 3.1174730685772878 0.96291250833777087 24.619896448867621 0.87494590385919835 1.0495633945030407
decision_type=2 2 2 2 2 2 2 2 2 2 2 2 2 2
left_child=1 5 10 13 -5 6 -1 -7 9 -3 11 -2 -12 -4
right_child=2 8 3 4 -6 7 -8 -9 -10 -11 12 -13 -14 -15
leaf_value=-0.0063116305416557337 -0.0063672149157536521 -0.0019115104510506317 0.016005904960505791 -0.0088114659432537851 0.0018668480748854314 0.0021121996429394325 0.00065696169038181082 -0.00064246940676251105 0.0017971783710695323 -0.015379575452158024 0.017477048787077499 0.0050357426362597803 0.0071522502420620446 0.0041881247966124475
leaf_weight=304.85307574272156 12.322283059358599 23.1166762560606 12.621429100632669 49.608225625008345 88.614302605390549 1117.8232364058495 695.93871720135212 2245.2403743937612 19.574386030435562 33.614782974123955 13.067996636033056 14.650514915585516 47.067025735974312 11.684312924742697
leaf_count=1384 58 109 70 229 421 5237 3263 10679 92 147 69 72 233 66
internal_value=-9.95484e-05 -0.000259453 0.00270385 0.000193713 -0.00210565 -0.000129374 -0.00148243 0.000274556 -0.00732158 -0.010379 0.00717319 -0.000323132 0.010346 0.0117195
internal_weight=4689.8 4440.16 249.636 162.528 138.223 4363.86 1000.79 3363.06 76.3058 56.7315 87.1078 26.9728 60.135 24.3057
internal_count=22129 20911 1218 786 650 20563 4647 15916 348 256 432 130 302 136
is_linear=0
shrinkage=0.02


Tree=196
num_leaves=12
num_cat=0
split_feature=3 1 3 1 5 3 3 3 2 6 5
split_gain=5.26211 19.188 22.7883 28.0003 11.2049 9.07175 23.8261 17.5191 5.87746 4.04429 0.940068
threshold=12.765000343322756 1.0180437639142621 12.555000305175783 0.93777785486639609 0.61369473495398175 16.105000495910648 18.170000076293949 15.864999771118166 1.0070602039446175 -4.6630724821213603 2.266787437949294
decision_type=2 2 2 2 2 2 2 2 2 2 2
left_child=1 2 3 -1 -2 7 -7 -6 -3 -10 -4
right_child=4 8 10 -5 5 6 -8 -9 9 -11 -12
leaf_value=-0.0081287866883872125 -0.015082216866421782 -0.014427501561408746 0.018253391309902549 0.0098267868639398404 -0.00084253373987984383 0.0038845296739304599 -0.00048159896282988398 -0.0090848596275390076 0.0047637959259024349 -0.008224450218999443 0.0078141420890779443
leaf_weight=63.339720517396927 16.289377525448799 22.221754968166351 39.808671936392784 67.82948936522007 1351.6264591068029 631.18940755724907 2344.9254704080522 107.79543600976467 16.951097100973133 13.814652308821676 13.659263327717779
leaf_count=288 78 98 203 331 6286 2976 11175 486 80 62 66
internal_value=-9.7275e-05 0.0027774 0.00581069 0.00117233 -0.000253072 -0.000185072 0.000448363 -0.00147449 -0.00745819 -0.00134353 0.016316
internal_weight=4689.45 237.625 184.637 131.169 4451.83 4435.54 2976.11 1459.42 52.9875 30.7657 53.4679
internal_count=22129 1128 888 619 21001 20923 14151 6772 240 142 269
is_linear=0
shrinkage=0.02


Tree=197
num_leaves=12
num_cat=0
split_feature=0 4 6 0 4 1 5 5 4 5 1
split_gain=5.1715 7.68561 5.93871 14.3609 11.4466 12.1383 10.3544 4.31769 3.08053 2.42888 1.21819
threshold=1.0114235679137955 26.477556220622414 5.6226682318084089 0.93479988366753974 49.484402914788824 0.92717809870432966 2.8706803019186036 1.527708442818515 15.211085224429914 2.5458908817379884 1.1715836099800685
decision_type=2 2 2 2 2 2 2 2 2 2 2
left_child=2 8 4 6 5 -1 -4 -5 -2 -10 -3
right_child=1 10 3 7 -6 -7 -8 -9 9 -11 -12
leaf_value=-0.0058674596991858258 0.0082822357248543838 0.017697987259924147 0.0016593738669493164 0.0026556975344590311 0.015271651306865293 -0.00042418915324174687 -0.0024025919078278267 0.010613213048974984 -0.0049349152042202473 0.0037256822036746476 0.0054432853627489073
leaf_weight=168.79654544591904 12.228066191077231 12.135550890117885 737.62884415686131 48.955367133021355 14.041703868657349 3192.9128594212234 375.50309202075005 69.190711952745914 30.003266409039497 17.309346809983253 10.377171803265808
leaf_count=774 62 73 3476 234 79 15035 1750 346 146 89 65
internal_value=-9.55356e-05 0.00476238 -0.000186114 0.0010008 -0.000619704 -0.000704152 0.000285417 0.00751086 0.00072384 -0.001723 0.0137227
internal_weight=4689.08 82.0534 4607.03 1231.28 3375.75 3361.71 1113.13 118.146 59.5407 47.3126 22.5127
internal_count=22129 435 21694 5806 15888 15809 5226 580 297 235 138
is_linear=0
shrinkage=0.02


Tree=198
num_leaves=14
num_cat=0
split_feature=4 5 7 3 4 3 3 7 5 6 3 7 3
split_gain=5.12279 5.70629 5.66058 24.358 16.9902 13.5795 13.1066 23.5763 12.5979 3.88327 6.51779 3.46635 2.34683
threshold=10.754634089682572 1.2848482100906058 0.97192838342499011 23.944999694824222 23.111015028167991 12.994999885559084 14.119999885559084 -2.531618912906104 1.7009565327806742 -3.0719920853715217 19.744999885559086 -0.74832809513431264 15.864999771118166
decision_type=2 2 2 2 2 2 2 2 2 2 2 2 2
left_child=1 12 6 5 -5 -4 7 -2 -8 11 -11 -3 -1
right_child=2 9 3 4 -6 -7 8 -9 -10 10 -12 -13 -14
leaf_value=-0.0020639378206504643 -0.0086734190501682306 -0.017722926217873622 0.0049426486839757571 -0.011201965012930583 -0.00040350721838645898 -0.00055877993527223588 0.0036444539048989984 0.00143303949780724 0.00025876631131570874 -0.0092818674497849619 0.0037583779367944934 -0.0034001885754397967 0.0083412421890813517
leaf_weight=15.03931073844433 153.42458376288414 15.664801254868509 196.62473446130753 136.98576961457729 99.879646994173527 1698.0370320230722 628.85306074097753 221.01440504193306 1441.8875283263624 28.245813637971878 26.057043209671974 13.847784191370009 13.105563238263128
leaf_count=69 687 75 942 628 479 7915 3033 1040 6877 130 124 67 63
internal_value=-9.27486e-05 -0.00424416 1.24251e-05 -0.000740183 -0.00673087 2.1359e-05 0.00066863 -0.00275594 0.00129199 -0.00678171 -0.003196 -0.0122104 0.00321624
internal_weight=4688.67 111.96 4576.71 2131.53 236.865 1894.66 2445.18 374.439 2070.74 83.8154 54.3029 29.5126 28.1449
internal_count=22129 528 21601 9964 1107 8857 11637 1727 9910 396 254 142 132
is_linear=0
shrinkage=0.02


Tree=199
num_leaves=10
num_cat=0
split_feature=3 3 1 1 5 3 3 0 7
split_gain=5.09519 5.21132 28.2014 20.7091 11.7522 11.5376 11.3446 4.91573 1.45541
threshold=34.385000228881843 12.994999885559084 1.0104248054653673 0.93681447736914059 2.7133790546987018 13.050000190734865 13.085000038146974 0.92821155005848222 -0.46308118952088739
decision_type=2 2 2 2 2 2 2 2 2
left_child=1 2 3 -1 -4 -3 -7 -2 -9
right_child=7 5 4 -5 -6 6 -8 8 -10
leaf_value=-0.00072835727512077068 -0.0049600897553870957 -0.013304321473144247 -0.010794801897459664 0.010520891346586942 0.0075506338835391465 0.011726202788839615 -0.00034175338405378349 0.01548615709001531 0.0033990245430548394
leaf_weight=118.06533169746399 6.897120468318465 23.271845057606697 71.078924909234047 141.56721879541874 14.148565873503683 27.389742478728294 4263.4151304960251 13.133349865674976 8.8449814096093142
leaf_count=553 45 103 319 694 68 134 19992 159 62
internal_value=-9.14474e-05 -0.000146687 0.00220478 0.00547197 -0.00754733 -0.000336528 -0.00025387 0.00775471 0.0118941
internal_weight=4687.81 4658.94 344.86 259.633 85.2275 4314.08 4290.8 28.8755 21.9783
internal_count=22129 21863 1634 1247 387 20229 20126 266 221
is_linear=0
shrinkage=0.02


Tree=200
num_leaves=15
num_cat=0
split_feature=4 4 3 3 7 4 7 3 3 2 2 7 0 0
split_gain=5.07679 9.85229 6.8801 10.157 14.1457 9.93497 5.88713 29.0558 14.486 5.25936 4.31876 5.29683 4.19301 1.08237
threshold=42.781597122249224 40.904997931434472 14.404999732971193 18.380000114440922 9.7286886328025908 48.536911675007985 0.97192838342499011 19.195000648498539 14.614999771118166 0.96291250833777087 0.96213800665217108 3.2204484238214781 0.75754554979550714 0.92149460687955098
decision_type=2 2 2 2 2 2 2 2 2 2 2 2 2 2
left_child=1 6 9 4 -4 -5 8 -8 -1 12 -3 -12 -2 -11
right_child=2 10 3 5 -6 -7 7 -9 -10 13 11 -13 -14 -15
leaf_value=-0.0025498870053073568 0.0063999625667723924 0.00277013119733733 0.001322350908041966 0.00028531985837184737 -0.014959347841188228 0.01539635973881736 0.0010150385215944144 -0.0040579640706188101 0.001285724919743465 0.0070735144288186407 -0.0014026292361851275 -0.013374496507769838 -0.0074616804801052551 0.014402810394465764
leaf_weight=487.5226898342371 14.161687403917314 12.681518405675886 61.340310677886009 49.977535966783762 28.275478586554527 22.829814337193966 1159.8975266963243 734.31932728737593 1980.0612078458071 40.679834008216858 23.898884668946266 39.675256058573723 12.812268823385237 19.34601292014122
leaf_count=2256 70 60 289 246 125 126 5427 3409 9471 202 113 175 60 100
internal_value=-8.93015e-05 -0.000246305 0.0026641 0.000192672 -0.00423451 0.00557866 -0.00011843 -0.000955988 0.000525019 0.00706681 -0.00719023 -0.00922344 -0.000297465 0.0101879
internal_weight=4687.48 4438.06 249.423 162.423 89.6158 72.8074 4361.8 1894.22 2467.58 86.9998 76.2557 63.5741 26.974 60.0258
internal_count=22129 20911 1218 786 414 372 20563 8836 11727 432 348 288 130 302
is_linear=0
shrinkage=0.02


Tree=201
num_leaves=12
num_cat=0
split_feature=6 4 5 4 7 5 0 5 5 5 5
split_gain=5.12035 11.6314 14.2684 25.3407 15.7848 11.3541 11.5744 10.6256 9.59571 4.8997 1.22044
threshold=12.283812782236204 18.885996801027943 2.5305472683675658 37.974297794166766 7.6677502244651565 6.8535282536721596 0.92083940863157598 4.6458182585095633 4.1839063022394791 2.7285835258424349 3.7272411560608103
decision_type=2 2 2 2 2 2 2 2 2 2 2
left_child=5 9 4 -4 -3 6 8 -8 -1 -2 -11
right_child=1 2 3 -5 -6 -7 7 -9 -10 10 -12
leaf_value=-0.0013902888389236403 0.0015433084972620841 0.0021730305629191972 -0.0068374147280065344 0.0052064705385046362 0.017344492345617756 0.013455687879326217 0.00019630482917780705 0.012224770351785713 -0.0072615645923886831 0.018760273996800629 0.0071390604296191476
leaf_weight=1194.209639839828 16.846554309129715 131.92475381493568 167.25888685882092 114.33788220584393 31.152208730578423 19.818863324820995 2835.1327021643519 25.686068348586559 119.28386837989092 17.456132337450985 13.558127686381338
leaf_count=5544 79 624 767 548 161 106 13463 133 552 87 65
internal_value=-8.74261e-05 0.00183324 0.000780568 -0.00194276 0.00541706 -0.000314509 -0.000392707 0.000321221 -0.00194391 0.010799 0.0150759
internal_weight=4686.67 492.535 444.674 281.597 163.077 4194.13 4174.31 2860.82 1313.49 47.8608 31.0143
internal_count=22129 2331 2100 1315 785 19798 19692 13596 6096 231 152
is_linear=0
shrinkage=0.02


Tree=202
num_leaves=15
num_cat=0
split_feature=6 1 5 4 5 4 0 5 5 5 5 6 1 0
split_gain=5.00119 13.128 11.9744 15.2801 13.6302 13.3993 11.1343 11.7258 9.74531 9.02294 9.13517 6.97126 5.825 2.81416
threshold=10.074550115621165 0.92717809870432966 2.8538462532317008 19.466111752296538 1.2020315282444185 37.974297794166766 0.92506995315534357 1.8844016320576165 2.2777988454943592 6.8535282536721596 1.9016009236909741 13.622417477189577 0.92717809870432966 0.87333452574050197
decision_type=2 2 2 2 2 2 2 2 2 2 2 2 2 2
left_child=1 6 4 11 13 -5 7 -1 -8 10 -3 -4 -6 -2
right_child=2 9 3 5 12 -7 8 -9 -10 -11 -12 -13 -14 -15
leaf_value=-0.010075483874809651 -0.00064878822028037887 0.00092057693013149026 -0.00079842096459186709 -0.0069474646497679387 0.0066540333520752693 0.002325647712987682 0.0066419793566073202 -0.0021653933698463652 -0.007931915478815681 0.012504321201894503 -0.0010879988725037042 0.01546317399470728 0.00058812987914771226 -0.012682628437259723
leaf_weight=128.33971132338047 12.965707242488863 1865.475334290415 16.299731701612473 153.80481453239918 247.7064083814621 100.39450852572918 60.861289620399475 179.59826083481312 21.833563968539238 19.035335220396519 1752.9580620788038 24.034859403967857 85.713820859789848 17.261446416378021
leaf_count=579 61 8823 76 708 1190 475 291 833 99 102 8288 118 408 78
internal_value=-8.4616e-05 -0.000349094 0.00152633 -0.00146134 0.00393575 -0.00330581 -0.0038138 -0.00554902 0.00260566 2.67663e-05 -5.2609e-05 0.00941252 0.0051201 -0.00819987
internal_weight=4686.28 4028.1 658.181 294.534 363.647 254.199 390.633 307.938 82.6949 3637.47 3618.43 40.3346 333.42 30.2272
internal_count=22129 19015 3114 1377 1737 1183 1802 1412 390 17213 17111 194 1598 139
is_linear=0
shrinkage=0.02


Tree=203
num_leaves=13
num_cat=0
split_feature=0 4 3 1 1 2 3 4 1 4 2 1
split_gain=5.00113 7.42168 5.51342 26.1647 19.9042 11.8939 10.8015 16.7898 9.08769 3.00792 3.29027 1.21225
threshold=1.0114235679137955 26.477556220622414 12.994999885559084 1.0104248054653673 0.93681447736914059 1.0067632049019599 14.734999656677248 25.775004177664531 0.96368138879451082 15.211085224429914 1.0851786791031273 1.1715836099800685
decision_type=2 2 2 2 2 2 2 2 2 2 2 2
left_child=2 9 3 4 -1 -5 7 -4 -8 -2 -11 -3
right_child=1 11 6 5 -6 -7 8 -9 -10 10 -12 -13
leaf_value=-0.00070118462563651372 0.0082006260651742973 0.017471879538893315 -0.0049155338616068385 -0.015413461109744545 0.010331577085137681 -0.00055126339147262349 -0.0013408924831262224 0.0010501058431775054 0.0008258658483085875 -0.0054291721290720373 0.0046473572772909883 0.0053182927043471141
leaf_weight=118.00658689439297 12.216652177274225 12.08585933968425 460.555613681674 35.343230530619621 141.42566026747227 48.27864134311676 1154.7133641988039 315.78554467856884 2329.7448850683868 30.094316728413105 17.185332220047712 10.343249991536139
leaf_count=553 62 73 2111 156 694 224 5372 1490 11094 142 93 65
internal_value=-8.2886e-05 0.00469792 -0.000171965 0.00225237 0.00537872 -0.00724973 -0.000369087 -0.002496 0.00010711 0.000729784 -0.00168972 0.0135204
internal_weight=4685.78 81.9254 4603.85 343.054 259.432 83.6219 4260.8 776.341 3484.46 59.4963 47.2796 22.4291
internal_count=22129 435 21694 1627 1247 380 20067 3601 16466 297 235 138
is_linear=0
shrinkage=0.02


Tree=204
num_leaves=9
num_cat=0
split_feature=5 4 5 0 4 7 3 3
split_gain=4.98067 5.51155 15.9735 13.3301 8.47127 8.0161 6.34872 4.92908
threshold=0.61369473495398175 27.7465996055608 5.537101053848084 0.99051247192863379 18.626492098475648 -5.1918708508459268 18.170000076293949 17.579999923706058
decision_type=2 2 2 2 2 2 2 2
left_child=-1 2 4 5 -2 -3 -5 -4
right_child=1 3 7 6 -6 -7 -8 -9
leaf_value=-0.0095606677988553518 0.00045276047828806277 -0.002444801659447101 0.002135304418388669 0.016170111141366739 -0.0015739853255207542 0.0013802437992951316 0.0042822303616476438 0.018635743024113777
leaf_weight=18.065047174692154 1567.3629730343819 278.48265342786908 12.396700561046602 26.253718048334122 1734.1704485416412 975.0572100058198 55.129657547920942 18.421386476606131
leaf_count=88 7375 1337 58 132 8124 4608 307 100
internal_value=-8.09011e-05 -3.60536e-05 -0.000471039 0.00104796 -0.000612429 0.00052541 0.00869505 0.0130062
internal_weight=4685.34 4667.27 3332.35 1334.92 3301.53 1253.54 81.3834 30.8181
internal_count=22129 22041 15657 6384 15499 5945 439 158
is_linear=0
shrinkage=0.02


Tree=205
num_leaves=11
num_cat=0
split_feature=4 5 3 2 6 3 5 6 3 3
split_gain=4.99007 5.54656 4.76867 4.86386 4.82116 12.0433 10.7229 3.79354 6.28711 2.24346
threshold=10.754634089682572 1.2848482100906058 34.385000228881843 1.0352787472827529 12.283812782236204 17.154999732971195 6.8535282536721596 -3.0719920853715217 20.195000648498539 15.864999771118166
decision_type=2 2 2 2 2 2 2 2 2 2
left_child=1 9 4 -4 6 -6 -2 -3 -9 -1
right_child=2 7 3 -5 5 -7 -8 8 -10 -11
leaf_value=-0.0019935729582527739 -0.000333413885095462 -0.012063208430689889 -0.00099506714124816278 0.014334847407508761 -0.0014207182298485751 0.0048199770039998157 0.013415398709800117 -0.0086688095968873464 0.004216917600860127 0.008185273904758171
leaf_weight=15.032649397850038 4036.9549751505256 29.388623893260956 14.007860571146013 14.658174261450766 234.61258205771446 254.31281952559948 18.81982996314764 30.578592523932457 23.664013862609863 13.100226014852522
leaf_count=69 18922 142 96 170 1098 1217 98 141 113 63
internal_value=-7.87811e-05 -0.00417958 2.49992e-05 0.00763922 -2.97036e-05 0.00183813 -0.000256461 -0.00668566 -0.00314372 0.00317516
internal_weight=4685.13 111.764 4573.37 28.666 4544.7 488.925 4055.77 83.6312 54.2426 28.1329
internal_count=22129 528 21601 266 21335 2315 19020 396 254 132
is_linear=0
shrinkage=0.02


Tree=206
num_leaves=9
num_cat=0
split_feature=7 6 7 0 5 0 0 5
split_gain=4.87477 10.1728 8.3695 6.90273 7.69473 4.15541 4.99334 2.45938
threshold=-21.245075645244849 -10.292613598277359 -12.371436814434405 0.56818063687639364 5.827843798816259 0.87196947395050461 0.89936982434367974 4.3971706572797453
decision_type=2 2 2 2 2 2 2 2
left_child=1 -1 5 -4 -5 7 -7 -2
right_child=2 -3 3 4 -6 6 -8 -9
leaf_value=0.014971250547004577 -0.017011336745595428 -0.005773647549335687 -0.011239810959748528 -4.3168399458372024e-05 0.007869184391572524 0.0070859480449503819 -0.0055256719750768381 -0.004239750922410003
leaf_weight=20.111654505133629 13.983948878943922 12.756377831101416 17.792074248194695 4495.5270621441305 45.706684254109859 12.498839020729063 52.027186892926693 14.412241488695143
leaf_count=116 61 60 80 21207 226 60 252 67
internal_value=-7.68768e-05 0.00716708 -0.000134172 -1.05248e-05 4.33231e-05 -0.00594985 -0.00281175 -0.0118531
internal_weight=4684.82 32.868 4651.95 4559.03 4541.23 92.9222 64.526 28.3962
internal_count=22129 176 21953 21513 21433 440 312 128
is_linear=0
shrinkage=0.02


Tree=207
num_leaves=15
num_cat=0
split_feature=7 3 3 7 6 7 6 2 5 3 1 3 7 6
split_gain=4.88581 24.9047 13.1786 35.5441 31.0027 30.8084 27.406 20.501 15.7584 12.1342 13.9974 10.719 10.2099 7.76582
threshold=0.97192838342499011 23.944999694824222 19.920000076293949 -1.5775184858491929 2.1339742326517146 -1.0869551675062186 4.9065322199332693 1.0112259222281585 3.9019259704076275 12.994999885559084 0.93587164457963834 13.050000190734865 9.7286886328025908 9.8645516470647134
decision_type=2 2 2 2 2 2 2 2 2 2 2 2 2 2
left_child=2 9 3 7 5 -4 -5 -1 -6 10 -2 -11 13 -3
right_child=1 12 4 6 8 -7 -8 -9 -10 11 -12 -13 -14 -15
leaf_value=-0.0061458250723717568 -0.00015785324349823488 -0.0093474684988738063 0.0022345363500118785 0.0048650814008901486 0.0096747761526199735 -0.0069692398011681261 -0.0053199174170674279 0.00051318555164096879 -0.0044541863083508871 -0.016168968041379458 0.010438356100652794 -0.00038632458190060069 0.0080066268620389482 0.00080441024722825542
leaf_weight=481.92957463860512 109.78635743260384 193.3517107218504 660.55980601534247 502.17908275127411 242.17022805660963 182.25321733951569 130.025739595294 297.62424275279045 33.854658428579569 13.393359035253523 87.187555715441704 1701.1067498475313 14.394410490989683 34.861159451305866
leaf_count=2184 516 900 3274 2397 1218 841 595 1381 161 58 429 7939 71 165
internal_value=-7.55767e-05 -0.000774888 0.000519971 -0.000764292 0.00213741 0.000220757 0.00275005 -0.00361385 0.00790298 -3.16929e-06 0.00464681 -0.000546964 -0.0067565 -0.00780955
internal_weight=4684.68 2154.08 2530.6 1411.76 1118.84 842.813 632.205 779.554 276.025 1911.47 196.974 1714.5 242.607 228.213
internal_count=22129 10078 12051 6557 5494 4115 2992 3565 1379 8942 945 7997 1136 1065
is_linear=0
shrinkage=0.02


Tree=208
num_leaves=15
num_cat=0
split_feature=4 3 6 0 6 3 1 1 1 3 7 3 7 7
split_gain=4.85948 12.185 9.24719 6.21112 6.9136 6.19688 29.3515 25.2868 25.0465 14.8859 18.2728 14.6124 4.60161 4.59681
threshold=11.813083207946184 21.144999504089359 0.17242321322825663 0.95808116734326887 4.0782981505779974 13.444999694824221 1.0104248054653673 0.93681447736914059 1.1038299234538151 14.119999885559084 2.7229668845085828 14.175000190734865 0.33503386812784047 -1.229811835758722
decision_type=2 2 2 2 2 2 2 2 2 2 2 2 2 2
left_child=1 3 12 4 -1 6 7 -2 -8 10 -7 -11 -3 -5
right_child=5 2 -4 13 -6 9 8 -9 -10 11 -12 -13 -14 -15
leaf_value=-0.013692344163492512 -0.00081618438948241915 -0.0066872169047639887 0.011712218300839078 -0.0088597556966472455 0.001493409287408688 -0.0081302507829959774 -0.0098618574118124209 0.0091199961227228163 0.012634236061337033 0.015700875774793389 0.0022223953827196492 4.3073076334637686e-05 0.005997299771760941 0.00066366907376100878
leaf_weight=51.638916492462158 183.7717177271843 27.752834334969521 29.146752215921879 25.646465241909027 14.349492281675337 189.99537947773933 109.92169900238514 225.80382962524891 20.376289501786232 19.999688014388084 102.95924945175648 3605.5381365343928 14.167472168803213 62.561474561691284
leaf_count=236 861 128 144 119 67 860 494 1098 99 99 489 17073 69 293
internal_value=-7.42924e-05 -0.00291398 0.00379447 -0.00602359 -0.0104935 7.16693e-05 0.00207226 0.00469697 -0.00607235 -0.000205797 -0.00451088 0.000146655 -0.00225134 -0.00236949
internal_weight=4683.63 225.263 71.0671 154.196 65.9884 4458.37 539.874 409.576 130.298 3918.49 292.955 3625.54 41.9203 88.2079
internal_count=22129 1056 341 715 303 21073 2552 1959 593 18521 1349 17172 197 412
is_linear=0
shrinkage=0.02


Tree=209
num_leaves=9
num_cat=0
split_feature=5 4 5 6 7 7 5 7
split_gain=4.87426 5.22717 15.0542 14.7188 9.84664 27.9249 21.4372 3.00954
threshold=0.61369473495398175 27.7465996055608 5.537101053848084 -3.774775209943392 3.8477936279143496 -2.9928716577506678 1.1035670850061501 -5.1918708508459268
decision_type=2 2 2 2 2 2 2 2
left_child=-1 2 3 -2 5 -3 -6 -4
right_child=1 4 7 -5 6 -7 -8 -9
leaf_value=-0.0094611320103311879 -0.0026080192624413833 -0.00086357362206379421 0.017957275715872866 0.00029302484466065464 -0.01071261298137818 0.0072635471689286414 0.00057715279359010535 0.0043983115350804767
leaf_weight=18.015643417835236 1001.1225160509348 384.06629311293364 15.83145694807172 2298.8908447250724 72.033604338765144 297.11717334762216 581.2965105175972 14.876546010375021
leaf_count=88 4667 1873 86 10832 326 1448 2737 72
internal_value=-7.26186e-05 -2.82892e-05 -0.000452041 -0.000589155 0.00102751 0.00270301 -0.000725226 0.0126525
internal_weight=4683.25 4665.23 3330.72 3300.01 1334.51 681.183 653.33 30.708
internal_count=22129 22041 15657 15499 6384 3321 3063 158
is_linear=0
shrinkage=0.02


Tree=210
num_leaves=13
num_cat=0
split_feature=0 6 3 3 1 1 5 5 6 5 1 3
split_gain=4.85903 5.38115 14.6902 24.1317 12.5017 10.0523 10.5921 7.46154 3.78423 6.19168 3.24035 1.25562
threshold=1.0114235679137955 5.6226682318084089 19.804999351501468 19.440000534057621 0.94225778693986029 0.92717809870432966 1.798153181429732 2.7133790546987018 -17.70569158366126 2.0418905653213089 1.0678346842640172 17.204999923706058
decision_type=2 2 2 2 2 2 2 2 2 2 2 2
left_child=1 5 3 -3 -4 7 -7 -1 -2 10 -10 -11
right_child=8 2 4 -5 -6 6 -8 -9 9 11 -12 -13
leaf_value=-0.007644897064412238 -0.0044007974452958936 0.00016729386823566964 0.00099532281293552671 -0.017494461358937934 0.0082676859648775341 0.00092427775170310497 -0.0013811649993791448 0.0016248422720853432 0.0066116622544021468 0.0033741300322162248 -0.0045917796492720951 0.013986435552602998
leaf_weight=127.07772819697857 12.64117383956909 819.55286718904972 216.10715110599995 28.155791357159615 165.87403282895684 1479.5965366028249 1719.1637107767165 45.578782856464386 14.034330822527407 8.9040398895740491 20.168171051889658 26.020976539701223
leaf_count=577 60 3838 1018 124 826 7003 8090 218 69 42 96 168
internal_value=-7.10521e-05 -0.000158838 0.000971695 -0.00049873 0.00420627 -0.000571851 -0.000314953 -0.00521644 0.00464568 0.00645022 0.000216268 0.0119056
internal_weight=4682.88 4601.11 1229.69 847.709 381.981 3371.42 3198.76 172.657 81.7687 69.1275 34.2025 34.925
internal_count=22129 21694 5806 3962 1844 15888 15093 795 435 375 165 210
is_linear=0
shrinkage=0.02


Tree=211
num_leaves=15
num_cat=0
split_feature=7 3 4 3 7 4 3 3 3 7 6 6 0 2
split_gain=4.93259 24.0577 16.865 12.362 20.8867 22.7338 11.4574 13.2789 10.4438 9.10125 17.4889 13.6881 8.3019 6.45383
threshold=0.97192838342499011 23.944999694824222 23.111015028167991 14.614999771118166 -1.2817766816201781 24.743782615645049 12.994999885559084 12.555000305175783 13.050000190734865 -8.5713790874952647 -5.2808562343534149 -6.4796523918327518 0.91870860998949633 0.99211823374540786
decision_type=2 2 2 2 2 2 2 2 2 2 2 2 2 2
left_child=3 6 12 4 5 -1 7 -2 -8 10 -5 -11 -3 -4
right_child=1 2 13 9 -6 -7 8 -9 -10 11 -12 -13 -14 -15
leaf_value=-0.0087005655317695472 -0.00089088730546211885 -0.0019663887834593941 -0.0068459240927821428 0.0014557925390228908 0.0026051059975858541 0.0046499038078271857 -0.015968332566320173 0.0093776914425601141 -0.0003837522785842658 -0.0011750229838833749 -0.0094548049625374254 0.0027705907408129412 -0.013564899683566426 0.0033706562985092014
leaf_weight=224.01706433296204 94.876066416501999 33.502621024847031 34.51058104634285 168.67033895477653 200.32032111287117 62.945513591170311 13.380180507898329 101.87948742508888 1700.7775373011827 477.63213279470801 85.488731954246759 1310.1231779381633 109.16166345030069 65.153284199535847
leaf_count=1013 446 156 158 836 951 295 58 499 7939 2260 405 6291 501 321
internal_value=-6.96298e-05 -0.000772397 -0.00665502 0.000528949 -0.00232109 -0.00574846 -1.40618e-05 0.00450706 -0.000542293 0.00121229 -0.00230372 0.00171618 -0.0109691 -0.000294689
internal_weight=4682.44 2153.24 242.328 2529.2 487.283 286.963 1910.91 196.756 1714.16 2041.91 254.159 1787.76 142.664 99.6639
internal_count=22129 10078 1136 12051 2259 1308 8942 945 7997 9792 1241 8551 657 479
is_linear=0
shrinkage=0.02


Tree=212
num_leaves=9
num_cat=0
split_feature=5 0 3 5 3 3 3 3
split_gain=4.75764 5.41162 29.8247 15.8584 14.3412 11.0824 27.5259 9.89743
threshold=0.61369473495398175 0.98289179695244655 22.615000724792484 2.3358949370714415 16.550000190734867 26.284999847412113 26.774999618530277 25.550000190734867
decision_type=2 2 2 2 2 2 2 2
left_child=-1 5 4 -4 -3 7 -7 -2
right_child=1 2 3 -5 -6 6 -8 -9
leaf_value=-0.0093552034191075484 -0.00049562310735591305 0.00074736419163845644 -0.0077055387462803627 0.0043348027750773075 0.0078445867856462761 0.018716759244525771 0.0011185729562573658 -0.0066214973622597748
leaf_weight=17.964466199278831 3430.8162362128496 215.6880771368742 156.85399849712849 57.133549220860004 239.50456021726131 34.876429215073586 423.99184373766184 104.89459270238876
leaf_count=88 15969 1012 778 328 1150 172 2154 478
internal_value=-6.88487e-05 -2.50921e-05 0.00163391 -0.00447028 0.00451745 -0.000304368 0.00260632 -0.000684638
internal_weight=4681.72 4663.76 669.18 213.988 455.193 3994.58 458.868 3535.71
internal_count=22129 22041 3268 1106 2162 18773 2326 16447
is_linear=0
shrinkage=0.02


Tree=213
num_leaves=9
num_cat=0
split_feature=3 2 3 3 1 1 5 3
split_gain=4.72623 4.79837 4.67181 17.3925 15.788 12.4461 10.4021 7.35496
threshold=34.385000228881843 1.0352787472827529 12.765000343322756 12.519999980926515 1.0309885823870311 0.93777785486639609 0.61369473495398175 16.105000495910648
decision_type=2 2 2 2 2 2 2 2
left_child=2 -2 3 5 -5 -1 -4 -8
right_child=1 -3 6 4 -6 -7 7 -9
leaf_value=-0.0085147234180280567 -0.0010266225821196069 0.014229309410055241 -0.014640127079582075 0.013205380179127073 -0.0086084076358607792 0.0029767595877625975 -0.0013621110176968382 0.00037327211870314558
leaf_weight=57.534010410308838 13.975371323525907 14.495029289275406 16.052798241376877 72.091348528862 13.17637664079666 93.776185780763626 1457.456012532115 2942.8825989365578
leaf_count=261 96 170 78 361 59 447 6772 13885
internal_value=-6.73297e-05 0.00753664 -0.00012029 0.00259402 0.00959982 -0.00149951 -0.000267907 -0.000202227
internal_weight=4681.44 28.4704 4652.97 236.578 85.2677 151.31 4416.39 4400.34
internal_count=22129 266 21863 1128 420 708 20735 20657
is_linear=0
shrinkage=0.02


Tree=214
num_leaves=9
num_cat=0
split_feature=7 6 7 0 5 0 0 5
split_gain=4.72224 9.74963 8.03743 6.65357 7.23295 4.02494 4.88445 2.38453
threshold=-21.245075645244849 -10.292613598277359 -12.371436814434405 0.56818063687639364 5.827843798816259 0.87196947395050461 0.89936982434367974 4.3971706572797453
decision_type=2 2 2 2 2 2 2 2
left_child=1 -1 5 -4 -5 7 -7 -2
right_child=2 -3 3 4 -6 6 -8 -9
leaf_value=0.014741581557790453 -0.016722885925709568 -0.0055961497029480304 -0.011032468590300236 -3.2190892881934101e-05 0.0076440502604009598 0.0070466362991095759 -0.0054250393534120882 -0.0041490350019866571
leaf_weight=19.996942900121212 13.943290032446386 12.751699857413767 17.766387820243835 4492.0773301944137 45.641901023685932 12.496305599808691 52.012948624789715 14.394367873668669
leaf_count=116 61 60 80 21207 226 60 252 67
internal_value=-6.60411e-05 0.00707531 -0.000122394 -1.18534e-06 5.16836e-05 -0.00582374 -0.00273874 -0.0116391
internal_weight=4681.08 32.7486 4648.33 4555.49 4537.72 92.8469 64.5093 28.3377
internal_count=22129 176 21953 21513 21433 440 312 128
is_linear=0
shrinkage=0.02


Tree=215
num_leaves=14
num_cat=0
split_feature=4 5 7 5 6 7 5 4 2 6 7 5 0
split_gain=4.71305 5.24732 5.1805 11.2218 17.6896 16.2804 8.49935 12.0522 8.40762 3.56171 3.40873 2.86439 1.30003
threshold=10.754634089682572 1.2848482100906058 0.97192838342499011 3.364076494609503 12.283812782236204 10.038505511124344 1.7009565327806742 15.112571315447555 1.0764460274469365 -3.0719920853715217 -0.74832809513431264 1.9109111668195127 0.9798262527786965
decision_type=2 2 2 2 2 2 2 2 2 2 2 2 2
left_child=1 12 6 4 -4 -5 7 -2 -8 10 -3 -11 -1
right_child=2 9 3 5 -6 -7 8 -9 -10 11 -12 -13 -14
leaf_value=0.0064761046553882861 0.0067482986145023655 -0.017236561705396183 -0.00090090759936507932 -0.0079085555430295149 0.0047840866954869119 0.0024543053577790893 -0.00052450921298950661 0.00098051568380311586 0.0054887373845047905 -0.0076366115328040272 -0.003086197043168119 0.0011190734645726227 -0.0013686919968903186
leaf_weight=14.967991679906847 186.11213526129723 15.394342064857485 1611.8337898775935 178.4538342654705 249.25381056964397 88.497855365276337 1543.1523560397327 617.32158552110195 94.958855919539928 24.310284897685051 13.744492217898367 29.79661151766777 13.139183491468428
leaf_count=71 906 75 7524 825 1191 424 7268 2947 516 110 67 144 61
internal_value=-6.49513e-05 -0.00405753 3.58046e-05 -0.000684817 -0.000130894 -0.00448762 0.000663988 0.00234341 -0.000163409 -0.0065038 -0.0117401 -0.00306975 0.00309527
internal_weight=4680.94 111.353 4569.58 2128.04 1861.09 266.952 2441.54 803.434 1638.11 83.2457 29.1388 54.1069 28.1072
internal_count=22129 528 21601 9964 8715 1249 11637 3853 7784 396 142 254 132
is_linear=0
shrinkage=0.02


Tree=216
num_leaves=15
num_cat=0
split_feature=4 4 3 3 7 4 7 3 3 2 2 7 0 0
split_gain=4.66011 9.71562 6.7128 9.68179 13.937 9.45465 5.32664 26.7506 12.3213 5.23748 4.09681 5.09743 4.06555 1.07108
threshold=42.781597122249224 40.904997931434472 14.404999732971193 18.380000114440922 9.7286886328025908 47.710586257982392 0.97192838342499011 19.195000648498539 14.614999771118166 0.96291250833777087 0.96213800665217108 3.2204484238214781 0.75754554979550714 0.92149460687955098
decision_type=2 2 2 2 2 2 2 2 2 2 2 2 2 2
left_child=1 6 9 4 -4 -5 8 -8 -1 12 -3 -12 -2 -11
right_child=2 10 3 5 -6 -7 7 -9 -10 13 11 -13 -14 -15
leaf_value=-0.0023145781492499959 0.0062107847472210988 0.0026082458323881436 0.0013312575835334583 -0.00036397017560599771 -0.014834943952075701 0.013923492379456424 0.0010068096536754998 -0.0038653131058225243 0.0012267864325057353 0.0069622677001667391 -0.0014113755858203409 -0.013170130345701426 -0.0074490036005907178 0.014230657481429819
leaf_weight=486.33756698668003 14.116668641567232 12.677867874503134 61.300327256321907 45.521741174161434 28.250085324048996 27.014825653284788 1158.6007459759712 732.57821694761515 1977.6066311970353 40.609493315219879 23.871936559677124 39.617594465613365 12.807093083858488 19.294004186987877
leaf_count=2256 70 60 289 223 125 149 5427 3409 9471 202 113 175 60 100
internal_value=-6.38493e-05 -0.00021437 0.0025768 0.000134349 -0.00418487 0.0054067 -8.72892e-05 -0.000884659 0.000525167 0.00692958 -0.0071137 -0.00909455 -0.000409956 0.0100475
internal_weight=4680.2 4431.29 248.914 162.087 89.5504 72.5366 4355.12 1891.18 2463.94 86.8273 76.1674 63.4895 26.9238 59.9035
internal_count=22129 20911 1218 786 414 372 20563 8836 11727 432 348 288 130 302
is_linear=0
shrinkage=0.02


Tree=217
num_leaves=15
num_cat=0
split_feature=4 3 5 5 7 3 7 2 3 7 3 4 2 7
split_gain=4.64256 11.8645 10.6039 18.3668 9.95872 5.9523 26.1498 18.8134 13.8513 17.3004 14.1942 11.1282 3.64299 2.39666
threshold=11.813083207946184 21.144999504089359 1.7186377557401407 0.95959099436953632 -2.2845789428876313 13.444999694824221 -2.531618912906104 1.0076747879230683 14.119999885559084 2.7229668845085828 14.175000190734865 20.198767046793723 0.99299938537789079 -0.23001156561259942
decision_type=2 2 2 2 2 2 2 2 2 2 2 2 2 2
left_child=1 2 3 -1 -4 6 7 -2 9 -7 -10 -8 -3 -14
right_child=5 12 4 -5 -6 8 11 -9 10 -11 -12 -13 13 -15
leaf_value=-0.018581282295941911 -0.01427010872111204 0.0097085000988306764 0.0025508849618097805 0.0040697656913276526 -0.01464608787292738 -0.0078696866544251294 0.0080656426867250341 0.0036317352281837819 0.015483789379065865 0.0022059804583991075 4.6109154803061017e-05 0.001563115730032664 -0.0037347754802934197 0.0045277877652918179
leaf_weight=14.09621614217758 56.48141698539257 22.717570245265961 15.750146672129629 64.683837488293648 59.29850897192955 189.84315823018551 167.61787953972816 36.179620414972305 19.982321947813034 102.89599008858204 3602.7454566806555 278.88055390119553 23.895002245903015 24.323397755622864
leaf_count=61 249 111 78 305 271 860 811 169 99 489 17073 1323 112 118
internal_value=-6.25135e-05 -0.00284122 -0.00591413 -0.000685235 -0.0110906 8.01134e-05 0.00204218 -0.00741927 -0.000191871 -0.00434616 0.000148244 0.00405414 0.00378254 0.000460772
internal_weight=4679.39 224.765 153.829 78.7801 75.0487 4454.63 539.159 92.661 3915.47 292.739 3622.73 446.498 70.936 48.2184
internal_count=22129 1056 715 366 349 21073 2552 418 18521 1349 17172 2134 341 230
is_linear=0
shrinkage=0.02


Tree=218
num_leaves=10
num_cat=0
split_feature=3 6 3 3 5 0 3 0 6
split_gain=4.59019 5.01345 11.5253 13.4795 9.91314 9.61496 9.53424 4.61532 1.80692
threshold=34.385000228881843 12.283812782236204 17.154999732971195 18.279999732971195 6.8535282536721596 0.92083940863157598 14.614999771118166 0.93243748691282347 -2.232699916521891
decision_type=2 2 2 2 2 2 2 2 2
left_child=1 4 6 -4 5 -1 -3 -2 -9
right_child=7 2 3 -5 -6 -7 -8 8 -10
leaf_value=-0.0018265782527352831 -0.0047857803221158799 0.0021609153532299139 0.015380902472266585 0.0026942245386801593 0.012850903968072251 0.00024391413774084566 -0.0058267474333745153 0.0037857084665055872 0.016493033273540503
leaf_weight=1308.1341475248337 6.9521266594529179 131.40274551510811 36.184461668133736 218.67688126862049 18.671122811734676 2834.1662187129259 103.3998671323061 11.035428568720823 10.323734119534487
leaf_count=6074 46 627 179 1042 98 13370 473 116 104
internal_value=-6.14012e-05 -0.000113497 0.00179235 0.00470528 -0.000339283 -0.000411077 -0.00139529 0.00745087 0.0115604
internal_weight=4678.95 4650.64 489.664 254.861 4160.97 4142.3 234.803 28.3113 21.3592
internal_count=22129 21863 2321 1221 19542 19444 1100 266 220
is_linear=0
shrinkage=0.02


Tree=219
num_leaves=12
num_cat=0
split_feature=0 4 6 3 3 4 4 5 4 2 3
split_gain=4.53877 6.96386 5.14144 14.2663 23.2652 17.7847 10.4764 8.9488 2.94922 3.05238 0.913644
threshold=1.0114235679137955 26.477556220622414 5.6226682318084089 19.804999351501468 19.440000534057621 21.368218004742854 49.484402914788824 1.9921265064564058 15.211085224429914 1.0908592400349841 21.460000038146976
decision_type=2 2 2 2 2 2 2 2 2 2 2
left_child=2 8 6 4 -4 -5 7 -1 -2 -10 -3
right_child=1 10 3 5 -6 -7 -8 -9 9 -11 -12
leaf_value=0.00029458650615652555 0.0080721588164328045 0.017004655280474158 0.00016523840139089961 0.0094502632398555594 -0.017202366537367911 0.00065685173061893923 0.014755353810711641 -0.0017823510875960946 -0.0050295268097646237 0.0049161842220660553 0.0057277006078926222
leaf_weight=1865.0487153269351 12.189817562699316 11.08876855671406 819.09464929997921 148.89197470620275 28.057108357548714 232.64894003421068 13.805384166538714 1489.5765768997371 32.158277578651905 15.000242017209528 11.121214672923086
leaf_count=8798 62 58 3838 737 124 1107 79 7011 153 82 80
internal_value=-5.9468e-05 0.00450483 -0.00014429 0.000961198 -0.000488105 0.00415082 -0.000548197 -0.000628674 0.000666733 -0.00172895 0.0130938
internal_weight=4678.68 81.5583 4597.12 1228.69 847.152 381.541 3368.43 3354.63 59.3483 47.1585 22.21
internal_count=22129 435 21694 5806 3962 1844 15888 15809 297 235 138
is_linear=0
shrinkage=0.02


Tree=220
num_leaves=8
num_cat=0
split_feature=0 5 2 2 7 4 4
split_gain=4.51752 6.81237 9.99855 7.62081 9.11963 6.01063 4.24569
threshold=0.56818063687639364 5.827843798816259 1.0543249715474239 1.0851786791031273 -8.793002323611514 20.601293501735466 29.101399156508602
decision_type=2 2 2 2 2 2 2
left_child=-1 3 6 4 -2 -5 -3
right_child=1 2 -4 5 -6 -7 -8
leaf_value=-0.0088501840543980595 -0.0041486122412100106 0.016244732366150875 -0.007638152492867715 -0.0043478220993808415 -1.4102014474996788e-05 0.008038071141202266 0.0038040675317978084
leaf_weight=19.25786966085434 220.56826229393482 22.524451993405819 12.56910167634487 17.020860247313976 4290.4449616745114 71.627169080078602 24.203493610024452
leaf_count=88 1047 116 64 82 20221 392 119
internal_value=-5.76497e-05 -1.37449e-05 0.00650288 -0.000103332 -0.000219757 0.00557488 0.010609
internal_weight=4678.22 4658.96 59.297 4599.66 4511.01 88.648 46.7279
internal_count=22129 22041 299 21742 21268 474 235
is_linear=0
shrinkage=0.02


Tree=221
num_leaves=15
num_cat=0
split_feature=7 3 4 3 7 6 7 6 2 3 3 3 7 0
split_gain=4.51914 22.7665 16.1913 11.5985 32.4975 28.2892 29.9857 21.8254 19.1349 10.5401 12.4493 10.1823 8.29145 7.9611
threshold=0.97192838342499011 23.944999694824222 23.111015028167991 19.920000076293949 -1.1340278684599299 2.1339742326517146 -1.0869551675062186 4.9065322199332693 1.0102297191625411 12.994999885559084 12.555000305175783 13.050000190734865 -7.905590178329124 0.91870860998949633
decision_type=2 2 2 2 2 2 2 2 2 2 2 2 2 2
left_child=3 9 13 4 8 6 -5 -6 -1 10 -2 -11 -7 -3
right_child=1 2 -4 5 7 12 -8 -9 -10 11 -12 -13 -14 -15
leaf_value=-0.0053380433710265201 -0.000878827876985019 -0.0018824001221407749 -0.00022760480031839203 0.0021927297773047323 0.0053498751338847865 -0.004233175109974778 -0.0068907599330810957 -0.0044866873640201105 0.0006915128920839328 -0.015738191373895739 0.0090694973692205007 -0.00034230924122544587 0.0085151656560460316 -0.013244317048765332
leaf_weight=543.98344470560551 94.81456159055233 33.460700824856758 99.513029232621193 659.84856246784329 413.29563368856907 19.788486570119858 182.12868684530258 111.81818610429764 340.52563825249672 13.362189918756483 101.67505492269993 1699.6839352995157 255.48291436210275 108.74074333906174
leaf_count=2480 446 156 479 3274 1979 99 841 513 1585 58 499 7939 1280 501
internal_value=-5.64428e-05 -0.000729432 -0.00645973 0.000516753 -0.000689063 0.00203515 0.000204583 0.00323719 -0.00302407 7.91332e-06 0.00434725 -0.000498785 0.00755122 -0.0106954
internal_weight=4678.12 2151.25 241.714 2526.87 1409.62 1117.25 841.977 525.114 884.509 1909.54 196.49 1713.05 275.271 142.201
internal_count=22129 10078 1136 12051 6557 5494 4115 2492 4065 8942 945 7997 1379 657
is_linear=0
shrinkage=0.02


Tree=222
num_leaves=9
num_cat=0
split_feature=7 6 7 3 7 3 5 6
split_gain=4.4664 9.35231 7.72628 5.38033 22.7552 21.1089 3.60622 3.42811
threshold=-21.245075645244849 -10.292613598277359 -12.371436814434405 16.105000495910648 -1.7801488911143866 18.170000076293949 4.3971706572797453 -17.70569158366126
decision_type=2 2 2 2 2 2 2 2
left_child=1 -1 6 4 -4 -5 7 -2
right_child=2 -3 3 5 -6 -7 -8 -9
leaf_value=0.014458757505011093 -0.01359586004947496 -0.0054904020679392177 -0.0051087436964910608 0.0037687709275255115 0.00039084897921460069 -0.00037290170524877716 0.0011011252111439284 -0.0041025901827646703
leaf_weight=19.824380099773407 23.461000025272369 12.74134138971567 388.22842742502689 626.15325555205345 1290.9357991069555 2246.483519628644 22.643249724060297 46.638169575482607
leaf_count=116 104 60 1768 2958 6071 10716 111 225
internal_value=-5.57961e-05 0.00690686 -0.000110517 8.34627e-06 -0.000889794 0.000533851 -0.00570345 -0.00784224
internal_weight=4677.11 32.5657 4644.54 4551.8 1679.16 2872.64 92.7424 70.0992
internal_count=22129 176 21953 21513 7839 13674 440 329
is_linear=0
shrinkage=0.02


Tree=223
num_leaves=15
num_cat=0
split_feature=4 3 5 5 7 6 3 7 2 3 7 3 7 7
split_gain=4.52029 11.586 10.0664 17.8233 9.76365 8.55413 5.70703 24.3295 18.0292 13.1072 16.4092 13.7309 10.8048 4.56699
threshold=11.813083207946184 21.144999504089359 1.7186377557401407 0.95959099436953632 -2.2845789428876313 0.17242321322825663 13.444999694824221 -2.531618912906104 1.0057624092519815 14.119999885559084 2.7229668845085828 14.175000190734865 4.1901477966915914 0.33503386812784047
decision_type=2 2 2 2 2 2 2 2 2 2 2 2 2 2
left_child=1 2 3 -1 -4 13 7 8 -2 10 -8 -11 -9 -3
right_child=6 5 4 -5 -6 -7 9 12 -10 11 -12 -13 -14 -15
leaf_value=-0.018373703198594132 -0.014247865507676998 -0.0065164107486465495 0.0026018620367090801 0.0039452187872036706 -0.014422801885278818 0.011368091320402595 -0.0076557237142123149 0.0060722516685149767 0.0031200307417201169 0.015239229541581013 0.0021583347132550675 5.0001186609670585e-05 -0.00055630013193892877 0.0061255738245945277
leaf_weight=14.087090685963629 53.63102588057518 27.678083434700966 15.735028922557829 64.668313100934029 59.093712881207466 29.079794324934483 189.72393679618835 302.24730257689953 38.785713359713554 19.964745447039604 102.87843139469624 3601.0746263861656 143.9809356033802 14.128554657101629
leaf_count=61 237 128 78 305 271 144 860 1457 181 99 489 17073 677 69
internal_value=-5.4836e-05 -0.00279853 -0.0058385 -0.000742131 -0.0108925 0.003748 8.58803e-05 0.00200806 -0.00713182 -0.000180454 -0.00422255 0.000150471 0.00394753 -0.00208222
internal_weight=4676.76 224.471 153.584 78.7554 74.8287 70.8864 4452.29 538.645 92.4167 3913.64 292.602 3621.04 446.228 41.8066
internal_count=22129 1056 715 366 349 341 21073 2552 418 18521 1349 17172 2134 197
is_linear=0
shrinkage=0.02


Tree=224
num_leaves=15
num_cat=0
split_feature=7 3 3 7 6 7 3 2 5 3 1 3 7 6
split_gain=4.65372 21.7681 10.9473 30.5919 27.1297 28.8401 26.9225 18.2495 15.368 9.94924 12.5218 9.90712 9.56679 7.02612
threshold=0.97192838342499011 23.944999694824222 19.920000076293949 -1.5775184858491929 2.1339742326517146 -1.0869551675062186 19.314999580383304 1.0112259222281585 3.9019259704076275 12.994999885559084 0.93587164457963834 13.050000190734865 9.7286886328025908 9.8645516470647134
decision_type=2 2 2 2 2 2 2 2 2 2 2 2 2 2
left_child=2 9 3 7 5 -4 -5 -1 -6 10 -2 -11 13 -3
right_child=1 12 4 6 8 -7 -8 -9 -10 11 -12 -13 -14 -15
leaf_value=-0.0056852988045394837 -0.00033286664238436794 -0.0088381366323816643 0.0021608916509295159 0.0037337150933769714 0.0091642612057688758 -0.0067481473316340244 -0.012323261720692747 0.00060274468434514869 -0.0047787330116787112 -0.015547823234252252 0.0097012488185232084 -0.00035387892123732196 0.0079323013044675754 0.00082207024658506253
leaf_weight=480.46386140584946 109.66296388208866 192.27596352249384 659.671501301229 590.06933216750622 241.24694234132767 182.10241910070181 41.049570262432098 297.15333521366119 33.775362350046635 13.345179036259649 86.665414810180664 1699.5748218595982 14.375060886144636 34.811737656593323
leaf_count=2184 516 900 3274 2811 1218 841 181 1381 161 58 429 7939 71 165
internal_value=-5.39434e-05 -0.000736923 0.000527919 -0.000644052 0.00200328 0.000210784 0.00261829 -0.00329164 0.00740797 -1.61013e-05 0.00420177 -0.0005082 -0.00634333 -0.00736866
internal_weight=4676.24 2150.71 2525.53 1408.74 1116.8 841.774 631.119 777.617 275.022 1909.25 196.328 1712.92 241.463 227.088
internal_count=22129 10078 12051 6557 5494 4115 2992 3565 1379 8942 945 7997 1136 1065
is_linear=0
shrinkage=0.02


Tree=225
num_leaves=9
num_cat=0
split_feature=5 4 5 6 7 7 5 3
split_gain=4.48573 4.90727 14.0188 13.1357 9.41096 27.6334 19.6374 4.6636
threshold=0.61369473495398175 27.7465996055608 5.537101053848084 -3.774775209943392 3.7264803398174209 -2.9928716577506678 1.1035670850061501 17.579999923706058
decision_type=2 2 2 2 2 2 2 2
left_child=-1 2 3 -2 5 -3 -6 -4
right_child=1 4 7 -5 6 -7 -8 -9
leaf_value=-0.0090994332106727437 -0.0024631949076348364 -0.00082621886273594582 0.0017832752369516724 0.00027994457578586339 -0.0099945933822114356 0.0073630820923513227 0.00058537493964473327 0.017762255118326586
leaf_weight=17.823795095086098 999.2002279125154 383.33471800386906 12.352597758173944 2294.9178357832134 75.604201838374138 284.18915604054928 589.48972856998444 18.189420495182276
leaf_count=88 4667 1873 58 10832 343 1390 2778 100
internal_value=-5.32276e-05 -1.08282e-05 -0.000421855 -0.000554106 0.00101281 0.00268336 -0.000669858 0.0122545
internal_weight=4675.1 4657.28 3324.66 3294.12 1332.62 667.524 665.094 30.542
internal_count=22129 22041 15657 15499 6384 3263 3121 158
is_linear=0
shrinkage=0.02


Tree=226
num_leaves=15
num_cat=0
split_feature=7 3 3 7 6 7 6 2 3 1 3 7 7 6
split_gain=4.57006 20.9179 10.516 29.3991 25.9055 27.7309 21.1057 17.6533 9.58152 12.0547 9.61199 9.24958 7.89416 6.72979
threshold=0.97192838342499011 23.944999694824222 19.920000076293949 -1.1340278684599299 2.1339742326517146 -1.0869551675062186 4.9065322199332693 1.0102297191625411 12.994999885559084 0.93587164457963834 13.050000190734865 9.7286886328025908 -7.905590178329124 9.8645516470647134
decision_type=2 2 2 2 2 2 2 2 2 2 2 2 2 2
left_child=2 8 3 7 5 -4 -5 -1 9 -2 -10 13 -6 -3
right_child=1 11 4 6 12 -7 -8 -9 10 -11 -12 -13 -14 -15
leaf_value=-0.0050712504649065458 -0.00032935877022745454 -0.0086783505758133948 0.0021320694111907844 0.0051910363216872112 -0.0042303753132260091 -0.0066048820069997908 -0.0044830697508465066 0.00072192144519103707 -0.015326663054695516 0.0095197202305046073 -0.00035343817983251094 0.0078004193276219784 0.0081985765273385452 0.00077930155038336934
leaf_weight=543.22321702539921 109.65858167409897 191.97960511595011 659.53239025175571 412.88331243395805 19.785617969930172 182.06396274268627 111.78532838821411 340.38320955634117 13.328197643160818 86.533689558506012 1699.3885061442852 14.391903281211851 254.94802382960916 34.814569182693958
leaf_count=2480 516 900 3274 1979 99 841 513 1585 58 429 7939 71 1280 165
internal_value=-5.20717e-05 -0.000728971 0.000524655 -0.000624174 0.00197098 0.000219687 0.00311156 -0.00284641 -2.2586e-05 0.00411815 -0.000505398 -0.0062282 0.00725561 -0.00723819
internal_weight=4674.7 2150.1 2524.61 1408.28 1116.33 841.596 524.669 883.606 1908.91 196.192 1712.72 241.186 274.734 226.794
internal_count=22129 10078 12051 6557 5494 4115 2492 4065 8942 945 7997 1136 1379 1065
is_linear=0
shrinkage=0.02


Tree=227
num_leaves=13
num_cat=0
split_feature=0 4 4 4 3 3 6 3 0 4 4 1
split_gain=4.47995 6.59335 4.56959 7.15353 6.76219 10.5701 6.75976 5.22193 4.73376 2.88553 1.83842 1.37906
threshold=1.0114235679137955 26.477556220622414 43.389781007442217 40.45562690484558 14.614999771118166 18.345000267028812 12.634708519118089 14.734999656677248 0.80626808437488573 15.211085224429914 18.803024605490631 1.1715836099800685
decision_type=2 2 2 2 2 2 2 2 2 2 2 2
left_child=2 9 3 7 8 -6 -5 -1 -4 -2 -11 -3
right_child=1 11 4 6 5 -7 -8 -9 -10 10 -12 -13
leaf_value=-0.0014254846513765517 0.0080699075658104951 0.016922605644064045 0.012987949466054489 -0.0080263085615234746 -0.0055216363852120288 0.0052685868526743274 0.00267126650610321 0.00023688213351177447 0.003273249506898189 -0.0071831783752593584 0.00087251309590568747 0.0046745004729403083
leaf_weight=978.6997666656971 12.185333922505377 11.935483969748022 28.156466886401176 82.533600479364395 70.297381058335304 67.042208753526211 30.233096942305565 3270.9423608593643 64.290643692016602 12.306763455271719 34.822846554219723 10.180563416332005
leaf_count=4565 62 73 143 377 322 344 143 15482 318 57 178 65
internal_value=-5.12247e-05 0.00448678 -0.000135529 -0.000281272 0.0025888 -0.00025436 -0.005165 -0.000146944 0.00664798 0.000747899 -0.00162843 0.012864
internal_weight=4673.63 81.431 4592.2 4362.41 229.787 137.34 112.767 4249.64 92.4471 59.3149 47.1296 22.116
internal_count=22129 435 21694 20567 1127 666 520 20047 461 297 235 138
is_linear=0
shrinkage=0.02


Tree=228
num_leaves=10
num_cat=0
split_feature=3 2 6 3 3 3 1 7 7
split_gain=4.4156 4.75022 4.46499 10.813 13.1597 8.99146 8.14465 8.0656 6.92853
threshold=34.385000228881843 1.0352787472827529 12.283812782236204 17.154999732971195 18.279999732971195 14.614999771118166 0.93068573920890785 7.134095639024741 10.038505511124344
decision_type=2 2 2 2 2 2 2 2 2
left_child=2 -2 6 5 -5 -4 7 -1 -8
right_child=1 -3 3 4 -6 -7 8 -9 -10
leaf_value=-0.0041671961478010784 -0.0011584457217646 0.014066767797140759 0.0020667509125939813 0.015070719630670372 0.0025362231831511819 -0.0056933227084971384 -3.6081200252390132e-05 0.0011902604440943586 0.011941172442901713
leaf_weight=379.70314055681229 13.872261993587019 14.227675624191759 131.27198755741119 36.155118048191071 218.49833416938782 103.34789051115513 3604.0515058413148 156.8563050031662 15.423115298151968
leaf_count=1747 96 170 627 179 1042 473 16977 742 76
internal_value=-4.96373e-05 0.00734271 -0.000100633 0.00169861 0.00452139 -0.00138963 -0.00031388 -0.00260379 2.80813e-05
internal_weight=4673.41 28.0999 4645.31 489.273 254.653 234.62 4156.03 536.559 3619.47
internal_count=22129 266 21863 2321 1221 1100 19542 2489 17053
is_linear=0
shrinkage=0.02


Tree=229
num_leaves=8
num_cat=0
split_feature=0 5 2 2 5 4 4
split_gain=4.45741 6.32224 9.83091 7.32664 8.98789 5.63446 4.03075
threshold=0.56818063687639364 5.827843798816259 1.0543249715474239 1.0851786791031273 4.1839063022394791 20.601293501735466 29.101399156508602
decision_type=2 2 2 2 2 2 2
left_child=-1 3 6 4 -2 -5 -3
right_child=1 2 -4 5 -6 -7 -8
leaf_value=-0.0087866767996783602 -1.4567294126900437e-05 0.015871440145925949 -0.0077276214241057831 -0.0041387441524576001 -0.004394232182019662 0.0078702915091083177 0.003725965041408211
leaf_weight=19.232275128364563 4314.4771488793194 22.428386867046356 12.539421305060385 16.999095730483532 191.94204579293728 71.447105448693037 24.148604705929756
leaf_count=88 20367 116 64 82 901 392 119
internal_value=-4.80308e-05 -4.40441e-06 0.00628247 -9.06838e-05 -0.000204842 0.00548298 0.0103671
internal_weight=4673.21 4653.98 59.1164 4594.87 4506.42 88.4462 46.577
internal_count=22129 22041 299 21742 21268 474 235
is_linear=0
shrinkage=0.02


Tree=230
num_leaves=15
num_cat=0
split_feature=7 3 3 7 3 6 7 2 3 3 3 7 7 6
split_gain=4.34194 20.3236 9.95359 28.3111 25.9872 24.9448 26.6323 16.9874 9.32738 11.8708 9.31089 8.83177 7.63533 6.4586
threshold=0.97192838342499011 23.944999694824222 19.920000076293949 -1.5775184858491929 19.314999580383304 2.1339742326517146 -1.0869551675062186 1.0112259222281585 12.994999885559084 12.555000305175783 13.050000190734865 9.7286886328025908 -7.905590178329124 9.8645516470647134
decision_type=2 2 2 2 2 2 2 2 2 2 2 2 2 2
left_child=2 8 3 7 -5 6 -4 -1 9 -2 -10 13 -7 -3
right_child=1 11 5 4 -6 12 -8 -9 10 -11 -12 -13 -14 -15
leaf_value=-0.0054617513121465134 -0.00102334368471925 -0.0085327344353051792 0.0020791871882022547 0.003632696379468895 -0.012145080590695191 -0.0041825872825649452 -0.0064841567002862279 0.00060612957495182363 -0.015083029231541279 0.0086949718066743637 -0.0003377940307077388 0.0075714142041699494 0.0080401112372366842 0.0007367868686721183
leaf_weight=479.97711558640003 94.680896013975143 191.64826776832342 659.24227073416114 589.80422566831112 41.034305259585381 19.780678253620863 182.01910676434636 297.10753706097603 13.308103889226912 101.401281863451 1699.1462874114513 14.416128128767012 254.65875193104148 34.810552448034286
leaf_count=2184 446 900 3274 2811 181 99 841 1381 58 499 7939 71 1280 165
internal_value=-4.70292e-05 -0.000706915 0.000515235 -0.000602503 0.00253634 0.00192284 0.000204467 -0.00315056 -1.09251e-05 0.00407571 -0.000487267 -0.00613123 0.00711171 -0.0071198
internal_weight=4673.04 2149.41 2523.62 1407.92 630.839 1115.7 841.261 777.085 1908.54 196.082 1712.45 240.875 274.439 226.459
internal_count=22129 10078 12051 6557 2992 5494 4115 3565 8942 945 7997 1136 1379 1065
is_linear=0
shrinkage=0.02


Tree=231
num_leaves=15
num_cat=0
split_feature=4 3 6 3 1 1 1 1 6 6 6 6 7 3
split_gain=4.40753 11.4275 7.95623 5.31494 25.0921 23.8821 23.0586 14.0223 14.5772 9.86157 4.72194 4.98194 4.55064 4.23838
threshold=11.813083207946184 21.144999504089359 0.17242321322825663 13.444999694824221 1.0104248054653673 1.1038299234538151 0.93681447736914059 1.0087833393525627 2.4570013787670213 12.283812782236204 -6.4796523918327518 -2.580295149469364 0.33503386812784047 25.614999771118168
decision_type=2 2 2 2 2 2 2 2 2 2 2 2 2 2
left_child=1 10 12 4 6 -6 -2 9 -9 -5 -1 -12 -3 -4
right_child=3 2 13 7 5 -7 -8 8 -10 -11 11 -13 -14 -15
leaf_value=-0.014517257068110908 -0.00088392392968400198 -0.0063308527509593282 0.01768814703052644 -0.0018240931362754596 -0.0093249742943711383 0.012660642765899538 0.0086175785706979792 0.00066284656335877654 0.0074700101875962719 0.0015888405051899649 0.0022165613663865879 -0.0063854766453197596 0.0062895567673765035 0.0024948519741560043
leaf_weight=18.095007836818695 183.48219154775143 27.623613238334656 14.049623653292658 1831.901890784502 109.27983568608761 20.310874834656715 224.61547109484673 1533.0713661015034 133.20861028134823 411.98270303010941 33.89950031042099 101.31770004332066 14.098620429635046 14.970949225127695
leaf_count=85 861 128 70 8525 494 99 1098 7358 685 1953 164 466 69 74
internal_value=-4.64757e-05 -0.00275826 0.00374915 9.24824e-05 0.00194919 -0.00560324 0.00437855 -0.000164565 0.00122362 -0.00119576 -0.00577995 -0.00422719 -0.00188906 0.011102
internal_weight=4671.91 224.055 70.7428 4447.85 537.688 129.591 408.098 3910.16 1666.28 2243.88 153.312 135.217 41.7222 29.0206
internal_count=22129 1056 341 21073 2552 593 1959 18521 8043 10478 715 630 197 144
is_linear=0
shrinkage=0.02


Tree=232
num_leaves=9
num_cat=0
split_feature=5 0 3 5 3 3 3 3
split_gain=4.39474 5.03581 27.4608 14.711 13.8334 9.80116 26.4371 9.58776
threshold=0.61369473495398175 0.98289179695244655 22.615000724792484 2.3358949370714415 16.550000190734867 26.284999847412113 26.774999618530277 25.550000190734867
decision_type=2 2 2 2 2 2 2 2
left_child=-1 5 4 -4 -3 7 -7 -2
right_child=1 2 3 -5 -6 6 -8 -9
leaf_value=-0.0090092154417178664 -0.00044452829544060565 0.00066083233774511159 -0.0073962289044303339 0.0042342589088755749 0.0076348185227468283 0.018268750569798924 0.0010081599644971967 -0.0064841427022837199
leaf_weight=17.775136411190033 3424.6585428863764 215.37538449466228 156.17142419144511 56.726953513920307 239.13848449289799 34.815695837140083 422.21645361185074 104.51005427539349
leaf_count=88 15969 1012 778 328 1150 172 2154 478
internal_value=-4.52029e-05 -3.25577e-06 0.00159925 -0.00427634 0.00436473 -0.000272899 0.00247013 -0.000630519
internal_weight=4671.39 4653.61 667.412 212.898 454.514 3986.2 457.032 3529.17
internal_count=22129 22041 3268 1106 2162 18773 2326 16447
is_linear=0
shrinkage=0.02


Tree=233
num_leaves=9
num_cat=0
split_feature=0 5 4 1 5 6 0 3
split_gain=4.33188 6.03601 8.85581 7.76013 6.553 11.7412 10.8376 0.776595
threshold=0.56818063687639364 5.827843798816259 28.257950923400973 0.83026029988667338 4.0519237933488546 -7.953880981316102 0.74752458784445663 22.310000419616703
decision_type=2 2 2 2 2 2 2 2
left_child=-1 4 7 -4 6 -6 -2 -3
right_child=1 2 3 -5 5 -7 -8 -9
leaf_value=-0.0086624475458706406 0.0076928152772877279 0.0071933508005460845 0.0091659647867719154 -0.00802825254863203 0.0031349068043092627 -0.0060885745967885633 -3.4481470679997423e-05 0.018546132608179583
leaf_weight=19.213055834174156 69.854208186268806 12.802234485745432 14.655026808381079 20.036773987114429 77.54294391721487 171.58791944012046 4273.8345699086785 11.559700474143026
leaf_count=88 336 61 74 97 383 801 20222 67
internal_value=-4.41568e-05 -1.1502e-06 0.00614483 -0.00056813 -8.54525e-05 -0.00321356 9.67504e-05 0.0144361
internal_weight=4671.09 4651.87 59.0537 34.6918 4592.82 249.131 4343.69 24.3619
internal_count=22129 22041 299 171 21742 1184 20558 128
is_linear=0
shrinkage=0.02


Tree=234
num_leaves=15
num_cat=0
split_feature=4 4 3 3 7 7 2 0 3 3 7 1 0 0
split_gain=4.29519 9.18388 6.21314 8.7799 13.5395 9.06301 5.26064 5.04874 31.0368 19.4026 3.92496 9.88784 3.88082 1.09594
threshold=42.781597122249224 40.904997931434472 14.404999732971193 18.380000114440922 9.7286886328025908 6.6057077099116901 0.96291250833777087 0.95808116734326887 22.615000724792484 22.285000801086429 8.8409948576641337 0.88909546728390021 0.75754554979550714 0.92149460687955098
decision_type=2 2 2 2 2 2 2 2 2 2 2 2 2 2
left_child=1 7 6 4 -4 -5 12 9 -9 -1 11 -3 -2 -8
right_child=2 10 3 5 -6 -7 13 8 -10 -11 -12 -13 -14 -15
leaf_value=-0.0015818773897925704 0.005870316330784978 0.010150904002790156 0.0014566552917491119 -0.00051404832759065742 -0.014483084698182118 0.013469500700022506 0.006755116044861835 0.0024743949675128198 -0.0038251774104484828 0.0022516643502448054 -0.013822873409921362 -0.0080495879819420038 -0.0074920624860389676 0.014002211037205017
leaf_weight=2027.755537956953 14.057859525084497 12.16345229744911 61.276187628507614 45.061159864068031 28.178701460361481 27.169896140694618 40.497974500060081 1188.9210545122623 420.16047535464168 709.75231815129519 19.854431211948395 44.045993082225323 12.796254292130468 19.218651235103607
leaf_count=9397 70 59 289 234 125 138 202 5619 2110 3437 88 201 60 100
internal_value=-4.28827e-05 -0.000187501 0.00249559 0.000142807 -0.00396942 0.00517667 0.00668945 -6.38049e-05 0.000824056 -0.000586122 -0.00689966 -0.00369837 -0.000642807 0.00982007
internal_weight=4670.91 4422.65 248.257 161.686 89.4549 72.2311 86.5707 4346.59 1609.08 2737.51 76.0639 56.2094 26.8541 59.7166
internal_count=22129 20911 1218 786 414 372 432 20563 7729 12834 348 260 130 302
is_linear=0
shrinkage=0.02


Tree=235
num_leaves=13
num_cat=0
split_feature=3 6 2 7 7 3 7 3 0 3 7 3
split_gain=4.3372 6.79604 8.87095 6.26001 6.09569 4.72942 21.0505 17.2033 13.9 17.7935 11.1512 6.78269
threshold=30.654999732971195 -15.209843477547983 0.96064628093832594 -3.3215198894538056 -9.6929446616977177 24.710000038146976 0.97192838342499011 24.795000076293949 0.98289179695244655 22.855000495910648 7.3063271879926992 22.615000724792484
decision_type=2 2 2 2 2 2 2 2 2 2 2 2
left_child=5 4 -3 -4 -2 8 7 -7 9 -1 -8 -10
right_child=1 2 3 -5 -6 6 10 -9 11 -11 -12 -13
leaf_value=-0.00079127396037485711 0.0033788173036847216 -0.012099337900497229 0.0095730497441688239 0.0019011931475443374 -0.013901002267914077 -0.018735155020447942 -0.010244511476142817 0.0012372369230252938 0.0038856487388996236 0.0048416339769317591 0.0040241473842278063 -0.0038646273837457069
leaf_weight=3119.1366010159254 12.925629656761886 8.9488847404718381 71.886470787227154 102.68382799997926 13.523368351161478 13.976908087730406 132.71882349252701 424.32940237224102 461.99589666724205 237.69321817159653 23.858644753694534 46.819668814539909
leaf_count=14539 74 44 490 564 69 60 611 2024 2199 1123 116 216
internal_value=-4.19125e-05 0.00273973 0.00412021 0.00520407 -0.00612184 -0.000175189 -0.00182901 0.000436677 8.09456e-05 -0.000387127 -0.00802423 0.00314791
internal_weight=4670.5 209.968 183.519 174.57 26.449 4460.53 594.884 438.306 3865.65 3356.83 156.577 508.816
internal_count=22129 1241 1098 1054 143 20888 2811 2084 18077 15662 727 2415
is_linear=0
shrinkage=0.02


Tree=236
num_leaves=9
num_cat=0
split_feature=5 0 3 3 3 3 3 5
split_gain=4.30982 4.52027 26.5719 14.4816 18.7519 11.7041 10.6572 9.77646
threshold=0.61369473495398175 0.96602609843202292 22.615000724792484 22.285000801086429 22.500000000000004 29.98499965667725 19.23499965667725 1.798153181429732
decision_type=2 2 2 2 2 2 2 2
left_child=-1 3 7 6 -5 -4 -2 -3
right_child=1 2 5 4 -6 -7 -8 -9
leaf_value=-0.0089272093210776456 -0.0004497361538991192 0.0041827165698602939 -0.0061306820079322002 0.016973673690819324 0.0012955019996058114 0.0014569894513315846 -0.0035824056503560419 -5.1743990891478112e-05
leaf_weight=17.733063921332359 1953.5156701654196 628.35560648143291 240.44530254602432 27.791657045483589 794.14850991219282 119.88375117629766 555.15540453791618 332.76715467870235
leaf_count=88 9109 3006 1108 138 3861 717 2559 1543
internal_value=-4.16062e-05 -9.52197e-08 0.000987904 -0.000392808 0.00190525 -0.00361794 -0.00114758 0.00272249
internal_weight=4669.8 4652.06 1321.45 3330.61 821.94 360.329 2508.67 961.123
internal_count=22129 22041 6374 15667 3999 1825 11668 4549
is_linear=0
shrinkage=0.02


Tree=237
num_leaves=15
num_cat=0
split_feature=4 3 6 0 6 4 3 0 7 4 3 6 7 7
split_gain=4.26525 11.2864 7.56633 5.42126 6.85653 5.17526 21.188 20.8024 16.8064 9.75455 13.5392 12.3873 4.48284 4.18712
threshold=11.813083207946184 21.144999504089359 0.17242321322825663 0.95808116734326887 4.0782981505779974 18.406680754728004 24.935000419616703 0.86169086720946464 0.58889869507675607 24.567013306977703 28.410000801086429 -5.4115376952594163 0.33503386812784047 -1.229811835758722
decision_type=2 2 2 2 2 2 2 2 2 2 2 2 2 2
left_child=1 3 12 4 -1 6 7 -2 -8 10 -7 -11 -3 -5
right_child=5 2 -4 13 -6 9 8 -9 -10 11 -12 -13 -14 -15
leaf_value=-0.013128703406631678 0.012718124844015391 -0.0061728701874223671 0.010928369446659703 -0.0085104150490964234 0.0019332017829352365 -0.0023001020976116675 -0.00072615263145784747 0.0015808331365693548 -0.012483491257247341 0.003411306018756327 0.0048445247357873514 -0.0003541850455926833 0.0063571252011476878 0.00060585304523587727
leaf_weight=51.071604996919632 68.091777697205544 27.570050314068794 29.007526025176048 25.445404142141342 14.286563590168951 1186.4173829704523 157.79416697472334 999.22580067813396 66.648414105176926 462.31721898540854 112.73758107423782 1392.0465633198619 14.072449415922163 62.358361110091209
leaf_count=236 329 128 144 119 67 5478 779 4695 306 2266 612 6608 69 293
internal_value=-4.07011e-05 -0.00270981 0.00376061 -0.00571421 -0.00991472 9.59992e-05 0.00116023 0.00233619 -0.00437496 -0.000340854 -0.00166714 0.000589923 -0.00175251 -0.00229173
internal_weight=4669.09 223.812 70.65 153.162 65.3582 4445.28 1291.76 1067.32 224.443 3153.52 1299.15 1854.36 41.6425 87.8038
internal_count=22129 1056 341 715 303 21073 6109 5024 1085 14964 6090 8874 197 412
is_linear=0
shrinkage=0.02


Tree=238
num_leaves=9
num_cat=0
split_feature=3 2 6 5 4 5 4 1
split_gain=4.19211 4.72135 4.36936 12.2264 21.8309 18.8394 9.67672 9.96005
threshold=34.385000228881843 1.0213692218344039 5.6226682318084089 2.8706803019186036 19.315314241844046 1.9921265064564058 49.484402914788824 0.92717809870432966
decision_type=2 2 2 2 2 2 2 2
left_child=2 -2 6 5 -5 -4 7 -1
right_child=1 -3 3 4 -6 -7 -8 -9
leaf_value=-0.0052198071191443462 -0.0025927342658335862 0.01282860783669241 -0.0004334458343498381 0.0075603334424776238 -0.0043163098572656742 0.0055781655235420469 0.014378150376492741 -0.00028221326298276194
leaf_weight=168.14042173326015 10.959993675351145 16.872735574841499 459.47107493877411 73.19694497436285 311.46173006296158 376.97323913872242 13.50462870299816 3237.8948232978582
leaf_count=775 73 193 2164 353 1448 1800 76 15247
internal_value=-3.99219e-05 0.00719325 -8.94611e-05 0.000935633 -0.00200175 0.00228955 -0.000456183 -0.000531797
internal_weight=4668.48 27.8327 4640.64 1221.1 384.659 836.444 3419.54 3406.04
internal_count=22129 266 21863 5765 1801 3964 16098 16022
is_linear=0
shrinkage=0.02


Tree=239
num_leaves=13
num_cat=0
split_feature=4 4 5 7 5 0 5 5 7 5 2 7
split_gain=4.18974 8.81924 5.14423 7.9105 4.96061 5.43391 3.82836 7.68688 7.29019 5.50983 2.05652 1.13376
threshold=42.781597122249224 40.904997931434472 2.608408612456901 8.2059908395992363 0.61369473495398175 0.95808116734326887 0.87494590385919835 1.9921265064564058 6.3365205387337999 4.3971706572797453 0.98028059750855379 5.0123976743555012
decision_type=2 2 2 2 2 2 2 2 2 2 2 2
left_child=1 4 10 -4 -1 -6 11 8 -8 -9 -3 -2
right_child=6 2 3 -5 5 -7 7 9 -10 -11 -12 -13
leaf_value=-0.0098317618979418282 0.012951468413358449 -0.0033738393207308915 0.0099426010105978322 -0.0094096346299287377 -0.00055458374928443472 0.00091311681243387327 -0.0085341985701802014 0.0071241910880507657 0.0027393635607171978 -0.0012097265972116464 -0.01293477170769539 0.0032894656150224827
leaf_weight=16.682435691356659 12.685056611895563 16.549443185329437 13.226920500397684 12.590536579489706 2733.1249426193535 1594.1624938882887 42.968099430203438 92.674288980662823 41.971158653497696 45.698449298739433 33.632974609732628 11.975918486714361
leaf_count=83 66 76 65 57 12818 7662 198 465 205 226 150 58
internal_value=-3.86534e-05 -0.000181497 -0.0067617 0.000508746 -6.02582e-05 -1.35424e-05 0.00246991 0.00155602 -0.00309091 0.0044152 -0.0102636 0.00937331
internal_weight=4667.94 4419.97 75.9999 25.8175 4343.97 4327.29 247.973 223.312 84.9393 138.373 50.1824 24.661
internal_count=22129 20911 348 122 20563 20480 1218 1094 403 691 226 124
is_linear=0
shrinkage=0.02


Tree=240
num_leaves=10
num_cat=0
split_feature=4 5 3 5 0 5 4 5 0
split_gain=4.17273 4.79716 4.50263 7.59157 4.2137 5.69932 8.50237 6.39629 1.74114
threshold=10.754634089682572 1.1302855117977471 19.744999885559086 1.9109111668195127 0.56818063687639364 5.827843798816259 28.257950923400973 4.0519237933488546 0.96690877376228934
decision_type=2 2 2 2 2 2 2 2 2
left_child=1 -1 8 -4 -2 7 -7 -6 -3
right_child=4 2 3 -5 5 6 -8 -9 -10
leaf_value=0.0048520350414237882 -0.0084493728466683467 -0.012095369036551997 -0.0071102603460518445 0.0086475513595720057 0.00020025105128036229 0.014219890688236819 -0.00050544687067857036 -0.0030789461477997099 -0.0033719594432596589
leaf_weight=18.072402432560921 19.177563309669495 32.147322311997414 25.847964435815811 16.738850131630898 4231.0051230713725 24.263750664889812 34.648635052144527 248.09561829268932 17.67581307888031
leaf_count=86 88 154 120 84 20033 128 171 1181 84
internal_value=-3.80342e-05 -0.00380928 -0.00563419 -0.000705919 5.66545e-05 0.00010001 0.00607786 1.60325e-05 -0.00948115
internal_weight=4667.67 110.482 92.4099 42.5868 4557.19 4538.01 58.9124 4479.1 49.8231
internal_count=22129 528 442 204 21601 21513 299 21214 238
is_linear=0
shrinkage=0.02


Tree=241
num_leaves=9
num_cat=0
split_feature=7 6 7 0 5 0 0 5
split_gain=4.15934 8.97496 7.84018 5.85163 5.74082 3.72757 5.05667 2.19427
threshold=-21.245075645244849 -10.292613598277359 -12.371436814434405 0.56818063687639364 5.827843798816259 0.87196947395050461 0.93604454573914053 4.3971706572797453
decision_type=2 2 2 2 2 2 2 2
left_child=1 -1 5 -4 -5 7 -7 -2
right_child=2 -3 3 4 -6 6 -8 -9
leaf_value=0.014148567395461047 -0.016248108265977754 -0.0054293994169008651 -0.010347814123788638 4.5622995396501364e-06 0.0068724829464171348 0.0031782604863580572 -0.007506919365517806 -0.0040936243074613668
leaf_weight=19.628073576837778 13.857943043112757 12.71147647500038 17.631506159901619 4479.7064867392182 45.218663908541203 29.232302561402321 35.109958104789257 14.318457558751104
leaf_count=116 61 60 80 21207 226 141 171 67
internal_value=-3.73932e-05 0.00670262 -9.01579e-05 2.96646e-05 7.92043e-05 -0.00573072 -0.00275049 -0.0113483
internal_weight=4667.41 32.3396 4635.08 4542.56 4524.93 92.5187 64.3423 28.1764
internal_count=22129 176 21953 21513 21433 440 312 128
is_linear=0
shrinkage=0.02


Tree=242
num_leaves=11
num_cat=0
split_feature=3 0 7 1 0 7 3 3 3 7
split_gain=4.0641 4.76489 4.10979 10.0151 16.6854 7.39672 25.3773 12.2702 4.15949 1.30894
threshold=34.385000228881843 0.92821155005848222 -8.5713790874952647 1.1585574051141083 0.93665821918431591 -4.5996851509496146 17.204999923706058 19.23499965667725 16.295000076293949 -0.46308118952088739
decision_type=2 2 2 2 2 2 2 2 2 2
left_child=2 -2 3 4 -1 6 -4 -7 -5 -3
right_child=1 9 5 8 -6 7 -8 -9 -10 -11
leaf_value=-0.0011951122639088092 -0.0053335102982008942 0.014876757534005443 -0.0040321501503996701 0.0078044059008590752 -0.015534331968974567 0.00067295621288472141 0.0057291376586816826 -0.0016315374280652267 -0.00040253951748117357 0.0032370646746817796
leaf_weight=96.716166093945503 6.7538134008646038 12.213306207209829 157.76025721430779 27.351882815361023 45.435175150632858 2383.2349033355713 310.17143733799458 1504.0764289796352 114.83452308923006 8.7198862805962527
leaf_count=452 45 159 720 131 204 11201 1518 7071 566 62
internal_value=-3.69772e-05 0.00710136 -8.56561e-05 -0.0023981 -0.00607801 6.73766e-05 0.0024319 -0.000219458 0.00134655 0.0113253
internal_weight=4667.27 27.687 4639.58 284.338 142.151 4355.24 467.932 3887.31 142.186 20.9332
internal_count=22129 266 21863 1353 656 20510 2238 18272 697 221
is_linear=0
shrinkage=0.02


Tree=243
num_leaves=9
num_cat=0
split_feature=5 0 3 6 3 3 3 5
split_gain=4.06802 4.36314 14.2814 8.71025 5.39753 29.4668 14.4957 4.97239
threshold=0.61369473495398175 0.99694236670345004 24.244999885559086 -5.909334066152538 26.284999847412113 26.774999618530277 25.550000190734867 1.823137205623514
decision_type=2 2 2 2 2 2 2 2
left_child=-1 4 3 -3 6 -6 -2 -4
right_child=1 2 7 -5 5 -7 -8 -9
leaf_value=-0.0086928951508826215 -0.00018613900174486601 0.0016261636060565419 -0.0093015084395935282 0.010272023948252716 0.017727463772849204 0.00034643324846452076 -0.0071576439566550191 0.0001903986781262955
leaf_weight=17.613292142748833 3733.9952102899551 107.67018511891365 37.553859431296587 80.731065794825554 38.447967380285263 484.77323035895824 119.24934428930283 46.761563424021006
leaf_count=88 17444 506 185 394 190 2485 546 291
internal_value=-3.61644e-05 4.07578e-06 0.0024397 0.0054675 -0.000149788 0.00174845 -0.00040909 -0.00426708
internal_weight=4666.8 4649.18 272.717 188.401 4376.47 523.221 3853.24 84.3154
internal_count=22129 22041 1376 900 20665 2675 17990 476
is_linear=0
shrinkage=0.02


Tree=244
num_leaves=15
num_cat=0
split_feature=4 4 3 3 7 7 5 7 3 7 3 5 5 3
split_gain=4.05633 8.5302 6.0617 10.0085 14.5141 12.7744 4.96413 7.661 4.8582 16.1273 13.0428 4.31739 7.65175 1.52475
threshold=42.781597122249224 40.904997931434472 14.614999771118166 17.154999732971195 9.7286886328025908 6.4651704547279545 2.608408612456901 8.2059908395992363 14.734999656677248 -1.2817766816201781 18.170000076293949 0.87494590385919835 1.9552959171687854 13.894999980926515
decision_type=2 2 2 2 2 2 2 2 2 2 2 2 2 2
left_child=1 8 11 4 -4 -5 13 -8 9 -1 -10 -2 -13 -3
right_child=2 6 3 5 -6 -7 7 -9 10 -11 -12 12 -14 -15
leaf_value=-0.0051053812883182139 0.015087049745061379 -0.0029528047720203889 0.0012579892891177303 -0.0023179494841960783 -0.018360569680107904 0.012360265969972431 0.0097849667425810062 -0.0092716468830637416 0.0020713419445574539 0.00040561813059307911 -0.00057376520641974323 -0.0030742410791962304 0.0087483340414106856 -0.012034720000553938
leaf_weight=301.97294053435326 14.523411273956297 12.904227212071417 38.073770746588707 53.492215067148209 20.482180505990982 37.190392732620239 13.213151380419733 12.562186494469641 1114.5057789832354 692.86724682152271 2233.4668668657541 34.161390736699104 49.886400207877159 37.258840888738632
leaf_count=1384 77 59 178 273 89 187 65 57 5237 3263 10679 164 250 167
internal_value=-3.53613e-05 -0.000175909 0.00243376 -0.000135203 -0.00633958 0.00396969 -0.0066499 0.000499453 -5.66896e-05 -0.00128093 0.000308185 0.00617681 0.00402167 -0.010089
internal_weight=4666.56 4418.75 247.81 149.239 58.556 90.6826 75.9384 25.7753 4342.81 994.84 3347.97 98.5712 84.0478 50.1631
internal_count=22129 20911 1218 727 267 460 348 122 20563 4647 15916 491 414 226
is_linear=0
shrinkage=0.02


Tree=245
num_leaves=9
num_cat=0
split_feature=7 6 7 0 4 0 0 4
split_gain=4.03545 8.71262 7.53488 5.70843 6.26824 3.62762 4.86459 1.6296
threshold=-21.245075645244849 -10.292613598277359 -12.371436814434405 0.56818063687639364 27.7465996055608 0.87196947395050461 0.93604454573914053 30.678472282592786
decision_type=2 2 2 2 2 2 2 2
left_child=1 -1 5 -4 -5 7 -7 -2
right_child=2 -3 3 4 -6 6 -8 -9
leaf_value=0.013970265751737217 -0.0043204334709351791 -0.0053337456392543673 -0.010225764119306233 -0.00037660058734145785 0.0012922663503772789 0.0031335461738611031 -0.0073446493145097689 -0.015330234773506327
leaf_weight=19.541206054389477 13.742633789777758 12.715419724583624 17.602605193853378 3288.7924015112221 1235.0033704079688 29.230501219630241 35.131707210093737 14.402081012725828
leaf_count=116 65 60 80 15514 5919 141 171 63
internal_value=-3.47249e-05 0.00661179 -8.66537e-05 3.08337e-05 7.97418e-05 -0.00561663 -0.002681 -0.0111609
internal_weight=4666.16 32.2566 4633.91 4541.4 4523.8 92.5069 64.3622 28.1447
internal_count=22129 176 21953 21513 21433 440 312 128
is_linear=0
shrinkage=0.02


Tree=246
num_leaves=15
num_cat=0
split_feature=4 3 5 5 7 3 1 1 1 1 1 5 1 5
split_gain=4.00144 10.9167 9.24123 17.6385 9.75797 5.19042 24.1774 23.0751 22.0997 12.6448 13.4649 10.355 4.86957 7.14634
threshold=11.813083207946184 21.144999504089359 1.7186377557401407 0.95959099436953632 -2.2845789428876313 13.444999694824221 1.0104248054653673 1.1038299234538151 0.93681447736914059 1.0087833393525627 1.1011067056980977 1.0255891544794034 1.0163381995045639 1.9552959171687854
decision_type=2 2 2 2 2 2 2 2 2 2 2 2 2 2
left_child=1 2 3 -1 -4 6 8 -8 -2 11 -11 -7 13 -3
right_child=5 12 4 -5 -6 9 7 -9 -10 10 -12 -13 -14 -15
leaf_value=-0.018263649617403434 -0.00083574967160882367 0.0010899061131337379 0.0030072022469658957 0.0039621626585714456 -0.013997095906323765 -0.0052838140061768537 -0.0091489051951882967 0.012469873382272652 0.0084723980611413341 0.0023175465166148991 -0.0016262092227520887 -0.00068959659659536567 -0.0028308139759148088 0.016939893142923271
leaf_weight=14.046733945608137 183.2590963691473 28.958246946334839 15.614777758717535 64.562654450535774 58.616405293345451 213.51496104896069 109.09315545856953 20.29511533677578 224.32399299740791 1177.3023220598698 486.60319963470101 2028.1736662313342 26.234427757561207 15.406943693757055
leaf_count=61 861 137 78 305 271 997 494 99 1098 5632 2411 9481 125 79
internal_value=-3.44498e-05 -0.00262188 -0.0055815 -0.000701407 -0.0104493 9.79271e-05 0.00193398 -0.00548565 0.00431978 -0.000156228 0.00116308 -0.00113582 0.0037411 0.00753999
internal_weight=4666.01 223.44 152.841 78.6094 74.2312 4442.57 536.971 129.388 407.583 3905.59 1663.91 2241.69 70.5996 44.3652
internal_count=22129 1056 715 366 349 21073 2552 593 1959 18521 8043 10478 341 216
is_linear=0
shrinkage=0.02


Tree=247
num_leaves=11
num_cat=0
split_feature=3 0 6 5 7 7 2 0 3 6
split_gain=3.9685 4.66264 4.29028 11.0881 15.5057 14.8027 9.24369 6.927 6.91238 1.78794
threshold=34.385000228881843 0.92821155005848222 10.074550115621165 2.8538462532317008 8.0325609048914934 2.8674174005018025 0.9709749335295268 0.92506995315534357 12.765000343322756 -2.232699916521891
decision_type=2 2 2 2 2 2 2 2 2 2
left_child=2 -2 6 4 -4 -5 7 -1 -8 -3
right_child=1 9 3 5 -6 -7 8 -9 -10 -11
leaf_value=-0.0035054374475915534 -0.0052515438318583331 0.0035502471889915948 0.0019817335471237932 0.0048310718472492336 0.013560113056136677 -0.0045909994095639289 0.0039497472161925361 0.0097249072461727086 -0.00018475494737611782 0.016194452951025923
leaf_weight=429.17011578381062 6.7694742530584362 10.851176235824827 309.70337898284197 96.223362594842911 50.839533612132072 196.24622239172459 165.87492322921753 12.655722245573996 3377.3097417205572 9.9467195570468867
leaf_count=1979 45 117 1468 454 259 919 802 62 15920 104
internal_value=-3.38434e-05 0.00703348 -8.18745e-05 0.00141575 0.00374526 -0.00146775 -0.000328459 -0.00304261 1.30383e-05 0.0112342
internal_weight=4665.59 27.5674 4638.02 653.012 360.543 292.47 3985.01 441.826 3543.18 20.7979
internal_count=22129 266 21863 3100 1727 1373 18763 2041 16722 221
is_linear=0
shrinkage=0.02


Tree=248
num_leaves=9
num_cat=0
split_feature=5 4 5 0 4 7 1 3
split_gain=3.94867 4.62573 12.2644 11.3311 7.62877 7.37158 6.46317 4.39067
threshold=0.61369473495398175 27.7465996055608 5.537101053848084 0.99051247192863379 18.626492098475648 -5.1918708508459268 0.98844055770236394 17.579999923706058
decision_type=2 2 2 2 2 2 2 2
left_child=-1 2 4 5 -2 -3 -5 -4
right_child=1 3 7 6 -6 -7 -8 -9
leaf_value=-0.0085747869978932412 0.00049760745528507045 -0.0023350958732493063 0.0014658074923302625 -0.0042234222968991295 -0.0014296667745629396 0.0013412910314862829 0.010403744720262256 0.016914228190460116
leaf_weight=17.545220211148262 1560.1058903932571 277.10861065238714 12.323814764618875 12.224083855748175 1727.7135268040001 971.86201620846987 68.320111829787493 17.891349002718925
leaf_count=88 7375 1337 58 56 8124 4608 383 100
internal_value=-3.24746e-05 7.11989e-06 -0.000392308 0.00100215 -0.000515661 0.000520762 0.00808901 0.0115213
internal_weight=4665.09 4647.55 3318.03 1329.51 3287.82 1248.97 80.5442 30.2152
internal_count=22129 22041 15657 6384 15499 5945 439 158
is_linear=0
shrinkage=0.02


Tree=249
num_leaves=9
num_cat=0
split_feature=7 6 7 4 6 7 5 6
split_gain=3.93284 8.48745 7.19685 5.18047 13.0351 10.465 3.54965 3.44318
threshold=-21.245075645244849 -10.292613598277359 -12.371436814434405 27.7465996055608 -3.774775209943392 3.7264803398174209 4.3971706572797453 -17.70569158366126
decision_type=2 2 2 2 2 2 2 2
left_child=1 -1 6 4 -4 -5 7 -2
right_child=2 -3 3 5 -6 -7 -8 -9
leaf_value=0.013818457344341008 -0.013364492731816419 -0.0052471745597995317 -0.0023005236045471468 0.0030652168836434361 0.00044096185860142121 -0.0005925282598106754 0.0012522991383131551 -0.0038852575257987249
leaf_weight=19.46500862762332 23.428657576441765 12.719657123088835 988.46504342928529 585.79413766786456 2301.7793995738029 664.10238549113274 22.560801457613707 46.501525361090899
leaf_count=116 104 60 4630 2866 10893 3124 111 225
internal_value=-3.15822e-05 0.00653645 -8.28124e-05 3.203e-05 -0.000384437 0.00112607 -0.00548776 -0.00761234
internal_weight=4664.82 32.1847 4632.63 4540.14 3290.24 1249.9 92.491 69.9302
internal_count=22129 176 21953 21513 15523 5990 440 329
is_linear=0
shrinkage=0.02


Tree=250
num_leaves=12
num_cat=0
split_feature=0 4 6 0 4 1 3 5 4 5 1
split_gain=3.92738 6.14637 4.38493 13.4388 9.51369 9.55212 9.43688 3.92609 2.86046 2.0056 1.48315
threshold=1.0114235679137955 26.477556220622414 5.6226682318084089 0.93479988366753974 49.484402914788824 0.92717809870432966 19.804999351501468 1.527708442818515 15.211085224429914 2.5458908817379884 1.1715836099800685
decision_type=2 2 2 2 2 2 2 2 2 2 2
left_child=2 8 4 6 5 -1 -4 -5 -2 -10 -3
right_child=1 10 3 7 -6 -7 -8 -9 9 -11 -12
leaf_value=-0.0051543547446171022 0.0079306735489597362 0.016496620631260873 -0.001001960671394771 0.0025831103389544591 0.014206615215471832 -0.00031124163349679096 0.0029909342383139807 0.010196572334611303 -0.0046470183709092922 0.0032573618528022679 0.0042059301302182885
leaf_weight=167.74783839285374 12.15759241580963 11.79413351416588 770.86227807402611 48.760851234197617 13.547801841050385 3176.8421279713511 336.96214025467634 68.749257750809193 29.840443789958954 17.157402940094471 10.048625133931635
leaf_count=774 62 73 3606 234 79 15035 1620 346 146 89 65
internal_value=-3.10665e-05 0.00422877 -0.000109967 0.000912277 -0.00048361 -0.000560015 0.000218932 0.0072264 0.000630203 -0.00173223 0.0123685
internal_weight=4664.47 80.9982 4583.47 1225.33 3358.14 3344.59 1107.82 117.51 59.1554 46.9978 21.8428
internal_count=22129 435 21694 5806 15888 15809 5226 580 297 235 138
is_linear=0
shrinkage=0.02


Tree=251
num_leaves=13
num_cat=0
split_feature=4 5 7 5 3 3 7 0 7 3 7 5
split_gain=3.92071 4.65026 4.44979 12.6233 14.0331 11.4303 9.69877 13.3662 13.0335 4.30023 8.80784 7.22501
threshold=10.754634089682572 1.1302855117977471 2.9665148163169253 1.2119660696022672 19.314999580383304 14.684999942779543 2.01620415693893 0.91036386176426543 0.97192838342499011 19.744999885559086 -0.84952827055779412 1.9109111668195127
decision_type=2 2 2 2 2 2 2 2 2 2 2 2
left_child=1 -1 6 5 -5 -4 8 -8 -2 10 -3 -11
right_child=2 9 3 4 -6 -7 7 -9 -10 11 -12 -13
leaf_value=0.0048339039868114126 0.00062725138144668544 -0.017348812440168095 0.00036563792832216424 0.0014935135766164435 -0.0030345629212231444 -0.0098424618885258417 -0.0022182314547179224 0.0060635525169435382 -0.0032446753398605787 -0.0069362451324622623 -0.00097544383389467553 0.0084415683711597921
leaf_weight=18.053061902523041 2433.1838243044913 22.886097952723503 72.418400585651398 756.42046956717968 423.78966496884823 106.25053842365742 109.88539123535156 250.46280939877033 401.63023034483194 25.79037407040596 26.699131742119789 16.742525696754456
leaf_count=86 11637 112 345 3561 2006 482 507 1205 1858 120 126 84
internal_value=-2.95739e-05 -0.00369024 6.21454e-05 -0.000894908 -0.000137185 -0.00578749 0.000469783 0.00354146 7.48864e-05 -0.00549242 -0.00926351 -0.000677669
internal_weight=4664.21 110.171 4554.04 1358.88 1180.21 178.669 3195.16 360.348 2834.81 92.1181 49.5852 42.5329
internal_count=22129 528 21601 6394 5567 827 15207 1712 13495 442 238 204
is_linear=0
shrinkage=0.02


Tree=252
num_leaves=9
num_cat=0
split_feature=5 0 3 5 3 3 3 3
split_gain=3.8531 4.14855 24.0519 13.8991 13.2675 8.80286 29.0838 27.4026
threshold=0.61369473495398175 0.98289179695244655 22.615000724792484 2.3358949370714415 16.550000190734867 22.855000495910648 22.615000724792484 23.539999961853031
decision_type=2 2 2 2 2 2 2 2
left_child=-1 5 4 -4 -3 6 -2 -7
right_child=1 2 3 -5 -6 7 -8 -9
leaf_value=-0.0084771471845709167 -0.00047696404846307505 0.00042879108841530853 -0.007083185145935221 0.0042457192692400263 0.0072593907491399394 0.01324263220900531 -0.015308013468306359 0.0004650955781930548
leaf_weight=17.497136279940605 3056.0349972099066 215.06227545440197 155.59266689792275 56.404316831380129 238.71682170033455 69.278080239892006 49.829612016677856 805.2347159832716
leaf_count=88 14269 1012 778 328 1150 336 220 3948
internal_value=-2.93672e-05 9.71121e-06 0.00146608 -0.00404619 0.00405416 -0.000235115 -0.000734293 0.00153301
internal_weight=4663.65 4646.15 665.776 211.997 453.779 3980.38 3105.86 874.513
internal_count=22129 22041 3268 1106 2162 18773 14489 4284
is_linear=0
shrinkage=0.02


Tree=253
num_leaves=12
num_cat=0
split_feature=3 2 6 7 4 4 0 6 6 3 7
split_gain=3.86633 6.77738 8.30165 9.76007 4.78394 5.75934 20.4862 12.4771 4.93572 5.84075 4.45892
threshold=30.654999732971195 0.96138301156432326 -8.9580287220300736 -4.4965462717034468 11.339207192441407 18.562289596305053 0.86169086720946464 -12.062758459806249 -6.2275768393392879 16.479999542236332 -7.7182811443275208
decision_type=2 2 2 2 2 2 2 2 2 2 2
left_child=4 -2 3 -3 8 6 -6 -7 -1 -10 -4
right_child=1 2 10 -5 5 7 -8 -9 9 -11 -12
leaf_value=-0.011871807175220649 -0.011445161605774731 0.0039408402554329067 -0.0018066252984137163 -0.011512819938229455 0.01065696712108141 0.0036034498952262017 0.00042405180279169434 -0.00092400932587301048 -0.0066203723610039761 0.0013945614850171808 0.007591426661706111
leaf_weight=20.161574795842171 9.1198260933160764 35.450848758220673 22.590763483196497 24.242254003882408 79.509302586317062 263.66400584578514 1251.29008500278 2697.259014159441 58.784743294119835 83.822305858135223 117.49380926415324
leaf_count=99 45 215 145 125 383 1253 5870 12610 278 395 711
internal_value=-2.88817e-05 0.00260423 0.00345766 -0.002664 -0.00015459 -2.54231e-05 0.00106553 -0.000516531 -0.00347803 -0.0019998 0.00606777
internal_weight=4663.39 208.898 199.778 59.6931 4454.49 4291.72 1330.8 2960.92 162.769 142.607 140.085
internal_count=22129 1241 1196 340 20888 20116 6253 13863 772 673 856
is_linear=0
shrinkage=0.02


Tree=254
num_leaves=15
num_cat=0
split_feature=4 4 3 3 6 6 2 6 6 3 1 3 6 5
split_gain=3.89011 8.29806 5.89138 9.57747 11.5718 5.8506 4.95315 7.68513 4.92883 4.67274 16.5079 12.7218 4.02891 1.44658
threshold=42.781597122249224 40.904997931434472 14.614999771118166 17.154999732971195 10.271368398731918 8.4299196285310085 0.97011545484113892 17.546862971924082 12.634708519118089 14.734999656677248 1.2068645499005688 18.170000076293949 1.421012602935928 0.87494590385919835
decision_type=2 2 2 2 2 2 2 2 2 2 2 2 2 2
left_child=1 9 6 5 -5 -4 7 -2 12 10 -1 -11 -3 -8
right_child=2 8 3 4 -6 -7 13 -9 -10 11 -12 -13 -14 -15
leaf_value=-0.0015854068605047065 -0.00931532689342442 -0.0025570311846928769 0.0030784438220873189 -0.0012653337182829982 0.013265370479161001 -0.010031556570989749 0.015320623460871062 0.0071408290438333237 0.0018482896603074536 0.0020508746911840335 0.018127975601421549 -0.00056218332995237365 -0.013636569236889396 0.0068189242237070083
leaf_weight=980.61153717339039 15.26141621172428 24.049377985298634 17.256070256233215 60.68739253282547 29.789831876754761 41.235066622495651 13.023108080029486 23.656426578760147 19.47960153222084 1114.0259286016226 13.306357011198996 2231.777181301266 32.30185304582119 46.491631597280502
leaf_count=4580 71 113 81 308 152 186 70 118 92 5237 67 10679 143 232
internal_value=-2.85877e-05 -0.000166222 0.00239143 -0.000143553 0.00387801 -0.00621436 0.00608368 0.000420884 -0.00655585 -4.86372e-05 -0.00124988 0.000309276 -0.00939096 0.00952697
internal_weight=4662.95 4415.55 247.401 148.968 90.4772 58.4911 98.4326 38.9178 75.8308 4339.72 993.918 3345.8 56.3512 59.5147
internal_count=22129 20911 1218 727 460 267 491 189 348 20563 4647 15916 256 302
is_linear=0
shrinkage=0.02


Tree=255
num_leaves=9
num_cat=0
split_feature=0 6 7 4 0 2 4 4
split_gain=3.83134 5.67011 5.57523 6.51327 5.95063 4.63628 7.26754 6.37956
threshold=0.56818063687639364 24.619896448867621 8.8409948576641337 39.728626597457989 0.73641273447073818 0.97143462377701906 18.885996801027943 24.567013306977703
decision_type=2 2 2 2 2 2 2 2
left_child=-1 5 3 -3 -4 6 -2 -7
right_child=1 2 4 -5 -6 7 -8 -9
leaf_value=-0.0081573320919765928 0.0016891235036349133 0.0040739827358601283 -0.005609320870781264 0.019140207431571032 0.0075140798731131225 -0.00043607344604401361 -0.0027042846024147786 0.0012670234989817389
leaf_weight=19.072676584124565 203.24782697856426 45.546674221754074 31.232357203960419 12.994607195258139 18.755921259522438 2391.9349324069917 553.50793950259686 1386.4047401696444
leaf_count=88 956 216 148 66 92 11294 2574 6695
internal_value=-2.75226e-05 1.28607e-05 0.00444766 0.00842855 -0.000493436 -9.70945e-05 -0.00152164 0.000189531
internal_weight=4662.7 4643.62 108.53 58.5413 49.9883 4535.1 756.756 3778.34
internal_count=22129 22041 522 282 240 21519 3530 17989
is_linear=0
shrinkage=0.02


Tree=256
num_leaves=13
num_cat=0
split_feature=6 0 4 4 7 0 3 3 4 0 2 0
split_gain=3.74764 12.1895 10.1712 9.30035 9.28271 6.90395 26.5016 19.3742 6.57932 3.05211 6.49015 0.028872
threshold=6.3006481082455936 0.93479988366753974 49.484402914788824 20.124683601239138 2.4979378886021251 0.95808116734326887 22.615000724792484 22.855000495910648 28.649091781659589 0.94721313219252867 1.0019700688757667 0.93906937591815098
decision_type=2 2 2 2 2 2 2 2 2 2 2 2
left_child=2 3 5 4 -2 7 -7 -1 -5 11 -11 -3
right_child=1 9 -4 8 -6 6 -8 -9 -10 10 -12 -13
leaf_value=-0.0024306082347906638 0.0060011302462931173 0.0071384059236323854 0.014641339719205382 -0.0028069256677025075 -0.004665888558432022 0.0020602219302887589 -0.0037642231275379946 0.0021156376696274369 0.00084252813767853984 -0.0038693923011354674 0.010174134443251348 0.01402652634206559
leaf_weight=1413.7844597399235 173.37920564413071 16.293547943234444 14.027013335376976 322.35979536920786 36.85483255982399 1194.7113819867373 418.72369400039315 506.30862724408507 497.52899973094463 20.747008085250854 25.586933750659227 22.316380314528942
leaf_count=6536 834 79 82 1501 169 5650 2105 2467 2361 97 137 111
internal_value=-2.66859e-05 0.000982598 -0.000344673 0.000367786 0.00407896 -0.000420651 0.000543073 -0.0012299 -0.000599007 0.00808663 0.00407807 0.0120627
internal_weight=4662.62 1115.07 3547.56 1030.12 210.234 3533.53 1613.44 1920.09 819.889 84.9439 46.3339 38.6099
internal_count=22129 5289 16840 4865 1003 16758 7755 9003 3862 424 234 190
is_linear=0
shrinkage=0.02


Tree=257
num_leaves=14
num_cat=0
split_feature=3 6 7 7 7 4 4 3 3 3 7 6 0
split_gain=3.75928 6.69925 5.71761 5.19856 6.02706 5.78153 4.61602 7.84298 6.80332 41.2526 24.8103 6.11016 4.97041
threshold=30.654999732971195 -15.209843477547983 -9.6929446616977177 -3.3215198894538056 -7.7182811443275208 13.66748576844577 11.813083207946184 21.144999504089359 19.23499965667725 19.920000076293949 -2.0451267494790728 0.17242321322825663 0.95808116734326887
decision_type=2 2 2 2 2 2 2 2 2 2 2 2 2
left_child=6 2 -2 4 -3 -5 7 12 10 -10 -8 -9 -1
right_child=1 3 -4 5 -6 -7 8 11 9 -11 -12 -13 -14
leaf_value=-0.0094432458618638748 0.0030760288091786622 0.00084168213475754817 -0.013747268660144238 0.011616954097311522 0.012268225543272669 -0.00089063892737809946 -0.0029032555023283976 -0.0022335590733745005 -0.0093745724404579386 0.00017934260190812944 0.0017344624363782363 0.0096325843901584867 -0.0021281415616067017
leaf_weight=64.834442868828773 12.77876999974251 30.951760482043028 13.505466815084217 13.450830064713953 44.185345057398081 93.838052291423082 599.18408313393593 39.152707144618034 202.01432427763939 1474.7176765799522 1960.4308473318815 25.609027996659279 87.500044107437134
leaf_count=303 74 204 69 73 306 515 2745 185 913 6940 9265 125 412
internal_value=-2.54749e-05 0.00257211 -0.0062422 0.00394877 0.00784167 0.00103862 -0.000149409 -0.00296666 -2.37366e-06 -0.000991294 0.000645976 0.00274611 -0.00540345
internal_weight=4662.15 208.71 26.2842 182.426 75.1371 107.289 4453.44 217.096 4236.35 1676.73 2559.61 64.7617 152.334
internal_count=22129 1241 143 1098 510 588 20888 1025 19863 7853 12010 310 715
is_linear=0
shrinkage=0.02


Tree=258
num_leaves=9
num_cat=0
split_feature=5 4 5 6 0 7 6 7
split_gain=3.76729 4.14476 11.74 12.1919 10.576 7.33206 3.949 3.02307
threshold=0.61369473495398175 27.7465996055608 5.537101053848084 -3.774775209943392 0.99051247192863379 -5.1918708508459268 -16.370224799037903 -5.1918708508459268
decision_type=2 2 2 2 2 2 2 2
left_child=-1 2 3 -2 5 -3 -6 -4
right_child=1 4 7 -5 6 -7 -8 -9
leaf_value=-0.0083871133740510521 -0.0023271073118276086 -0.0023585894442793454 0.016620523583879616 0.00031920869663068009 -0.00088408330167673061 0.0013097824428250535 0.0099224001531521677 0.0033896090274038609
leaf_weight=17.451369941234589 996.38870833441615 276.77596312388778 15.392769590020182 2289.0550104193389 16.102496657520533 971.29542887210846 64.148783940821886 14.714087221771477
leaf_count=88 4667 1337 86 10832 82 4608 357 72
internal_value=-2.4992e-05 1.36233e-05 -0.000364597 -0.000485203 0.000955937 0.000491337 0.00781504 0.0113101
internal_weight=4661.32 4643.87 3315.55 3285.44 1328.32 1248.07 80.2513 30.1069
internal_count=22129 22041 15657 15499 6384 5945 439 158
is_linear=0
shrinkage=0.02


Tree=259
num_leaves=9
num_cat=0
split_feature=2 0 5 1 0 4 3 0
split_gain=3.76646 5.10158 11.5524 7.2453 5.87141 9.1958 4.44288 4.43198
threshold=0.86624316858510697 0.74752458784445663 3.6356908942211734 0.88183152559084999 0.77928914647279435 20.684123535413764 12.765000343322756 0.68520161075507247
decision_type=2 2 2 2 2 2 2 2
left_child=-1 2 7 -4 5 -3 -6 -2
right_child=1 4 3 -5 6 -7 -8 -9
leaf_value=-0.008031554816640963 0.019487998448861947 0.0089446750178043318 -0.0046087016220608549 0.0089506694157430195 0.002726181315748622 -0.0083950996937344879 -0.0001468548844792209 0.0061858263495365188
leaf_weight=19.379346117377281 13.42345008254051 11.454937219619749 57.777340695261955 17.216564692556858 222.87697470188141 64.574000954627991 4214.9045667424798 39.437487185001373
leaf_count=88 68 56 271 87 1072 296 20001 190
internal_value=-2.41892e-05 1.61288e-05 0.00389393 -0.00120023 -9.70614e-05 -0.0054661 -2.38412e-07 0.0106971
internal_weight=4661.04 4641.67 127.855 74.9939 4513.81 76.0289 4437.78 52.8609
internal_count=22129 22041 616 358 21425 352 21073 258
is_linear=0
shrinkage=0.02


Tree=260
num_leaves=15
num_cat=0
split_feature=7 3 4 3 7 2 2 3 3 3 7 6 6 0
split_gain=3.81161 17.8298 14.3023 8.75178 15.5883 14.7815 10.4397 8.19023 11.3835 9.07792 7.40939 16.0678 12.0795 7.4002
threshold=0.97192838342499011 23.944999694824222 23.111015028167991 14.119999885559084 -1.5260849191490171 1.0057624092519815 1.0057624092519815 12.994999885559084 12.555000305175783 13.050000190734865 -8.5713790874952647 -5.2808562343534149 -6.4796523918327518 0.91870860998949633
decision_type=2 2 2 2 2 2 2 2 2 2 2 2 2 2
left_child=3 7 13 4 5 -1 -6 8 -2 -9 11 -5 -12 -3
right_child=1 2 -4 10 6 -7 -8 9 -10 -11 12 -13 -14 -15
leaf_value=-0.010176111857268098 -0.0011482161110277704 -0.0013036627765030679 0.00011515305881632498 0.0014441822799632032 0.005207279535669386 0.00059474556163669075 -0.0048254633665578573 -0.014866026928417209 0.0083786116303304868 -0.00029004111329737885 -0.0012142208559291501 -0.0088472567485445974 0.0024207650843453177 -0.012230183942503598
leaf_weight=124.68611590564251 94.43612776696682 33.233306303620338 98.890241697430611 173.44813174009323 125.16368612647057 83.689645320177078 57.460649162530899 13.268379822373388 101.00931042432785 1695.7259435355663 495.69945249333978 88.60419662296772 1368.3936808407307 107.2092612683773
leaf_count=564 446 156 479 865 603 390 268 58 499 7939 2351 421 6589 501
internal_value=-2.32763e-05 -0.000642385 -0.00574029 0.000504182 -0.00223128 -0.0059205 0.00201482 8.96213e-06 0.00384469 -0.000437656 0.00101048 -0.00211622 0.00145362 -0.00975231
internal_weight=4660.92 2143.77 239.333 2517.15 391 208.376 182.624 1904.44 195.445 1708.99 2126.15 262.052 1864.09 140.443
internal_count=22129 10078 1136 12051 1825 954 871 8942 945 7997 10226 1286 8940 657
is_linear=0
shrinkage=0.02


Tree=261
num_leaves=13
num_cat=0
split_feature=0 3 1 1 1 3 7 3 5 5 7 3
split_gain=3.74788 3.91665 25.594 24.0409 18.743 13.9522 15.6353 11.8639 3.62036 6.74301 6.17487 0.785842
threshold=1.0114235679137955 13.444999694824221 1.0104248054653673 1.1038299234538151 0.93681447736914059 14.119999885559084 2.7229668845085828 14.175000190734865 3.364076494609503 2.3219497593987399 -0.18456414373626187 18.704999923706058
decision_type=2 2 2 2 2 2 2 2 2 2 2 2
left_child=1 2 4 -4 -1 6 -3 -7 9 10 -2 -11
right_child=8 5 3 -5 -6 7 -8 -9 -10 11 -12 -13
leaf_value=-0.00091705641068889053 -0.0056079357428810862 -0.0074958710898414176 -0.0094432676815710079 0.012953180451806821 0.0075389829769240404 0.013975908333305073 0.0019747829049497991 -6.8446274504787582e-05 -0.0038705144220582527 0.0057516804883116649 0.0082141839472772843 0.017574281706690672
leaf_weight=183.30865299701691 22.490448605269194 206.50407093763351 116.20891267061234 19.20339360833168 238.53855946660042 20.216878101229668 102.16192027926445 3693.1876767016947 15.334798745810984 9.0638737082481402 21.367484003305435 12.572449773550032
leaf_count=862 117 943 529 94 1167 100 487 17512 80 44 107 87
internal_value=-2.34527e-05 -0.000100529 0.00146477 -0.00598661 0.00389041 -0.000318641 -0.00437612 2.29714e-05 0.00414208 0.00613295 0.00124988 0.0142918
internal_weight=4660.16 4579.33 557.26 135.412 421.847 4022.07 308.666 3713.4 80.8291 65.4943 43.8579 21.6363
internal_count=22129 21694 2652 623 2029 19042 1430 17612 435 355 224 131
is_linear=0
shrinkage=0.02


Tree=262
num_leaves=9
num_cat=0
split_feature=0 6 4 4 0 3 3 5
split_gain=3.70974 5.37739 8.95 8.1262 7.13067 15.2547 8.09977 0.275298
threshold=0.56818063687639364 12.283812782236204 16.95031470609548 38.323564627720422 0.92083940863157598 22.285000801086429 21.659999847412113 3.0176292103495395
decision_type=2 2 2 2 2 2 2 2
left_child=-1 4 7 -4 5 -2 -6 -3
right_child=1 2 3 -5 6 -7 -8 -9
leaf_value=-0.0080289464818644341 -0.0027080752358918611 0.0068287195116517874 -0.00065826563267466093 0.0049915506509882772 0.0010595262122598643 0.0021473445461230355 -0.0012506293403464434 0.015444355017894523
leaf_weight=19.033024966716766 972.80929346382618 14.289759859442713 293.37314996123314 151.34001404047012 1975.3492133170366 348.76665467768908 871.85158821940422 12.990630403161047
leaf_count=88 4493 69 1381 736 9300 1687 4310 65
internal_value=-2.22873e-05 1.74362e-05 0.00203142 0.00129178 -0.000212318 -0.00142411 0.000351363 0.0123817
internal_weight=4659.8 4640.77 471.994 444.713 4168.78 1321.58 2847.2 27.2804
internal_count=22129 22041 2251 2117 19790 6180 13610 134
is_linear=0
shrinkage=0.02


Tree=263
num_leaves=15
num_cat=0
split_feature=7 3 3 7 6 7 6 5 1 7 3 7 3 6
split_gain=3.7834 17.1 8.49517 25.659 22.4819 24.6748 20.1626 15.2571 13.7463 8.19714 7.73409 11.2334 8.8595 5.74742
threshold=0.97192838342499011 23.944999694824222 19.920000076293949 -1.1340278684599299 2.1339742326517146 -0.94629594024372032 4.9065322199332693 3.9019259704076275 1.2217496471219385 9.7286886328025908 12.994999885559084 4.2646149901598083 13.050000190734865 9.8645516470647134
decision_type=2 2 2 2 2 2 2 2 2 2 2 2 2 2
left_child=2 10 3 8 5 -4 -5 -6 -1 13 11 -2 -12 -3
right_child=1 9 4 6 7 -7 -8 -9 -10 -11 12 -13 -14 -15
leaf_value=-0.0031003032900362355 0.0078967048569472207 -0.0079370560034848301 0.001905244365858452 0.005000627010487581 0.0085032865083849024 -0.0065542238325908431 -0.004460505374639703 -0.0053940087515679603 0.0097876515323608391 0.0075571612444303915 -0.014696036713349915 -0.0016199362856093268 -0.0002888690838753815 0.00081200723672018654
leaf_weight=850.10884521901608 108.66692493855953 189.9620696157217 669.69686002656817 411.72296662628651 239.69688413664699 169.42640395835042 111.66494281589985 33.537883199751377 30.615477427840233 14.35946151614189 13.250036403536795 86.593064621090889 1695.5532491058111 34.706716097891331
leaf_count=3915 537 900 3331 1979 1218 784 513 161 150 71 58 408 7939 165
internal_value=-2.15371e-05 -0.000638457 0.000504027 -0.000529958 0.00180643 0.000174211 0.00296357 0.00674427 -0.00261007 -0.00563437 -7.93002e-07 0.00372851 -0.000434642 -0.00659494
internal_weight=4659.56 2143.09 2516.47 1404.11 1112.36 839.123 523.388 273.235 880.724 239.028 1904.06 195.26 1708.8 224.669
internal_count=22129 10078 12051 6557 5494 4115 2492 1379 4065 1136 8942 945 7997 1065
is_linear=0
shrinkage=0.02


Tree=264
num_leaves=7
num_cat=0
split_feature=3 2 5 4 5 0
split_gain=3.72149 4.69448 3.66914 4.05459 10.8075 9.34819
threshold=34.385000228881843 1.0352787472827529 0.61369473495398175 27.7465996055608 5.537101053848084 0.99051247192863379
decision_type=2 2 2 2 2 2
left_child=2 -2 -1 4 -4 -5
right_child=1 -3 3 5 -6 -7
leaf_value=-0.0083268898562911461 -0.001541895368845033 0.013683697143579516 -0.00051927940004116197 0.00047914511723413261 0.010922720186893942 0.0075483227435227977
leaf_weight=17.415146693587303 13.623137503862383 13.653136759996412 3265.8445609882474 1242.8857606723905 29.362263388931751 75.676711387932301
leaf_count=88 96 170 15342 5902 151 380
internal_value=-2.11532e-05 0.00685463 -6.75298e-05 -2.91681e-05 -0.000404205 0.000906471
internal_weight=4658.46 27.2763 4631.18 4613.77 3295.21 1318.56
internal_count=22129 266 21863 21775 15493 6282
is_linear=0
shrinkage=0.02


Tree=265
num_leaves=15
num_cat=0
split_feature=7 7 6 7 0 6 1 7 6 6 4 1 0 7
split_gain=3.65247 8.31846 13.0814 10.1039 12.8969 10.0932 6.04909 5.35878 12.3729 10.9332 19.1626 13.3895 7.87142 7.3506
threshold=0.97192838342499011 1.9210201740223023 5.6226682318084089 2.9665148163169253 0.91036386176426543 -5.5419901265720322 1.0283282990584364 -8.1300048713967232 -11.761721060331775 -6.4796523918327518 27.4883161052168 1.0851273565387551 0.93538754535844848 -21.245075645244849
decision_type=2 2 2 2 2 2 2 2 2 2 2 2 2 2
left_child=7 2 5 4 -3 -2 -5 8 13 10 -9 -11 -10 -1
right_child=1 3 -4 6 -6 -7 -8 9 12 11 -12 -13 -14 -15
leaf_value=0.013303086155249649 0.0024129483503443042 -0.0026625933467871949 0.0031046520344580513 -0.0011332977489503151 0.0050453525761919339 -0.0071936048922382366 0.0058458403084117655 -0.0037528110165767421 -0.0014483831396028279 0.0012664923948249513 0.004713769730346937 0.009817296073023488 -0.009390793658077488 0.0007697265737664098
leaf_weight=19.059559386223555 51.651906177401543 121.7674352824688 92.854854144155979 1315.6279242783785 281.65129578113556 231.33305897563696 47.686499819159508 410.59925119206309 118.4913886860013 1567.0800034254789 140.3429055288434 73.00009847804904 84.531799510121346 102.46283948048949
leaf_count=115 243 561 438 6187 1353 1059 237 1915 563 7460 690 402 414 492
internal_value=-2.0345e-05 -0.000626554 -0.00331168 -4.91527e-05 0.0027155 -0.00543097 -0.000872791 0.000496154 -0.00188737 0.00085201 -0.00157767 0.00167005 -0.00487288 0.00309674
internal_weight=4658.14 2142.57 375.84 1766.73 403.419 282.985 1363.31 2515.57 324.546 2191.02 550.942 1640.08 203.023 121.522
internal_count=22129 10078 1740 8338 1914 1302 6424 12051 1584 10467 2605 7862 977 607
is_linear=0
shrinkage=0.02


Tree=266
num_leaves=9
num_cat=0
split_feature=0 6 7 3 4 3 1 3
split_gain=3.63537 5.21704 5.40381 7.04964 6.23642 4.49795 15.0061 8.2747
threshold=0.56818063687639364 24.619896448867621 8.8409948576641337 15.38000011444092 39.728626597457989 12.765000343322756 1.0180437639142621 16.105000495910648
decision_type=2 2 2 2 2 2 2 2
left_child=-1 5 4 -4 -3 6 -2 -7
right_child=1 2 3 -5 -6 7 -8 -9
leaf_value=-0.007950551416627219 0.0054380124126908813 0.0039383243144986016 0.0066444906541306041 -0.0073145074427908843 0.018673011727363527 -0.0014893420027341207 -0.006499298568600799 0.00037902037977577841
leaf_weight=19.004245400428772 173.85581061244011 45.550890028476715 24.113091617822647 25.851893678307533 12.990590021014212 1403.7429509162903 51.525988280773163 2901.0483983568847
leaf_count=88 849 216 120 120 66 6543 237 13890
internal_value=-1.95797e-05 1.97348e-05 0.00427405 -0.000584726 0.00819317 -8.5845e-05 0.0026432 -0.000231048
internal_weight=4657.68 4638.68 108.506 49.965 58.5415 4530.17 225.382 4304.79
internal_count=22129 22041 522 240 282 21519 1086 20433
is_linear=0
shrinkage=0.02


Tree=267
num_leaves=14
num_cat=0
split_feature=3 6 7 7 4 7 4 4 0 6 1 7 6
split_gain=3.59646 6.61323 5.60818 6.43818 5.74179 4.9226 4.48247 5.54769 20.8824 11.3434 5.17284 7.72991 1.56753
threshold=30.654999732971195 -13.8375830059405 -3.3215198894538056 -7.7182811443275208 13.66748576844577 -9.6929446616977177 11.339207192441407 18.406680754728004 0.86169086720946464 -12.062758459806249 0.97488502039864111 0.33503386812784047 2.4570013787670213
decision_type=2 2 2 2 2 2 2 2 2 2 2 2 2
left_child=6 5 3 -3 -4 -2 10 8 -8 -9 12 -12 -1
right_child=1 2 4 -5 -6 -7 7 9 -10 -11 11 -13 -14
leaf_value=-0.014864463847475248 0.003245205935762348 0.00082022137634495411 0.011513918164531099 0.012810553229043439 -0.00098474603375956252 -0.01157553271702742 0.011064426197111484 0.0034325859836059382 0.00043130270201436726 -0.00087309617269276771 -0.0041863211289265801 0.0067040603537942313 -0.004183926610194174
leaf_weight=13.67769303917885 13.000154491513969 30.127070818096399 13.401672624051569 42.383643578737974 91.750041645020247 17.408348195254803 74.675465077161789 264.88578256964684 1218.8524121493101 2728.7258718907833 103.75680731236935 30.534855753183365 14.339713066816328
leaf_count=61 78 197 73 298 504 91 361 1260 5725 12770 497 148 66
internal_value=-1.89859e-05 0.00252566 0.00400889 0.00813209 0.000971785 -0.00559873 -0.000140144 -1.51569e-05 0.00107737 -0.000488042 -0.00336171 -0.00158781 -0.0106037
internal_weight=4657.52 208.071 177.662 72.5107 105.152 30.4085 4449.45 4287.14 1293.53 2993.61 162.309 134.292 28.0174
internal_count=22129 1241 1072 495 577 169 20888 20116 6086 14030 772 645 127
is_linear=0
shrinkage=0.02


Tree=268
num_leaves=9
num_cat=0
split_feature=5 0 3 3 3 6 3 5
split_gain=3.59864 3.95053 23.564 12.6244 18.175 10.6252 9.5051 9.33752
threshold=0.61369473495398175 0.96602609843202292 22.615000724792484 22.285000801086429 22.500000000000004 2.5425822225854331 19.23499965667725 1.798153181429732
decision_type=2 2 2 2 2 2 2 2
left_child=-1 3 7 6 -5 -4 -2 -3
right_child=1 2 5 4 -6 -7 -8 -9
leaf_value=-0.0082100832868690181 -0.00039395280514620051 0.0040062031808180574 -0.0043784016012074715 0.016648322292749995 0.0011998528573227121 0.0082711439950259053 -0.0033561459478474534 -0.00013502970497831707
leaf_weight=17.352846339344978 1949.4881925135851 626.94709512591362 333.02831449732184 27.733776584267616 791.52705590799451 25.172233369201422 553.64022673666477 332.19972255825996
leaf_count=88 9109 3006 1677 138 3861 148 2559 1543
internal_value=-1.83724e-05 1.93106e-05 0.000944451 -0.000348208 0.00180117 -0.00340794 -0.00105344 0.00257729
internal_weight=4657.09 4639.74 1317.35 3322.39 819.261 358.201 2503.13 959.147
internal_count=22129 22041 6374 15667 3999 1825 11668 4549
is_linear=0
shrinkage=0.02


Tree=269
num_leaves=10
num_cat=0
split_feature=3 2 7 5 6 3 5 7 3
split_gain=3.56839 4.63856 3.76894 18.745 17.714 12.2756 7.79282 8.90512 6.25356
threshold=34.385000228881843 1.0352787472827529 -8.5713790874952647 2.0340348831979171 -6.4796523918327518 20.940000534057621 4.1175909327197129 10.41890694596435 27.520000457763675
decision_type=2 2 2 2 2 2 2 2 2
left_child=2 -2 3 5 -5 -1 8 -8 -4
right_child=1 -3 6 4 -6 -7 7 -9 -10
leaf_value=-0.025966638400847866 -0.0015916922417293395 0.013567136367318794 4.9880027897717377e-05 0.0038404399099623223 -0.0068103487456301626 -0.0012784495710900234 -0.0059186056517351177 0.0029618652949349824 0.0029003582841387698
leaf_weight=16.519461736083034 13.595778711140158 13.500353179872034 3793.2980540394783 153.53029183298349 99.513987943530083 13.978515475988386 162.39215125143528 59.177245140075684 331.06646484136581
leaf_count=68 96 170 17777 757 461 67 758 286 1689
internal_value=-1.77723e-05 0.00673468 -6.3074e-05 -0.00228066 -0.000388963 -0.0161113 8.35726e-05 -0.00353633 0.000281279
internal_weight=4656.57 27.0961 4629.48 283.542 253.044 30.498 4345.93 221.569 4124.36
internal_count=22129 266 21863 1353 1218 135 20510 1044 19466
is_linear=0
shrinkage=0.02


Tree=270
num_leaves=6
num_cat=0
split_feature=2 2 4 1 7
split_gain=3.5172 4.971 4.38892 4.57599 4.19485
threshold=0.86624316858510697 0.89316604305858982 45.704326798354963 0.80152133841905981 3.8477936279143496
decision_type=2 2 2 2 2
left_child=-1 -2 3 -3 -4
right_child=1 2 4 -5 -6
leaf_value=-0.0077644929213312409 0.0094876081188444237 -0.0068560816048033523 0.010203956296575774 -7.7059959912815083e-05 0.0016535762757542702
leaf_weight=19.325849190354347 18.083331048488617 36.192509844899178 24.808282282203436 4433.2349869348109 124.51481266319752
leaf_count=88 88 167 141 21038 607
internal_value=-1.77299e-05 2.12223e-05 -2.40179e-05 -0.000138037 0.00330327
internal_weight=4656.16 4636.83 4618.75 4469.43 149.323
internal_count=22129 22041 21953 21205 748
is_linear=0
shrinkage=0.02


Tree=271
num_leaves=13
num_cat=0
split_feature=4 5 6 5 3 5 1 5 6 6 3 6
split_gain=3.50057 17.8602 9.05431 6.62012 15.5905 11.6052 11.5132 6.5562 6.2605 5.8754 5.70681 3.73253
threshold=12.254068422924314 0.84188015143434292 -5.4115376952594163 0.82411312825004113 13.605000019073488 0.97421432345455794 0.98844055770236394 1.7795261814043675 7.9703761599237097 5.0023179069113644 16.355000495910648 1.3471208483322885
decision_type=2 2 2 2 2 2 2 2 2 2 2 2
left_child=1 -1 7 4 11 8 -6 -3 -5 -4 -7 -2
right_child=3 2 9 5 6 10 -8 -9 -10 -11 -12 -13
leaf_value=-0.021306421961315786 0.0051979755228947497 0.0022074602610650611 -0.00046424024844983719 -0.0036263189384211241 -0.0063761094647496967 -0.00078482178620683228 0.0071365439724267923 -0.013904932657487015 -0.016335304578001059 0.0089114244970934994 0.00077088756768672276 0.019748668907533393
leaf_weight=14.265164270997046 14.936908632516859 13.314641252160071 195.66998107731342 165.58096377551556 49.394595056772232 1477.9532999992371 43.801159858703613 28.073976293206215 13.782863944768904 26.907977759838104 2590.8700300268829 21.459630459547043
leaf_count=62 76 64 926 776 235 6892 220 135 60 133 12436 114
internal_value=-1.72613e-05 -0.00217619 -0.000839753 0.000121812 0.00450559 -1.60292e-05 7.05068e-06 -0.00898386 -0.00493796 0.000806518 0.000205578 0.0148831
internal_weight=4656.01 278.232 263.967 4377.78 129.592 4248.19 93.1958 41.3886 179.364 222.578 4068.82 36.3965
internal_count=22129 1320 1258 20809 645 20164 455 199 836 1059 19328 190
is_linear=0
shrinkage=0.02


Tree=272
num_leaves=13
num_cat=0
split_feature=0 6 5 7 6 0 5 5 7 3 5 3
split_gain=3.52824 4.09936 5.51776 4.10745 3.98184 12.3685 9.21951 8.17607 16.5731 13.6299 4.11358 1.01648
threshold=1.0114235679137955 -17.70569158366126 2.0418905653213089 -0.18456414373626187 5.6226682318084089 0.93426117931923836 2.8706803019186036 1.9921265064564058 -8.5713790874952647 25.835000038146976 1.527708442818515 17.579999923706058
decision_type=2 2 2 2 2 2 2 2 2 2 2 2
left_child=4 -2 3 -3 7 6 -6 8 -1 -9 -7 -4
right_child=1 2 11 -5 5 10 -8 9 -10 -11 -12 -13
leaf_value=-0.014104270038707924 -0.0053236242901290318 -0.0060178237141793782 0.0036403881990476937 0.0065069505808620209 0.0015064398429460335 0.0022090184922759284 -0.0023466310776251013 -0.0025773464907560841 0.00067768832935641689 0.0019925022248298771 0.0098159197033884735 0.01323942150756801
leaf_weight=26.851337820291519 12.472591251134871 17.592440236359835 9.8297532647848112 16.339389607310295 730.69160110503435 50.432187631726265 371.31248074024916 1155.7676084637642 1835.3597626909614 333.66943813860416 71.115770634263754 24.39464358985424
leaf_count=120 60 84 47 81 3460 242 1745 5335 8708 1725 359 163
internal_value=-1.72388e-05 0.00402922 0.00594103 6.34798e-05 -9.20069e-05 0.000882749 0.000204383 -0.000448479 0.000434772 -0.001551 0.00683063 0.0111519
internal_weight=4655.83 80.6288 68.1562 33.9318 4575.2 1223.55 1102 3351.65 1862.21 1489.44 121.548 34.2244
internal_count=22129 435 375 165 21694 5806 5205 15888 8828 7060 601 210
is_linear=0
shrinkage=0.02


Tree=273
num_leaves=10
num_cat=0
split_feature=5 5 4 5 7 5 4 7 2
split_gain=3.51111 4.69107 20.0982 9.92792 22.9932 7.72086 3.02056 2.73326 0.781284
threshold=0.67009664601016627 0.82411312825004113 17.169675915218431 0.97421432345455794 3.3365236544284156 1.0101176051466512 27.862997860926551 0.1821070363741242 0.99914951584637679
decision_type=2 2 2 2 2 2 2 2 2
left_child=6 2 8 4 -3 -5 -1 -4 -2
right_child=1 3 7 5 -6 -7 -8 -9 -10
leaf_value=8.3083172217522419e-05 -0.012262014363791415 -9.0168013222233402e-05 0.015791683674568485 0.007354759798830485 -0.015316901711267329 3.3020799201183415e-05 -0.010994105257908738 0.0064459474746199246 -0.0038952243650373303
leaf_weight=17.999992698431015 15.728257864713671 136.85235939919949 17.508229047060013 54.398577332496643 51.888069316744804 4268.9566635042429 17.580644026398659 61.574956193566322 12.64995528757572
leaf_count=89 72 651 90 264 229 20281 87 306 60
internal_value=-1.6737e-05 3.40543e-05 0.00408734 -6.60147e-05 -0.00450727 0.00013186 -0.00594816 0.00917567 -0.00947438
internal_weight=4655.14 4619.56 107.461 4512.1 188.74 4323.36 35.5806 79.0832 28.3782
internal_count=22129 21953 528 21425 880 20545 176 396 132
is_linear=0
shrinkage=0.02


Tree=274
num_leaves=14
num_cat=0
split_feature=4 4 3 6 6 5 5 6 5 4 4 6 6
split_gain=3.44498 8.08075 5.58411 8.72923 6.21537 5.08009 7.8489 4.65133 4.41693 4.92151 4.17409 3.85162 1.30149
threshold=42.781597122249224 40.904997931434472 14.404999732971193 -9.6723648241756752 10.271368398731918 0.87494590385919835 1.9552959171687854 12.634708519118089 0.67009664601016627 27.7465996055608 27.862997860926551 1.421012602935928 -17.70569158366126
decision_type=2 2 2 2 2 2 2 2 2 2 2 2 2
left_child=1 8 5 12 -5 -2 -7 11 10 -10 -1 -3 -4
right_child=2 7 3 4 -6 6 -8 -9 9 -11 -12 -13 -14
leaf_value=8.1723179218308017e-05 0.016340557877524808 -0.0025205169209901674 0.0038797917663400284 -0.006292075899211747 0.002015358615254956 -0.0038737221467587562 0.0088449397737738588 0.0017198656654485397 -0.00034297220727418673 0.001256493227724651 -0.013238504541400426 -0.013370426055494409 0.014584981902704207
leaf_weight=18.000074058771133 12.728892698884009 23.997317612171173 12.187510326504709 64.816908642649651 72.56874118745327 29.768062397837639 43.505779251456261 19.471130475401878 3299.7901157252491 999.15002240613103 15.607764318585394 32.228801369667053 11.134494278579949
leaf_count=89 69 113 72 301 349 143 220 92 15603 4794 77 143 64
internal_value=-1.66221e-05 -0.000146191 0.00226393 2.94628e-05 -0.00197112 0.00625244 0.00374483 -0.00645687 -3.00784e-05 2.95944e-05 -0.00685441 -0.00921464 0.0103777
internal_weight=4654.96 4408.25 246.71 160.708 137.386 86.0027 73.2738 75.6972 4332.55 4298.94 33.6078 56.2261 23.322
internal_count=22129 20911 1218 786 650 432 363 348 20563 20397 166 256 136
is_linear=0
shrinkage=0.02


Tree=275
num_leaves=15
num_cat=0
split_feature=7 3 4 1 3 7 1 2 3 3 3 1 2 7
split_gain=3.45648 16.8678 13.5786 8.24552 7.68432 14.2206 16.4054 9.80044 7.15837 11.0544 8.57197 7.15314 8.69546 8.47711
threshold=0.97192838342499011 23.944999694824222 23.111015028167991 0.99996576103422685 14.119999885559084 -1.5260849191490171 1.1352927958157684 1.0057624092519815 12.994999885559084 12.555000305175783 13.050000190734865 1.1038299234538151 1.0242803563646297 -4.5996851509496146
decision_type=2 2 2 2 2 2 2 2 2 2 2 2 2 2
left_child=4 8 -3 -4 5 6 -1 -7 9 -2 -10 13 -13 -6
right_child=1 2 3 -5 11 7 -8 -9 10 -11 -12 12 -14 -15
leaf_value=-0.0076466084502155316 -0.0012996272828051539 -0.0094914191660751875 -0.0033596463794196723 0.0089862423755255796 0.0044501874495381745 0.0050714853176660277 0.0089783799373284595 -0.0046535993565703492 -0.014430596205350322 0.0080944876678372048 -0.00024689509659225759 -0.0059250845978465775 0.00039333170338002417 0.0008564304214653762
leaf_weight=183.95080554485321 94.252284616231918 139.89545206725597 72.578139290213585 26.162512987852097 322.05617986619473 124.98058667778969 23.762674763798714 57.428899109363556 13.219435647130011 100.6997178196907 1694.5223004668951 115.18937060981989 322.20517865568399 1363.8200066536665
leaf_count=839 446 657 341 138 1552 603 115 268 58 499 7939 540 1646 6488
internal_value=-1.61322e-05 -0.000605988 -0.00557213 0.000134048 0.00048657 -0.00207972 -0.00561099 0.00197553 2.72491e-05 0.00361795 -0.000390154 0.000961116 -0.00130926 0.00155186
internal_weight=4654.72 2141.33 238.636 98.7407 2513.39 390.123 207.713 182.409 1902.69 194.952 1707.74 2123.27 437.395 1685.88
internal_count=22129 10078 1136 479 12051 1825 954 871 8942 945 7997 10226 2186 8040
is_linear=0
shrinkage=0.02


Tree=276
num_leaves=9
num_cat=0
split_feature=0 6 2 4 4 4 2 1
split_gain=3.46023 5.1109 4.5012 6.48781 5.65447 2.09627 7.14547 4.37149
threshold=0.56818063687639364 24.619896448867621 0.97143462377701906 18.885996801027943 24.567013306977703 43.963538321007725 0.93457405894055701 0.77381532363857619
decision_type=2 2 2 2 2 2 2 2
left_child=-1 2 3 -2 -4 6 -3 -7
right_child=1 5 4 -5 -6 7 -8 -9
leaf_value=-0.0077626575835475159 0.0015501982871097856 0.0079783792485464879 -0.00038903529075057523 -0.0026048418919721547 0.0012159110527920529 0.0016615026668443287 -0.0039478817921091303 0.01538298681166343
leaf_weight=18.950464233756065 202.87563556432724 36.200832858681679 2387.4014805033803 552.69322584569454 1383.7091200612485 21.828622579574585 36.645649313926697 13.738601192831991
leaf_count=88 956 174 11294 2574 6695 108 170 70
internal_value=-1.59948e-05 2.23432e-05 -8.2197e-05 -0.0014869 0.000200522 0.0042349 0.00208563 0.00798102
internal_weight=4654.04 4635.09 4526.68 755.569 3771.11 108.414 72.8465 35.5672
internal_count=22129 22041 21519 3530 17989 522 344 178
is_linear=0
shrinkage=0.02


Tree=277
num_leaves=12
num_cat=0
split_feature=0 4 6 0 5 4 1 5 4 5 1
split_gain=3.4003 5.5649 3.7958 12.0018 8.98694 8.58944 8.69258 3.91505 2.81349 1.84978 1.54525
threshold=1.0114235679137955 26.477556220622414 5.6226682318084089 0.93426117931923836 2.8706803019186036 49.484402914788824 0.92717809870432966 1.527708442818515 15.211085224429914 2.5458908817379884 1.1715836099800685
decision_type=2 2 2 2 2 2 2 2 2 2 2
left_child=2 8 5 4 -4 6 -1 -5 -2 -10 -3
right_child=1 10 3 7 -6 -7 -8 -9 9 -11 -12
leaf_value=-0.004897468034047405 0.0077947971286769528 0.015908816816601272 0.0014804680758026853 0.0022085909310184935 -0.0023245056191377946 0.013627741912555858 -0.000271680615690211 0.0096380998146030905 -0.0045913907956031414 0.003018589869231948 0.0037083448365279052
leaf_weight=167.31641176342964 12.124099858105181 11.643373690545561 730.44620247930288 50.411030344665051 371.13295356184244 13.284270584583281 3169.7191236428916 71.06904561072588 29.778718996793032 17.089468814432621 9.9139004126191121
leaf_count=774 62 73 3460 242 1745 79 15035 359 146 89 65
internal_value=-1.54512e-05 0.00395884 -8.88475e-05 0.000863055 0.000194763 -0.000436962 -0.0005092 0.00672373 0.000543769 -0.00179741 0.0117565
internal_weight=4653.93 80.5496 4573.38 1223.06 1101.58 3350.32 3337.04 121.48 58.9923 46.8682 21.5573
internal_count=22129 435 21694 5806 5205 15888 15809 601 297 235 138
is_linear=0
shrinkage=0.02


Tree=278
num_leaves=14
num_cat=0
split_feature=4 5 7 5 3 4 7 5 7 6 3 7 3
split_gain=3.3857 4.49665 4.07345 12.2909 12.5975 11.4753 9.29309 12.7785 11.7027 3.0097 4.86899 3.45916 2.04038
threshold=10.754634089682572 1.2848482100906058 2.9665148163169253 1.2119660696022672 18.640000343322757 21.279558980503467 2.01620415693893 3.5523155933948334 0.97192838342499011 -3.0719920853715217 19.744999885559086 -0.74832809513431264 15.864999771118166
decision_type=2 2 2 2 2 2 2 2 2 2 2 2 2
left_child=1 12 6 5 -5 -4 8 -8 -2 11 -11 -3 -1
right_child=2 9 3 4 -6 -7 7 -9 -10 10 -12 -13 -14
leaf_value=-0.0018002281253188595 0.00059826437000382959 -0.016228101521953912 0.0082470248480246353 0.0016275492543655801 -0.0025612717621351063 -0.0073940555976461713 0.0045015416797065406 -0.0097036056050436633 -0.003073952367455929 -0.0079413760855635111 0.0034087801692945481 -0.0021589553406185227 0.0079473824437655081
leaf_weight=14.930513232946398 2427.8187687695026 14.727202892303469 17.841703787446022 693.34264226257801 484.26801310107112 160.30466295778751 335.9543416723609 23.646146938204765 400.93103867024183 27.492698490619659 25.805600598454475 13.402283176779745 13.030950307846068
leaf_count=69 11637 75 87 3271 2296 740 1606 106 1858 130 124 67 63
internal_value=-1.43625e-05 -0.00342802 7.07562e-05 -0.000846016 -9.78559e-05 -0.00568086 0.00046116 0.00347098 7.41794e-05 -0.00573551 -0.00259161 -0.0106282 0.00316857
internal_weight=4653.5 109.389 4544.11 1355.76 1177.61 178.146 3188.35 359.6 2828.75 81.4278 53.2983 28.1295 27.9615
internal_count=22129 528 21601 6394 5567 827 15207 1712 13495 396 254 142 132
is_linear=0
shrinkage=0.02


Tree=279
num_leaves=9
num_cat=0
split_feature=5 0 4 1 6 5 0 5
split_gain=3.3388 3.74431 7.98861 15.5601 11.2001 4.62298 10.4529 6.44953
threshold=0.61369473495398175 0.98289179695244655 26.011188522971402 0.99444254880024541 -1.6935240400124896 0.97421432345455794 0.94443740849186886 2.3358949370714415
decision_type=2 2 2 2 2 2 2 2
left_child=-1 5 4 -4 -3 6 -2 -7
right_child=1 2 3 -5 -6 7 -8 -9
leaf_value=-0.0079344869006433612 0.0028852426675983886 -0.001452384738582134 -0.0065021331228995206 0.0086044003462053958 0.0054272102339653853 0.00066001642433304584 -0.0059712122801361678 -0.0010221730628603963
leaf_weight=17.194397121667862 78.347900927066803 391.11883955448866 31.742878168821335 120.41400212794542 120.48385385796428 2184.2718455307186 150.69467309117317 1558.7395321838558
leaf_count=88 377 1862 146 659 601 10311 706 7379
internal_value=-1.45038e-05 2.16867e-05 0.00140745 0.00536706 0.000197314 -0.000211068 -0.00294419 -4.08579e-05
internal_weight=4653.01 4635.81 663.76 152.157 511.603 3972.05 229.043 3743.01
internal_count=22129 22041 3268 805 2463 18773 1083 17690
is_linear=0
shrinkage=0.02


Tree=280
num_leaves=9
num_cat=0
split_feature=2 0 5 1 0 4 6 0
split_gain=3.34029 4.89438 10.9131 6.93232 5.5813 8.73837 4.91643 4.18331
threshold=0.86624316858510697 0.74752458784445663 3.6356908942211734 0.88183152559084999 0.77928914647279435 20.684123535413764 6.3006481082455936 0.68520161075507247
decision_type=2 2 2 2 2 2 2 2
left_child=-1 2 7 -4 5 -3 -6 -2
right_child=1 4 3 -5 6 -7 -8 -9
leaf_value=-0.0075695037645266061 0.018993845340413734 0.008730182915186074 -0.004472213597870426 0.0088146698066219713 -0.00033182407740065689 -0.008187673741866245 0.0013143985844149019 0.0060488675361042334
leaf_weight=19.290288984775543 13.39520253241062 11.429990693926809 57.646489650011063 17.127385370433331 3520.136893119663 64.408783882856369 909.8275005556643 39.383352726697922
leaf_count=88 68 56 271 87 16742 296 4331 190
internal_value=-1.43024e-05 2.36545e-05 0.00382628 -0.00113572 -8.72903e-05 -0.00532827 7.1584e-06 0.0104409
internal_weight=4652.65 4633.36 127.552 74.7739 4505.8 75.8388 4429.96 52.7786
internal_count=22129 22041 616 358 21425 352 21073 258
is_linear=0
shrinkage=0.02


Tree=281
num_leaves=12
num_cat=0
split_feature=4 4 6 7 7 5 7 7 7 2 2
split_gain=3.32 7.80192 4.99804 7.60293 5.29034 4.57872 7.17213 4.36327 7.43495 1.95035 1.9182
threshold=42.781597122249224 40.904997931434472 -9.6723648241756752 -6.4140763687263211 3.7921695106906044 2.608408612456901 8.2059908395992363 -21.245075645244849 -12.371436814434405 0.98028059750855379 1.0495633945030407
decision_type=2 2 2 2 2 2 2 2 2 2 2
left_child=1 7 10 -4 -5 9 -7 -1 -9 -3 -2
right_child=2 5 3 4 -6 6 -8 8 -10 -11 -12
leaf_value=0.0093502934863882864 0.01485182703001918 -0.0030258183151903113 -0.010755352589747564 0.013032304093040972 0.0013335478573845221 0.009522629295455276 -0.0089546836397701793 -0.0059245308850932469 4.7965002475959432e-05 -0.012247449377025259 0.0028050740039344026
leaf_weight=15.758883848786352 12.110082291066648 16.506673663854599 15.540290951728819 12.94546692073345 194.57976190745831 13.157766073942186 12.479381009936331 81.046963233500719 4233.6504536271095 33.470331221818924 11.27138740941882
leaf_count=84 70 76 73 68 940 65 57 383 20096 150 67
internal_value=-1.36167e-05 -0.000140814 0.00222639 0.00121327 0.00229596 -0.00634493 0.000533769 -2.67284e-05 -6.96054e-05 -0.00965162 0.0103026
internal_weight=4652.52 4406.07 246.447 223.066 207.525 75.6142 25.6371 4330.46 4314.7 49.977 23.3815
internal_count=22129 20911 1218 1081 1008 348 122 20563 20479 226 137
is_linear=0
shrinkage=0.02


Tree=282
num_leaves=12
num_cat=0
split_feature=4 5 7 6 1 5 5 7 5 4 4
split_gain=3.29453 17.2305 9.0321 13.8345 10.0878 6.35433 10.5812 9.86186 6.49186 7.28545 5.94569
threshold=12.254068422924314 0.84188015143434292 -1.3662296217312289 2.221061704449323 0.97411646726758561 0.82411312825004113 0.94762986452058728 3.394571094003505 0.61369473495398175 17.169675915218431 18.406680754728004
decision_type=2 2 2 2 2 2 2 2 2 2 2
left_child=1 -1 3 -3 -4 8 7 -7 -2 -10 -8
right_child=5 2 4 -5 -6 6 10 -9 9 -11 -12
leaf_value=-0.020907517379403402 -0.0064638014046145909 -0.0097375121047873752 -0.0061950209464669385 0.010034778316066917 0.0044171843052874353 -0.0018779826699521732 0.0013859076925802976 -0.013320989795420592 -0.0038062457098640336 0.0084977290725365036 -0.00030223764310349603
leaf_weight=14.247773453593252 15.766336694359778 69.218874052166939 44.354349732398987 14.107218533754347 135.89224051684141 105.15513099730015 1160.72995352 39.196587398648262 21.598532617092133 91.831208080053329 2940.2313843630254
leaf_count=62 81 327 205 71 655 498 5501 174 104 460 13991
internal_value=-1.31701e-05 -0.00210918 -0.00079565 -0.00608372 0.00172798 0.00012175 -1.31932e-05 -0.00526056 0.00442316 0.00610504 0.000176457
internal_weight=4652.33 277.82 263.573 83.3261 180.247 4374.51 4245.31 144.352 129.196 113.43 4100.96
internal_count=22129 1320 1258 398 860 20809 20164 672 645 564 19492
is_linear=0
shrinkage=0.02


Tree=283
num_leaves=13
num_cat=0
split_feature=4 4 5 7 7 5 5 2 6 7 7 2
split_gain=3.239 5.76203 7.05996 12.5859 4.42258 15.7767 8.3848 3.66426 3.03465 5.48029 4.6711 1.35646
threshold=43.389781007442217 40.45562690484558 2.5783658074383369 9.1323998314432142 -8.793002323611514 4.7674969647808902 4.0519237933488546 0.99185396939445569 -9.6723648241756752 -6.4140763687263211 3.9022811370281847 1.0495633945030407
decision_type=2 2 2 2 2 2 2 2 2 2 2 2
left_child=1 4 7 -4 5 -1 -6 -3 11 -10 -11 -2
right_child=8 2 3 -5 6 -7 -8 -9 9 10 -12 -13
leaf_value=-0.0050821602608674609 0.012875107726245434 -0.0032633239951839672 0.010907745970939494 -0.010326742610632883 0.00033736367061322009 0.0087581246953659722 -0.0039099066001760116 -0.012392064969842796 -0.0092526656352752128 0.012713226236918037 0.0014391931493279533 0.0022904000396803464
leaf_weight=187.0877399481833 10.761229470372202 39.214431554079056 23.054601863026619 15.136085316538809 3897.2850998658687 36.031834788620472 191.23126929625869 34.992129124701023 13.67933017387986 12.177421078085898 181.03790427744389 10.333455037325619
leaf_count=893 63 181 114 69 18490 186 907 158 65 64 877 62
internal_value=-1.35674e-05 -0.000134245 -0.00452523 0.00231073 -1.56915e-05 -0.00273219 0.00013508 -0.00798163 0.00229008 0.0014623 0.00239318 0.00888163
internal_weight=4652.02 4424.03 112.397 38.1907 4311.64 223.12 4088.52 74.2066 227.989 206.895 193.215 21.0947
internal_count=22129 20998 522 183 20476 1079 19397 339 1131 1006 941 125
is_linear=0
shrinkage=0.02


Tree=284
num_leaves=11
num_cat=0
split_feature=3 0 7 1 0 7 3 3 0 7
split_gain=3.35338 4.49529 3.43571 7.97578 15.6425 6.94269 21.8359 10.804 4.19193 1.37383
threshold=34.385000228881843 0.92821155005848222 -8.5713790874952647 1.1585574051141083 0.93665821918431591 -4.5996851509496146 17.204999923706058 19.314999580383304 0.87474828410425098 -0.46308118952088739
decision_type=2 2 2 2 2 2 2 2 2 2
left_child=2 -2 3 4 -1 6 -4 -7 -5 -3
right_child=1 9 5 8 -6 7 -8 -9 -10 -11
leaf_value=-0.00073987410841326151 -0.0054259998099029007 0.014459453980941644 -0.0036335357705183746 -0.004753101937450952 -0.014620329223339973 0.00063512728931119325 0.0054410585737617546 -0.0015354842261980225 0.0030554689917817986 0.0027663486997743058
leaf_weight=96.301970809698105 6.7040335945785072 11.611316582188014 157.04641629755497 32.516799829900265 45.356357231736183 2394.5868484228849 309.03339179605246 1481.259271286428 108.83612456917763 8.5044276975095237
leaf_count=452 45 159 720 158 204 11283 1518 6989 539 62
internal_value=-1.32082e-05 0.00656211 -5.69757e-05 -0.00217628 -0.00546359 8.30389e-05 0.00237846 -0.000195158 0.00117782 0.0107947
internal_weight=4651.76 26.8198 4624.94 283.011 141.658 4341.93 466.08 3875.85 141.353 20.1157
internal_count=22129 266 21863 1353 656 20510 2238 18272 697 221
is_linear=0
shrinkage=0.02


Tree=285
num_leaves=9
num_cat=0
split_feature=0 6 4 4 2 4 0 4
split_gain=3.27099 5.08631 8.39312 7.5206 6.80422 7.05084 6.46478 0.0184082
threshold=0.56818063687639364 12.283812782236204 16.95031470609548 38.323564627720422 0.97823248633147597 49.484402914788824 0.92631395236402503 15.384270259785334
decision_type=2 2 2 2 2 2 2 2
left_child=-1 4 7 -4 6 -6 -2 -3
right_child=1 2 3 -5 5 -7 -8 -9
leaf_value=-0.0075539355087296195 -0.002397064284215935 0.014234779541106591 -0.00060998436362364166 0.0048301641883864953 0.00011776172153389005 0.010724916940045664 0.0038429905931889143 0.0065367080280118997
leaf_weight=18.895501792430878 737.13848198950291 14.832163929939272 292.91628735512495 151.05526748299599 3333.3878719545901 21.258142534643412 69.366599962115288 12.393957793712614
leaf_count=88 3429 74 1381 736 15910 119 332 60
internal_value=-1.30155e-05 2.42348e-05 0.00198457 0.00126755 -0.000199441 0.000197671 -0.00184405 0.0120167
internal_weight=4651.24 4632.35 471.198 443.972 4161.15 3354.65 806.505 27.2261
internal_count=22129 22041 2251 2117 19790 16029 3761 134
is_linear=0
shrinkage=0.02


Tree=286
num_leaves=13
num_cat=0
split_feature=0 4 6 4 0 0 5 1 6 4 2 1
split_gain=3.24478 5.26976 3.54451 12.2868 12.7993 12.1475 11.1107 9.31204 7.21436 2.72601 2.73208 1.54262
threshold=1.0114235679137955 26.477556220622414 -1.7721455480719239 24.743782615645049 0.84170542168678331 0.93479988366753974 4.7674969647808902 1.0253798962330114 9.4714614498412999 15.211085224429914 1.0908592400349841 1.1715836099800685
decision_type=2 2 2 2 2 2 2 2 2 2 2 2
left_child=2 9 3 6 -5 8 -1 -7 -4 -2 -11 -3
right_child=1 11 5 4 -6 7 -8 -9 -10 10 -12 -13
leaf_value=-0.0023240081413833007 0.0076928362525994325 0.015624378989011856 -0.0017104016404709274 -0.010824353383608111 0.0021756088933364386 0.0011373878203435159 0.010663620633435032 0.0059560607467172202 0.00090977651015412733 -0.0048710132495872419 0.0045780636786079644 0.0035275584587100362
leaf_weight=1107.8206728473306 12.110144346952437 11.564254418015482 1061.7100265324116 28.026298105716705 574.93528065085411 891.8189235702157 23.088613130152225 192.44076407700777 690.83140873163939 32.003657717257738 14.838657405227421 9.8656033761799318
leaf_count=5183 62 73 4957 135 2792 4240 119 982 3286 153 82 65
internal_value=-1.22432e-05 0.00387399 -8.39162e-05 -0.000795309 0.001504 0.000351399 -0.0020222 0.00201138 -0.000677838 0.000552845 -0.00175306 0.0114862
internal_weight=4651.05 80.3823 4570.67 1733.87 602.962 2836.8 1130.91 1084.26 1752.54 58.9525 46.8423 21.4299
internal_count=22129 435 21694 8229 2927 13465 5302 5222 8243 297 235 138
is_linear=0
shrinkage=0.02


Tree=287
num_leaves=15
num_cat=0
split_feature=7 3 4 5 3 7 6 7 6 5 1 5 6 3
split_gain=3.25793 15.9835 13.0628 8.69521 7.3998 23.899 21.2984 23.3507 19.7217 14.3964 12.6957 7.16986 16.7861 14.0044
threshold=0.97192838342499011 23.944999694824222 23.111015028167991 1.3674812558292586 19.920000076293949 -1.1340278684599299 2.1339742326517146 -0.94629594024372032 4.9065322199332693 3.9019259704076275 1.2217496471219385 2.8706803019186036 5.6226682318084089 19.920000076293949
decision_type=2 2 2 2 2 2 2 2 2 2 2 2 2 2
left_child=4 11 -3 -4 5 10 7 -6 -7 -8 -1 12 -2 -13
right_child=1 2 3 -5 6 8 9 -9 -10 -11 -12 13 -14 -15
leaf_value=-0.0029699598391762778 -0.00097762291954503196 -0.0092755607096867403 -0.012444074191912647 0.0027551320850095536 0.0017916072989223137 0.0049008094155105807 0.0082219783408925724 -0.0064439132439533088 -0.0044591298500650106 -0.0052800618804004834 0.0094340276581866243 -0.0045505546302350361 0.003343020102675055 0.0045210394664677214
leaf_weight=848.57309921085835 958.6401457041502 139.49231984466314 14.145660154521464 84.428236316889524 667.95686345547438 411.2000130712986 238.87303425371647 169.21351304277778 111.59569630026817 33.525610480457544 30.510112971067429 286.67934672534466 570.45191435515881 85.374710142612457
leaf_count=3915 4476 657 64 415 3331 1979 1218 784 513 161 150 1332 2714 420
internal_value=-1.14371e-05 -0.000584416 -0.00542474 0.000173782 0.00047677 -0.000488789 0.00169407 0.000104271 0.00288415 0.00650784 -0.00249868 3.18189e-05 0.000638778 -0.00244296
internal_weight=4650.66 2139.21 238.066 98.5739 2511.45 1401.88 1109.57 837.17 522.796 272.399 879.083 1901.15 1529.09 372.054
internal_count=22129 10078 1136 479 12051 6557 5494 4115 2492 1379 4065 8942 7190 1752
is_linear=0
shrinkage=0.02


Tree=288
num_leaves=13
num_cat=0
split_feature=4 5 7 7 7 5 4 7 5 7 5 1
split_gain=3.23975 4.38428 3.99891 5.50123 3.90347 11.7854 11.2315 9.00046 12.1395 11.0651 7.51389 3.2202
threshold=10.754634089682572 1.1302855117977471 -0.94629594024372032 -0.46308118952088739 2.9665148163169253 1.2119660696022672 21.279558980503467 2.01620415693893 3.5523155933948334 0.97192838342499011 2.8390749047057846 1.0096965177460164
decision_type=2 2 2 2 2 2 2 2 2 2 2 2
left_child=1 -1 11 -4 7 6 -6 9 -9 -2 -7 -3
right_child=4 2 3 -5 5 10 -8 8 -10 -11 -12 -13
leaf_value=0.004909106769451734 0.00058300552362565167 -0.00081867292240651824 0.0087992429906096417 -0.0048900209194649592 0.0082129444300200593 0.00095021820202484191 -0.007260231382675628 0.0044212287192627979 -0.0094387997356845752 -0.0029887273163168534 -0.0025255465381298419 -0.013016296514725936
leaf_weight=17.981744825839996 2425.8876344785094 12.758577063679693 12.221852436661718 38.914190948009491 17.834331318736076 825.02174849435687 160.11741913855076 335.7196244224906 23.590311139822006 400.73253566771746 351.46108175814152 27.233818769454956
leaf_count=86 11637 63 61 184 87 3896 740 1606 106 1858 1671 134
internal_value=-1.14099e-05 -0.00335486 -0.00512339 -0.00121719 7.18193e-05 -0.000826089 -0.00556305 0.000454104 0.00341735 7.31298e-05 -9.31669e-05 -0.00955321
internal_weight=4649.47 109.11 91.1284 51.136 4540.36 1354.43 177.952 3185.93 359.31 2826.62 1176.48 39.9924
internal_count=22129 528 442 245 21601 6394 827 15207 1712 13495 5567 197
is_linear=0
shrinkage=0.02


Tree=289
num_leaves=15
num_cat=0
split_feature=3 7 3 7 5 3 0 3 5 6 7 0 4 7
split_gain=3.25133 17.5478 12.921 14.9868 12.7964 11.6616 11.3559 10.4618 14.5852 10.2214 7.81763 7.64007 4.88648 2.56516
threshold=13.444999694824221 -2.531618912906104 14.119999885559084 2.7229668845085828 2.699790021922853 14.175000190734865 0.92149460687955098 13.34500026702881 2.8888321031674105 -0.52582236584348674 0.97192838342499011 0.94971916956051328 27.4883161052168 -8.5713790874952647
decision_type=2 2 2 2 2 2 2 2 2 2 2 2 2 2
left_child=1 4 3 9 11 -4 -5 8 -3 -2 -7 -1 -9 -6
right_child=2 7 5 6 13 10 -8 12 -10 -11 -12 -13 -14 -15
leaf_value=-0.01806230248288785 -0.0025360416113863046 0.0034939520393853312 0.013911789346209609 -0.0036263124872812059 0.010145463911239678 0.00083281008328667076 0.0093370260498279664 0.0050210559795244259 -0.0075571786146136971 -0.011436879762814847 -0.0010031630754760584 -0.0041964993492346059 0.021778065293774317 -0.0010661354568969994
leaf_weight=28.652839243412018 103.9100626707077 384.44568054378033 20.354277685284615 58.071577206254005 12.496458247303964 2110.7499501593411 44.203640222549438 17.652527838945392 50.664149463176727 104.60349072515965 1648.6803138181567 37.307446002960205 12.464547410607336 14.805607765913008
leaf_count=127 485 1856 101 274 62 10175 215 84 233 470 7743 169 65 70
internal_value=-1.14122e-05 0.00141438 -0.000207268 -0.00410041 -0.00633151 0.000116838 0.00211703 0.0030079 0.00215004 -0.00713248 2.74423e-05 -0.0109081 0.0136965 0.00470624
internal_weight=4649.06 558.489 4090.57 310.789 93.2624 3779.78 102.275 465.227 435.11 208.514 3759.43 65.9603 30.1171 27.3021
internal_count=22129 2666 19463 1444 428 18019 489 2238 2089 955 17918 296 149 132
is_linear=0
shrinkage=0.02


Tree=290
num_leaves=9
num_cat=0
split_feature=3 2 6 3 3 3 5 0
split_gain=3.22116 4.48311 3.64506 10.122 12.4483 8.11681 7.53501 8.10695
threshold=34.385000228881843 1.0352787472827529 12.283812782236204 17.154999732971195 18.279999732971195 14.614999771118166 6.8535282536721596 0.81423809659909174
decision_type=2 2 2 2 2 2 2 2
left_child=2 -2 6 5 -5 -4 7 -1
right_child=1 -3 3 4 -6 -7 -8 -9
leaf_value=-0.0065980445187086333 -0.0016919896180717876 0.013282251781154655 0.0018827487484399327 0.014593999837283288 0.0023794814014496284 -0.0055110619235789228 0.011395047321994548 -0.00018378222223930596
leaf_weight=76.393688231706619 13.511871855705978 13.11150182969868 130.2653474509716 35.989069923758507 217.19225572049618 102.96219941973686 18.122070848941803 4040.9174220189452
leaf_count=351 96 170 627 179 1042 473 98 19093
internal_value=-1.09313e-05 0.0064542 -5.37215e-05 0.00157672 0.00431572 -0.00141926 -0.000246832 -0.000309082
internal_weight=4648.47 26.6234 4621.84 486.409 253.181 233.228 4135.43 4117.31
internal_count=22129 266 21863 2321 1221 1100 19542 19444
is_linear=0
shrinkage=0.02


Tree=291
num_leaves=12
num_cat=0
split_feature=0 4 6 0 4 1 4 0 4 2 1
split_gain=3.15555 5.08315 3.41305 11.3007 8.05092 7.98719 6.73233 3.54785 2.66219 2.61802 1.53322
threshold=1.0114235679137955 26.477556220622414 5.6226682318084089 0.93426117931923836 49.484402914788824 0.92717809870432966 18.248749779091749 0.94721313219252867 15.211085224429914 1.0908592400349841 1.1715836099800685
decision_type=2 2 2 2 2 2 2 2 2 2 2
left_child=2 8 4 6 5 -1 -4 -5 -2 -10 -3
right_child=1 10 3 7 -6 -7 -8 -9 9 -11 -12
leaf_value=-0.0046917184344996915 0.0076214623173812938 0.015441172608441663 0.0038276227499076223 0.0099196604753261069 0.01326860188193788 -0.00025315498794360465 -0.0004918829111192275 0.0029157636401532798 -0.0047689927392684898 0.0044855826698416128 0.0034243480515743527
leaf_weight=166.96362547576427 12.09746854379773 11.506228849291803 166.6001593619585 58.693908266723156 13.125753682106732 3166.4562227651477 933.57095475494862 62.555400393903255 31.987760186195374 14.813312422484158 9.8351360298693162
leaf_count=774 62 73 798 288 79 15035 4407 313 153 82 65
internal_value=-1.02005e-05 0.00382551 -8.08657e-05 0.000822395 -0.000411126 -0.00048083 0.000173721 0.0065147 0.000563599 -0.00171722 0.0113179
internal_weight=4648.21 80.2399 4567.97 1221.42 3346.55 3333.42 1100.17 121.249 58.8985 46.8011 21.3414
internal_count=22129 435 21694 5806 15888 15809 5205 601 297 235 138
is_linear=0
shrinkage=0.02


Tree=292
num_leaves=14
num_cat=0
split_feature=4 6 0 2 7 0 6 4 1 6 4 1 2
split_gain=3.16184 9.74895 9.02339 8.22394 8.01827 4.99421 9.21957 15.5467 12.665 6.80144 8.87519 7.03033 0.942763
threshold=12.254068422924314 5.0023179069113644 0.95808116734326887 0.99242127691552773 -1.3662296217312289 0.92083940863157598 -1.9238666206884578 24.743782615645049 1.0253798962330114 12.283812782236204 16.95031470609548 0.9316632493065119 0.98583176380981108
decision_type=2 2 2 2 2 2 2 2 2 2 2 2 2
left_child=1 2 3 -1 -4 9 7 -7 -8 11 -11 -2 -3
right_child=5 12 4 -5 -6 6 8 -9 -10 10 -12 -13 -14
leaf_value=-0.0031570723316194167 -0.0035613637909456246 0.0030654954338976315 -0.0076061712568127248 -0.01506933814940273 0.0024812994628285951 -0.0020133883281833729 0.00099069397453140605 0.0024783243654797234 0.0063057268138024536 0.012375236271820947 0.00066365907416914211 -0.00041930058516723693 0.011651394186977429
leaf_weight=62.353117376565933 419.8233834207058 12.352355659008028 39.103200629353523 35.818258032202721 113.31085656583309 887.73427237570286 1033.76260869205 467.14739179983735 213.5520864482969 23.497040778398514 452.38047282397747 872.56008376181126 14.479547545313833
leaf_count=294 1948 60 185 166 542 4158 4910 2308 1107 116 2154 4108 73
internal_value=-9.12168e-06 -0.00206399 -0.00332416 -0.00792312 -0.000235062 0.00012308 0.000679986 -0.000461962 0.00191793 -0.000696155 0.00134027 -0.00144782 0.00860928
internal_weight=4647.87 277.417 250.585 98.1714 152.414 4370.46 2602.2 1354.88 1247.31 1768.26 475.878 1292.38 26.8319
internal_count=22129 1320 1187 460 727 20809 12483 6466 6017 8326 2270 6056 133
is_linear=0
shrinkage=0.02


Tree=293
num_leaves=10
num_cat=0
split_feature=5 3 5 4 3 5 5 4 3
split_gain=3.22175 5.71559 4.25766 18.7213 9.05811 8.95962 7.41956 6.44492 2.19298
threshold=0.67009664601016627 13.795000076293947 0.82411312825004113 17.169675915218431 17.224999427795414 0.97421432345455794 1.0101176051466512 23.59933734666474 14.984999656677248
decision_type=2 2 2 2 2 2 2 2 2
left_child=1 -1 3 8 -5 7 -7 -4 -2
right_child=2 -3 5 4 -6 6 -8 -9 -10
leaf_value=0.0040814850724306666 -0.013396441849932795 -0.011165128199326092 -0.00071372728461592224 0.01282573565058579 -0.0018553030071815652 0.0072184572238163111 3.5637802929577065e-05 -0.0080684606423494769 -0.0019861345390633531
leaf_weight=13.029125139117239 15.693635419011118 22.3460883051157 99.637105420231819 56.765157625079155 21.968358099460602 54.311567716300488 4261.9904312361032 88.887093067169189 12.698310524225233
leaf_count=66 72 110 472 291 105 264 20281 408 60
internal_value=-8.80153e-06 -0.00570545 3.97999e-05 0.0039072 0.00883776 -5.5552e-05 0.000132618 -0.00427699 -0.00916863
internal_weight=4647.33 35.3752 4611.95 107.125 78.7335 4504.83 4316.3 188.524 28.3919
internal_count=22129 176 21953 528 396 21425 20545 880 132
is_linear=0
shrinkage=0.02


Tree=294
num_leaves=6
num_cat=0
split_feature=2 2 4 6 1
split_gain=3.14724 4.85603 3.689 5.22139 4.26695
threshold=0.86624316858510697 0.89316604305858982 45.704326798354963 -0.16326778051775623 0.80152133841905981
decision_type=2 2 2 2 2
left_child=-1 -2 4 -4 -3
right_child=1 2 3 -5 -6
leaf_value=-0.0073497453292378327 0.0093921826860181162 -0.0066206593454635554 0.011400373057732067 0.0013552054355370732 -6.2368920189622887e-05
leaf_weight=19.244293734431267 18.046006008982658 36.042413249611855 21.070235714316368 127.48225402832031 4425.2941659931093
leaf_count=88 88 167 124 624 21038
internal_value=-8.84539e-06 2.80009e-05 -1.67672e-05 0.00304155 -0.000121236
internal_weight=4647.18 4627.94 4609.89 148.552 4461.34
internal_count=22129 22041 21953 748 21205
is_linear=0
shrinkage=0.02


Tree=295
num_leaves=9
num_cat=0
split_feature=0 6 7 4 0 7 5 7
split_gain=3.12388 5.00809 5.16663 4.89485 4.66769 3.99322 16.8395 7.6039
threshold=0.56818063687639364 24.619896448867621 9.7286886328025908 37.617722059992339 0.73641273447073818 -8.5713790874952647 2.0340348831979171 -4.5996851509496146
decision_type=2 2 2 2 2 2 2 2
left_child=-1 5 3 -3 -4 6 -2 -7
right_child=1 2 4 -5 -6 7 -8 -9
leaf_value=-0.0073866815850063437 -0.015470361003706776 0.0031240744446715154 -0.0057294031503360631 0.014595986851806651 0.0065550898857314214 0.0024745433115105357 -0.00055818080048030099 -0.00022035326480281142
leaf_weight=18.841347843408585 30.483151383697987 42.169838264584541 27.904910549521446 21.831891462206841 16.27892778813839 467.07906138896942 251.977001093328 3770.465187901631
leaf_count=88 136 200 133 109 80 2278 1250 17855
internal_value=-8.52846e-06 2.78606e-05 0.00420209 0.00766569 -0.00103491 -7.5676e-05 -0.00236106 7.87425e-05
internal_weight=4647.03 4628.19 108.186 64.0017 44.1838 4520 282.46 4237.54
internal_count=22129 22041 522 309 213 21519 1386 20133
is_linear=0
shrinkage=0.02


Tree=296
num_leaves=14
num_cat=0
split_feature=3 1 1 2 1 3 6 3 3 1 1 0 0
split_gain=3.14051 23.4682 22.7041 18.1535 17.6496 12.3665 12.3361 12.2122 11.3059 8.47776 6.18696 19.0171 9.8867
threshold=13.444999694824221 1.0104248054653673 1.1038299234538151 1.0028502444423617 0.93681447736914059 14.119999885559084 -4.6630724821213603 12.519999980926515 14.175000190734865 1.0096965177460164 0.94913508001671631 0.92149460687955098 0.94861738247116423
decision_type=2 2 2 2 2 2 2 2 2 2 2 2 2
left_child=1 4 3 -3 7 10 -6 -1 -7 -10 11 -2 -12
right_child=5 2 -4 -5 6 8 -8 -9 9 -11 12 -13 -14
leaf_value=-0.0083161757570132944 -0.0048628135505479186 -0.019293800201933119 0.012211926840382286 -0.0030255136945886436 -0.0065024108845638685 0.013703664955034372 0.0086940396904110658 0.0025477713099549245 -0.00080267142643122228 0.0011119634994814162 -0.011012215079002326 0.014175609414375212 -0.002191185114438954
leaf_weight=56.810946390032768 77.427705124020576 40.377013981342316 20.388234704732895 76.794865146279335 20.765982419252396 20.338046014308929 217.05888168513775 125.86948052048683 2127.7945116981864 1630.1911826152354 85.71117576956749 24.273736238479614 123.2126671820879
leaf_count=259 361 179 100 357 96 101 1072 603 9986 7932 387 122 574
internal_value=-8.40361e-06 0.00139343 -0.00567123 -0.00908336 0.00373616 -0.000200903 0.00728153 -0.000936557 0.000116212 2.81847e-05 -0.0040106 4.56918e-05 -0.00594891
internal_weight=4647.01 558.065 137.56 117.172 420.505 4088.95 237.825 182.68 3778.32 3757.99 310.625 101.701 208.924
internal_count=22129 2666 636 536 2030 19463 1168 862 18019 17918 1444 483 961
is_linear=0
shrinkage=0.02


Tree=297
num_leaves=12
num_cat=0
split_feature=3 3 6 3 5 4 3 3 3 3 4
split_gain=3.1558 14.6793 11.9661 10.6233 8.61735 5.25855 5.00461 20.9744 17.8985 3.40536 1.89427
threshold=12.765000343322756 12.519999980926515 -3.9714063280270548 12.465000152587892 0.67009664601016627 18.562289596305053 16.105000495910648 18.170000076293949 15.864999771118166 12.555000305175783 27.862997860926551
decision_type=2 2 2 2 2 2 2 2 2 2 2
left_child=1 3 -3 5 10 -1 8 -8 -6 -4 -2
right_child=4 2 9 -5 6 -7 7 -9 -10 -11 -12
leaf_value=0.0056987262841490787 -0.0036254090213317558 -0.0066616610022313706 0.0032378504178892089 -0.012548327202687342 -0.00037176083150460617 -0.0023912352830082906 0.0036604267109899835 -0.00045540208676472517 -0.0087483236918707002 0.014431506154011509 -0.014241450986220936
leaf_weight=50.515883713960648 15.744425132870676 14.077278777956961 16.872911751270294 24.53670708835125 1330.1019403189421 74.617705553770065 625.50397591292858 2319.3522775731981 106.55250371992588 52.790809988975525 15.761196926236151
leaf_count=246 77 66 82 111 6235 351 2965 11163 483 272 78
internal_value=-8.30174e-06 0.002238 0.00873862 -0.00153192 -0.000129031 0.000950006 -4.94634e-05 0.000422602 -0.00101559 0.0120434 -0.00994236
internal_weight=4646.43 233.411 83.741 149.67 4413.02 125.134 4381.51 2944.86 1436.65 69.6637 31.5056
internal_count=22129 1128 420 708 21001 597 20846 14128 6718 354 155
is_linear=0
shrinkage=0.02


Tree=298
num_leaves=10
num_cat=0
split_feature=3 2 7 5 3 5 5 7 0
split_gain=3.08395 4.37502 3.55941 16.7545 11.6871 7.03759 6.62069 8.64842 7.9061
threshold=34.385000228881843 1.0352787472827529 -8.5713790874952647 2.0340348831979171 20.940000534057621 4.7674969647808902 4.1175909327197129 10.41890694596435 0.74752458784445663
decision_type=2 2 2 2 2 2 2 2 2
left_child=2 -2 3 4 -1 -5 8 -8 -4
right_child=1 -3 6 5 -6 -7 7 -9 -10
leaf_value=-0.024956949081728998 -0.0016887092919997126 0.013136904415956392 0.0066865974150208457 -0.0019830048272504114 -0.00094048430671384443 0.0064692705327068839 -0.0056061039993154848 0.0031511850634964771 0.00015467673407144563
leaf_weight=16.413861185312275 13.507089737802746 12.933249576017259 71.51044762134552 207.80252967774868 13.980409964919088 44.42424189299345 161.72397415339947 59.00518374145031 4044.8223654404283
leaf_count=68 96 170 345 990 67 228 758 286 19121
internal_value=-8.51291e-06 0.00633653 -5.02786e-05 -0.00220889 -0.0153042 -0.000416568 9.22912e-05 -0.00325069 0.000274533
internal_weight=4646.12 26.4403 4619.68 282.621 30.3943 252.227 4337.06 220.729 4116.33
internal_count=22129 266 21863 1353 135 1218 20510 1044 19466
is_linear=0
shrinkage=0.02


Tree=299
num_leaves=14
num_cat=0
split_feature=4 5 7 5 4 7 0 7 5 6 7 5 1
split_gain=3.04604 4.28219 3.66229 11.5004 10.8217 8.76978 11.7774 10.4208 7.06062 2.80643 3.24106 2.93954 1.32907
threshold=10.754634089682572 1.2848482100906058 2.9665148163169253 1.2119660696022672 21.279558980503467 2.01620415693893 0.91036386176426543 0.97192838342499011 2.8390749047057846 -3.0719920853715217 -0.74832809513431264 1.9109111668195127 1.0028170934860656
decision_type=2 2 2 2 2 2 2 2 2 2 2 2 2
left_child=1 12 5 4 -4 7 -7 -2 -5 10 -3 -11 -1
right_child=2 9 3 8 -6 6 -8 -9 -10 11 -12 -13 -14
leaf_value=0.0068878049858243744 0.0005614635501496061 -0.015752390278620351 0.0080459572315859079 0.00093752585769655758 -0.0071473228770613448 -0.0020441100087139059 0.0057425004555439509 -0.0029057010972631239 -0.0024338198286472336 -0.0071291259788261738 -0.0020844742492143104 0.0017588874320848087 -0.0010653661550500584
leaf_weight=13.559821113944055 2424.287824107334 14.444748491048815 17.826146766543388 824.57671001553535 159.91689942777157 109.60520692169666 249.39940176904202 400.5081635415554 350.92399601638317 24.055039763450623 13.37132006883621 29.059830114245415 14.346981450915335
leaf_count=65 11637 75 87 3896 740 507 1205 1858 1671 110 67 144 67
internal_value=-8.43887e-06 -0.00325437 7.22248e-05 -0.000797914 -0.00548002 0.000442606 0.0033689 6.64648e-05 -7.37676e-05 -0.00551764 -0.0102702 -0.00248376 0.00317808
internal_weight=4645.88 108.838 4537.04 1353.24 177.743 3183.8 359.005 2824.8 1175.5 80.9309 27.8161 53.1149 27.9068
internal_count=22129 528 21601 6394 827 15207 1712 13495 5567 396 142 254 132
is_linear=0
shrinkage=0.02


Tree=300
num_leaves=14
num_cat=0
split_feature=6 1 7 0 4 7 7 7 7 4 7 7 6
split_gain=3.04213 8.70844 11.0923 10.6968 8.22501 5.90797 5.65091 8.11883 5.15946 9.16005 5.57762 2.57893 3.4588
threshold=10.074550115621165 0.92717809870432966 7.134095639024741 0.89471437069128446 20.124683601239138 1.7858499206930796 10.038505511124344 7.8421800703817643 13.956915369867771 47.710586257982392 8.0325609048914934 2.8674174005018025 13.622417477189577
decision_type=2 2 2 2 2 2 2 2 2 2 2 2 2
left_child=1 2 5 -4 11 -1 7 -3 10 -10 -6 12 -2
right_child=4 6 3 -5 8 -7 -8 -9 9 -11 -12 -13 -14
leaf_value=0.0021870728140241801 0.0037083570702823145 0.00012742573154562222 -0.0065165378293666355 0.0057890221465420888 -0.00037373061922226907 -0.0064590008248811117 0.010334578359857934 -0.0092899620350402074 -0.014704199277491168 0.0033804658619046224 0.0043965321960453638 -0.0013005092299822013 0.012055159300552542
leaf_weight=34.534115210175514 49.140822403132915 3555.0494947135448 37.744013234972954 84.340977847576141 387.06226502358913 230.91704618930817 17.41676127910614 32.998552873730659 19.83766433596611 18.831688717007637 127.06511548161507 13.750867336988447 36.812955647706985
leaf_count=161 238 16976 176 405 1827 1060 86 151 89 93 621 64 182
internal_value=-8.56088e-06 -0.000215796 -0.00304869 0.00189857 0.00125321 -0.00531841 9.17401e-05 3.05673e-05 0.000281518 -0.00640582 0.000830066 0.00642196 0.00766029
internal_weight=4645.5 3993 387.536 122.085 652.501 265.451 3605.46 3588.05 552.797 38.6694 514.127 99.7046 85.9538
internal_count=22129 19015 1802 581 3114 1221 17213 17127 2630 182 2448 484 420
is_linear=0
shrinkage=0.02


Tree=301
num_leaves=12
num_cat=0
split_feature=0 4 5 2 5 2 0 0 4 2 1
split_gain=3.02397 4.87889 3.36992 16.6943 7.72723 13.4768 9.32827 7.12645 2.59163 2.46763 1.51359
threshold=1.0114235679137955 26.477556220622414 5.537101053848084 1.066492436984074 4.0519237933488546 1.0204491493592667 0.74752458784445663 0.65930224112840319 15.023961769809009 1.0908592400349841 1.1715836099800685
decision_type=2 2 2 2 2 2 2 2 2 2 2
left_child=2 8 4 7 6 -6 -1 -4 -2 -10 -3
right_child=1 10 3 -5 5 -7 -8 -9 9 -11 -12
leaf_value=0.0070535694448541552 0.007706610018440389 0.015206122697768117 -0.0011419480954156713 -0.01488277783996454 -0.0068620476421912355 0.0033262569507880712 -8.2094349981932151e-05 0.011884102741482423 -0.0045598165473724195 0.0044017637861935403 0.0033076282175917675
leaf_weight=70.588188722729683 11.45970359072089 11.435218431055548 24.101388037204742 12.133015114814041 160.07877907156944 73.077366258949041 4178.3236947692931 46.898587889969349 32.598467577248812 14.78746063634753 9.8014149963855726
leaf_count=341 59 73 116 61 743 368 19821 244 156 82 65
internal_value=-8.3373e-06 0.00375011 -7.74927e-05 0.00381818 -0.000153089 -0.00366652 4.29747e-05 0.00763725 0.000556245 -0.00163828 0.0111092
internal_weight=4645.28 80.0823 4565.2 83.133 4482.07 233.156 4248.91 71 58.8456 47.3859 21.2366
internal_count=22129 435 21694 421 21273 1111 20162 360 297 238 138
is_linear=0
shrinkage=0.02


Tree=302
num_leaves=15
num_cat=0
split_feature=3 3 1 7 7 3 3 4 1 7 3 3 7 3
split_gain=3.06343 14.1415 11.926 11.2327 9.72853 6.20508 5.35972 14.3178 16.8141 14.2579 8.00235 26.6292 23.3889 3.79553
threshold=12.765000343322756 12.519999980926515 1.0283282990584364 4.1202728363217505 -0.18456414373626187 12.325000286102297 14.734999656677248 26.111878557322907 1.0543041815931888 -1.229811835758722 18.170000076293949 17.894999504089359 -1.4175723445620563 12.555000305175783
decision_type=2 2 2 2 2 2 2 2 2 2 2 2 2 2
left_child=1 3 13 4 -1 -5 7 9 -9 -2 11 -8 -12 -3
right_child=6 2 -4 5 -6 -7 10 8 -10 -11 12 -13 -14 -15
leaf_value=-0.0043773853378475435 -0.0077870941964310334 0.0026200220146833015 -0.0072642058294512969 -0.00015059743170622115 0.0070854656001195547 -0.016092855619054342 0.0008094788613386486 0.00017172498836659359 0.014677191295191993 -0.0010539463143377484 0.001918013056070189 0.013603001689672141 -0.0021478329059241089 0.014225437673727713
leaf_weight=51.832509592175484 196.09233629703522 16.58484074473381 13.135976508259771 15.471360787749289 59.496028631925583 22.839600995182991 1137.6059049963951 314.72490091621876 31.590845048427582 342.90728975832462 963.03545667044818 65.078123047947884 1360.7588267810643 53.876458764076233
leaf_count=242 898 81 60 73 292 101 5338 1499 155 1601 4780 321 6409 279
internal_value=-7.73337e-06 0.00220628 0.00859355 -0.00149284 0.00178185 -0.0102777 -0.000126674 -0.00151426 0.00164739 -0.00354284 0.000222998 0.00154454 -0.000462449 0.0117813
internal_weight=4645.03 233.237 83.5973 149.64 111.329 38.311 4411.79 885.315 346.316 539 3526.48 1202.68 2323.79 70.4613
internal_count=22129 1128 420 708 534 174 21001 4153 1654 2499 16848 5659 11189 360
is_linear=0
shrinkage=0.02


Tree=303
num_leaves=14
num_cat=0
split_feature=4 4 3 3 7 7 2 6 6 7 7 7 2
split_gain=2.98959 7.20155 5.37456 9.1835 12.4006 9.3538 4.78544 7.06714 4.34035 4.59335 3.94585 7.39508 0.830113
threshold=42.781597122249224 40.904997931434472 14.614999771118166 18.345000267028812 9.7286886328025908 6.6057077099116901 0.97011545484113892 17.546862971924082 12.634708519118089 3.1174730685772878 -21.245075645244849 -13.282295138813973 0.99740310921860242
decision_type=2 2 2 2 2 2 2 2 2 2 2 2 2
left_child=1 10 6 4 -4 -5 7 -2 9 -3 -1 -12 -8
right_child=2 8 3 5 -6 -7 12 -9 -10 -11 11 -13 -14
leaf_value=0.0089127054936260219 -0.0091897024954833446 -0.0014653777419071463 0.00063802596182325664 -0.0011313347306322276 -0.015899659935837415 0.013008617947577326 0.010266911190887136 0.0066184392195512178 0.001792395903601947 -0.013142318956109816 -0.0065015802797987752 4.7244863440153093e-05 0.0030442576001886903
leaf_weight=15.697493344545363 15.242199406027792 22.941497147083282 52.27863897383213 44.532906070351601 23.53650139272213 27.573091581463814 46.804542407393456 23.44944541156292 19.393088132143021 33.006450369954109 66.111935790628195 4241.4383422192186 12.203088536858557
leaf_count=84 71 109 246 236 104 141 241 118 92 147 310 20169 61
internal_value=-7.2995e-06 -0.000128017 0.00212193 -0.000303437 -0.00503556 0.00467526 0.00566154 0.000113427 -0.00609899 -0.00877144 -1.84194e-05 -5.92045e-05 0.00906132
internal_weight=4644.21 4398.59 245.62 147.921 75.8151 72.106 97.6993 38.6916 75.341 55.9479 4323.25 4307.55 59.0076
internal_count=22129 20911 1218 727 350 377 491 189 348 256 20563 20479 302
is_linear=0
shrinkage=0.02


Tree=304
num_leaves=6
num_cat=0
split_feature=2 2 3 3 3
split_gain=2.99748 4.68156 3.38548 13.4214 5.02545
threshold=0.86624316858510697 0.89316604305858982 12.765000343322756 12.519999980926515 16.105000495910648
decision_type=2 2 2 2 2
left_child=-1 -2 3 -3 -4
right_child=1 2 4 -5 -6
leaf_value=-0.0071798130653526037 0.0092264872483735876 -0.0013200282158052964 -0.001106418482629322 0.0085698615136603744 0.0003342601135792439
leaf_weight=19.189515605568886 18.030049085617065 146.92903907597065 1440.1662456691265 82.796301901340485 2936.8311801999807
leaf_count=88 88 696 6741 417 14099
internal_value=-7.20413e-06 2.8736e-05 -1.52358e-05 0.00233009 -0.000140345
internal_weight=4643.94 4624.75 4606.72 229.725 4377
internal_count=22129 22041 21953 1113 20840
is_linear=0
shrinkage=0.02


Tree=305
num_leaves=9
num_cat=0
split_feature=5 4 5 6 0 0 3 3
split_gain=2.99935 3.45475 10.9391 9.89805 8.36862 6.34925 6.00901 4.15394
threshold=0.61369473495398175 27.7465996055608 5.537101053848084 -3.774775209943392 0.99051247192863379 0.83883802489061543 18.170000076293949 17.579999923706058
decision_type=2 2 2 2 2 2 2 2
left_child=-1 2 3 -2 5 -3 -6 -4
right_child=1 4 7 -5 6 -7 -8 -9
leaf_value=-0.0075528809075680057 -0.0020973025387812649 -0.0021368419427174553 0.001243412490623434 0.00029114638659045772 0.014297877314731445 0.0012526846719551617 0.0027923693481970713 0.016293093181632818
leaf_weight=16.974632725119591 992.94089540466666 282.93038643151522 12.188937783241274 2281.614833779633 25.684233799576759 960.37654911354184 53.541680417954922 17.577569592744112
leaf_count=88 4667 1342 58 10832 132 4603 307 100
internal_value=-6.91252e-06 2.72716e-05 -0.000318513 -0.000434776 0.000889563 0.000476975 0.00703025 0.0110078
internal_weight=4643.83 4626.86 3304.32 3274.56 1322.53 1243.31 79.2259 29.7665
internal_count=22129 22041 15657 15499 6384 5945 439 158
is_linear=0
shrinkage=0.02


Tree=306
num_leaves=12
num_cat=0
split_feature=4 5 5 3 5 3 1 5 3 0 3
split_gain=2.96164 16.7905 8.25125 8.55563 5.94565 14.3617 10.6833 9.83574 6.65512 6.07238 4.22477
threshold=12.254068422924314 0.84188015143434292 1.487981805855185 21.32499980926514 0.82411312825004113 13.605000019073488 0.98844055770236394 0.94762986452058728 16.974999427795414 0.94443740849186886 23.944999694824222
decision_type=2 2 2 2 2 2 2 2 2 2 2
left_child=1 -1 10 -4 5 -2 -7 8 -6 -9 -3
right_child=4 2 3 -5 7 6 -8 9 -10 -11 -12
leaf_value=-0.020566690346680867 0.014304281202803424 0.0061606111407876201 -0.0063571692373486097 0.0026100895625893899 -0.0014139504647844527 -0.0062024647495790156 0.0068544876223965035 -0.00048485128201760784 -0.010088763444404713 0.001072838316785261 -0.0050628880438656565
leaf_weight=14.218609377741812 36.012935072183609 72.254891499876976 113.46999867260456 63.925435304641724 86.36548675596714 49.046615764498711 43.520600557327271 2362.7315328717232 57.814331457018852 1730.9836585316807 13.109656170010565
leaf_count=62 190 346 538 313 408 235 220 11149 264 8343 61
internal_value=-6.35223e-06 -0.0019967 -0.000698503 -0.00313947 0.000121613 0.00429224 -3.40736e-05 -8.85415e-06 -0.00507088 0.000174205 0.00428752
internal_weight=4643.45 276.979 262.76 177.395 4366.48 128.58 92.5672 4237.9 144.18 4093.72 85.3645
internal_count=22129 1320 1258 851 20809 645 455 20164 672 19492 407
is_linear=0
shrinkage=0.02


Tree=307
num_leaves=10
num_cat=0
split_feature=5 3 5 4 3 5 7 5 3
split_gain=2.95523 5.35309 3.95108 17.8378 8.65643 8.27246 20.6016 7.11052 2.1331
threshold=0.67009664601016627 13.795000076293947 0.82411312825004113 17.169675915218431 17.224999427795414 0.97421432345455794 3.3365236544284156 1.0101176051466512 14.984999656677248
decision_type=2 2 2 2 2 2 2 2 2
left_child=1 -1 3 8 -5 6 -4 -7 -2
right_child=2 -3 5 4 -6 7 -8 -9 -10
leaf_value=0.0039914449353015882 -0.013160034573338492 -0.010783104291284764 6.1758513894837871e-05 0.012511951889534561 -0.0018497638131101336 0.0070708524322075838 -0.014372269575054898 3.4090015582020334e-05 -0.0019193722654730606
leaf_weight=12.99716532230377 15.676115542650225 22.191145896911621 136.80149248242378 56.484072461724281 21.942005231976509 54.226125560700893 51.621586531400681 4258.5203397423029 12.689446046948431
leaf_count=66 72 110 651 291 105 264 229 20281 60
internal_value=-6.55413e-06 -0.00547558 3.99224e-05 0.00377118 0.00859907 -5.18726e-05 -0.00410924 0.000129036 -0.00899016
internal_weight=4643.15 35.1883 4607.96 106.792 78.4261 4501.17 188.423 4312.75 28.3656
internal_count=22129 176 21953 528 396 21425 880 20545 132
is_linear=0
shrinkage=0.02


Tree=308
num_leaves=12
num_cat=0
split_feature=6 0 4 3 3 7 3 7 7 5 6
split_gain=2.97597 10.1116 8.52313 7.70042 17.4904 12.473 5.83474 32.4195 26.1864 3.03542 3.85004
threshold=6.3006481082455936 0.93479988366753974 49.484402914788824 19.804999351501468 19.440000534057621 2.8674174005018025 19.23499965667725 -1.4688635817915365 -1.5775184858491929 1.1524258533517111 8.2620122988565807
decision_type=2 2 2 2 2 2 2 2 2 2 2
left_child=2 3 6 4 -2 -5 8 -8 -1 -3 -11
right_child=1 9 -4 5 -6 -7 7 -9 -10 10 -12
leaf_value=-0.0028979025857758765 -0.00018408773037757593 -0.0017437599156252921 0.013617482168109561 0.0064325646181033229 -0.016347661081471142 -0.0015426037282372956 0.0017430829779205795 -0.0040058474441158733 0.0020036605275760106 0.0043707280522401826 0.014025849625137088
leaf_weight=650.25264386832714 690.20741818845272 11.298246398568152 13.539707064628599 174.18477880954742 23.86370325088501 137.8489855080843 746.36724271252751 819.25205393880606 1303.0080260187387 43.422729685902596 29.667074844241142
leaf_count=3006 3250 53 82 855 107 653 3725 3841 6186 220 151
internal_value=-6.73814e-06 0.000894462 -0.000290741 0.000334012 -0.000812317 0.0029344 -0.000359657 -0.00126774 0.000369312 0.00738567 0.00881415
internal_weight=4642.91 1110.49 3532.42 1026.1 714.071 312.034 3518.88 1565.62 1953.26 84.3881 73.0898
internal_count=22129 5289 16840 4865 3357 1508 16758 7566 9192 424 371
is_linear=0
shrinkage=0.02


Tree=309
num_leaves=14
num_cat=0
split_feature=7 5 4 5 3 5 7 3 5 2 3 3 7
split_gain=2.97966 12.7754 12.86 12.1167 11.0292 8.85809 7.74296 19.7038 15.3114 10.6489 9.4831 37.0168 19.0285
threshold=-8.1300048713967232 2.0841674748641776 38.969470457934754 4.7674969647808902 20.114999771118168 4.1839063022394791 -4.5996851509496146 16.550000190734867 2.266787437949294 1.0028502444423617 19.314999580383304 19.920000076293949 -1.5775184858491929
decision_type=2 2 2 2 2 2 2 2 2 2 2 2 2
left_child=1 4 3 -3 -1 -4 7 9 -9 -2 12 -12 -8
right_child=6 2 5 -5 -6 -7 10 8 -10 -11 11 -13 -14
leaf_value=-0.020258493219395969 -0.009183283221812345 -0.0041814359676650634 0.014770704674281751 0.0077620007741533836 -0.00044863376826680248 -0.0024767548533853462 -0.0032670665902166073 0.0099889681739092854 0.0010554862342039395 0.0021495942820411126 -0.010126118226665891 -0.00026574142331518765 0.0014445456111543101
leaf_weight=21.866923436522484 66.383517876267433 196.87552593648434 30.082130908966064 37.085641205310822 20.210801981389523 16.74806135892868 410.62271209061146 145.68676268681884 159.65811544284225 60.370956569910049 168.04004436731339 1328.6755212396383 1979.5394769310951
leaf_count=93 301 942 169 192 99 89 1895 747 782 282 762 6388 9388
internal_value=-6.34021e-06 -0.00184753 -0.000242325 -0.00218961 -0.0116084 0.00889293 0.000132881 0.00265989 0.0053919 -0.00388499 -0.000150488 -0.00139683 0.000630999
internal_weight=4641.85 322.869 280.791 233.961 42.0777 46.8302 4318.98 432.099 305.345 126.754 3886.88 1496.72 2390.16
internal_count=22129 1584 1392 1134 192 258 20545 2112 1529 583 18433 7150 11283
is_linear=0
shrinkage=0.02


Tree=310
num_leaves=10
num_cat=0
split_feature=5 5 4 5 7 5 7 4 2
split_gain=2.89708 3.73827 17.2568 7.99643 19.9229 6.84036 2.85472 2.792 0.780427
threshold=0.67009664601016627 0.82411312825004113 17.169675915218431 0.97421432345455794 3.3365236544284156 1.0101176051466512 0.1821070363741242 27.862997860926551 0.99914951584637679
decision_type=2 2 2 2 2 2 2 2 2
left_child=7 2 8 4 -3 -5 -4 -1 -2
right_child=1 3 6 5 -6 -7 -8 -9 -10
leaf_value=0.00031695696727178558 -0.0116029753799427 6.1054517283858111e-05 0.015101042069768058 0.0069394922013729186 -0.014139901134503904 3.5079248578464454e-05 0.0057196739574573701 -0.010332460835118119 -0.0035039729274396253
leaf_weight=17.936932533979416 15.726337641477587 136.76320478320122 17.329508319497108 54.181629382073879 51.554608255624771 4256.714644908905 60.924205839633942 17.228980585932732 12.653992682695387
leaf_count=89 72 651 90 264 229 20281 306 87 60
internal_value=-6.44123e-06 3.95837e-05 0.0036716 -4.9682e-05 -0.00403989 0.00012821 0.00843054 -0.00542294 -0.0088708
internal_weight=4641.01 4605.85 106.634 4499.21 188.318 4310.9 78.2537 35.1659 28.3803
internal_count=22129 21953 528 21425 880 20545 396 176 132
is_linear=0
shrinkage=0.02


Tree=311
num_leaves=12
num_cat=0
split_feature=0 4 6 3 3 4 4 1 4 2 1
split_gain=2.95455 4.60303 3.27172 11.1307 19.7141 13.1998 7.31349 7.24384 2.52005 2.43609 1.50787
threshold=1.0114235679137955 26.477556220622414 5.6226682318084089 19.804999351501468 19.440000534057621 21.368218004742854 49.484402914788824 0.92717809870432966 15.211085224429914 1.0908592400349841 1.1715836099800685
decision_type=2 2 2 2 2 2 2 2 2 2 2
left_child=2 8 6 4 -4 -5 7 -1 -2 -10 -3
right_child=1 10 3 5 -6 -7 -8 -9 9 -11 -12
leaf_value=-0.0044799779423527197 0.0074768211048613043 0.014962302804238124 0.00012852834507131355 0.008246204630924835 -0.015977935553666472 0.00062594170701055218 0.012724827792688576 -0.00024769888582670336 -0.0045627892850873888 0.0043694253612216261 0.0031590822244523635
leaf_weight=166.52724340558052 12.073483314365147 11.367119684815409 814.28064747154713 146.80620938166976 27.57390071451664 230.82352992892265 12.905434614047406 3161.9436733908951 31.958067700266838 14.7755219489336 9.7646987177431566
leaf_count=774 62 73 3838 737 124 1107 79 15035 153 82 65
internal_value=-6.50836e-06 0.00371174 -7.48739e-05 0.000810187 -0.000472083 0.00364375 -0.000398472 -0.000464568 0.000607379 -0.00161689 0.0108791
internal_weight=4640.8 79.9389 4560.86 1219.48 841.855 377.63 3341.38 3328.47 58.8071 46.7336 21.1318
internal_count=22129 435 21694 5806 3962 1844 15888 15809 297 235 138
is_linear=0
shrinkage=0.02


Tree=312
num_leaves=8
num_cat=0
split_feature=0 5 2 3 2 5 3
split_gain=2.94888 4.46707 9.83412 5.99498 5.43977 7.23064 5.89747
threshold=0.56818063687639364 5.827843798816259 1.0543249715474239 17.894999504089359 1.0851786791031273 4.2511395408478121 17.970000267028812
decision_type=2 2 2 2 2 2 2
left_child=-1 4 3 -3 5 -2 -6
right_child=1 2 -4 -5 6 -7 -8
leaf_value=-0.0071859985287721865 2.1804274487547353e-05 0.0021258702172078079 -0.0086588941915650437 0.01642235046434715 0.013293716685764231 -0.0040992440227124336 0.0016352163355975466
leaf_weight=18.768081992864609 4303.2749902009964 24.626027390360832 12.238887913525103 21.091962985694408 20.129671961069107 173.31849921867251 66.923250395804644
leaf_count=88 20448 117 64 118 100 820 374
internal_value=-5.9222e-06 2.94246e-05 0.00536362 0.00951213 -4.29558e-05 -0.000141266 0.00479664
internal_weight=4640.37 4621.6 57.9569 45.718 4563.65 4476.59 87.0529
internal_count=22129 22041 299 235 21742 21268 474
is_linear=0
shrinkage=0.02


Tree=313
num_leaves=11
num_cat=0
split_feature=3 0 7 6 7 1 7 3 3 6
split_gain=2.90629 4.32062 3.55481 12.8484 11.1049 8.05562 5.82011 18.5545 9.5937 1.91575
threshold=34.385000228881843 0.92821155005848222 -8.5713790874952647 -5.2808562343534149 -18.617189393632067 1.0709843035682571 -4.5996851509496146 17.579999923706058 19.314999580383304 -2.232699916521891
decision_type=2 2 2 2 2 2 2 2 2 2
left_child=2 -2 3 4 -1 -5 7 -4 -8 -3
right_child=1 9 6 5 -6 -7 8 -9 -10 -11
leaf_value=0.010655367218744464 -0.0055123975814957461 0.0027212647075863594 -0.0031285343437340851 0.0020601203544015076 -0.0014735737504702911 -0.011101529165586382 0.00062471801014001439 0.0051478081012450395 -0.0014230119636101509 0.015587152960233086
leaf_weight=33.438503414392471 6.6582713946700123 10.290376000106338 165.26292304694653 23.049767762422562 152.61091597378254 72.996450677514076 2389.6754784733057 299.26193422824144 1477.7024507075548 9.2439535018056596
leaf_count=186 45 117 761 109 723 335 11283 1477 6989 104
internal_value=-5.56766e-06 0.00617935 -4.6e-05 -0.00220524 0.000884734 -0.00798683 9.65154e-05 0.00220178 -0.000158369 0.0104241
internal_weight=4640.19 26.1926 4614 282.096 186.049 96.0462 4331.9 464.525 3867.38 19.5343
internal_count=22129 266 21863 1353 909 444 20510 2238 18272 221
is_linear=0
shrinkage=0.02


Tree=314
num_leaves=9
num_cat=0
split_feature=0 6 7 4 0 7 5 7
split_gain=2.86886 4.70517 4.96483 5.82633 5.61455 3.75372 15.2895 6.60557
threshold=0.56818063687639364 24.619896448867621 8.8409948576641337 39.728626597457989 0.73641273447073818 -8.5713790874952647 2.0340348831979171 -4.5996851509496146
decision_type=2 2 2 2 2 2 2 2
left_child=-1 5 3 -3 -4 6 -2 -7
right_child=1 2 4 -5 -6 7 -8 -9
leaf_value=-0.0070907480225732514 -0.014801334107879852 0.0037293879374934299 -0.0055731163842248658 0.017982457818442672 0.0072100530057073288 0.0023147683446302037 -0.00056936071813872197 -0.00019988330213225163
leaf_weight=18.745302453637123 30.374500624835491 45.424051135778427 31.011603593826294 12.92697139084339 18.646384462714195 465.94559444114566 251.3623896241188 3765.2017184589058
leaf_count=88 136 216 148 66 92 2278 1250 17855
internal_value=-5.20721e-06 2.96441e-05 0.00407885 0.00783804 -0.000593427 -7.07937e-05 -0.00228946 7.89618e-05
internal_weight=4639.64 4620.89 108.009 58.351 49.658 4512.88 281.737 4231.15
internal_count=22129 22041 522 282 240 21519 1386 20133
is_linear=0
shrinkage=0.02


Tree=315
num_leaves=15
num_cat=0
split_feature=4 3 5 5 3 4 6 3 5 3 5 5 3 6
split_gain=2.84209 4.37203 4.13179 3.71253 5.2244 3.41731 17.8113 15.7771 8.15065 11.8135 9.61335 2.83661 0.797131 0.624957
threshold=10.754634089682572 19.744999885559086 1.9109111668195127 1.7795261814043675 14.984999656677248 18.406680754728004 -12.690887218303359 25.444999694824222 0.82411312825004113 13.744999885559084 0.97421432345455794 1.4959344101272201 14.404999732971193 -15.209843477547983
decision_type=2 2 2 2 2 2 2 2 2 2 2 2 2 2
left_child=1 3 11 4 -1 6 13 -8 9 -7 -10 -3 -5 -2
right_child=5 2 -4 12 -6 8 7 -9 10 -11 -12 -13 -14 -15
leaf_value=0.0064109400648634362 -0.016315304617671153 0.003470601347092107 0.0084867237333315047 -0.015097440800601611 -0.0075816353123927382 0.01491958583259031 0.0021975344463746032 -0.0036265509165424943 -0.0058355560972724865 0.00048983873851157886 -0.0002450567607695067 -0.0079162705076407155 -0.0057755446267546444 -0.0071675966373223529
leaf_weight=14.816486373543738 15.727749794721602 12.643531978130342 16.543704137206078 12.586386159062387 20.960058629512787 29.846337273716927 1147.3248758763075 218.17678996920586 124.49471220374107 69.748632147908211 2908.9159086607397 15.60374268889427 15.347583472728727 16.86162431538105
leaf_count=71 69 60 84 66 96 159 5422 1070 576 346 13883 74 77 76
internal_value=-5.05193e-06 -0.00314519 0.00157659 -0.00636181 -0.0017248 7.28494e-05 0.000893629 0.0012591 -0.000294092 0.00522321 -0.00048188 -0.0030212 -0.0113407 -0.0128833
internal_weight=4639.6 108.501 44.791 63.7105 35.7765 4531.1 1398.09 1365.5 3133.01 99.595 3033.41 28.2473 27.934 32.5894
internal_count=22129 528 218 310 167 21601 6637 6492 14964 505 14459 134 143 145
is_linear=0
shrinkage=0.02


Tree=316
num_leaves=10
num_cat=0
split_feature=5 3 4 5 0 1 4 0 3
split_gain=2.88296 5.0613 3.49013 10.3121 7.98634 10.6669 7.2766 6.49998 3.89575
threshold=0.67009664601016627 13.795000076293947 27.7465996055608 5.537101053848084 0.83883802489061543 0.97102078348682153 18.406680754728004 0.85287229327564396 17.579999923706058
decision_type=2 2 2 2 2 2 2 2 2
left_child=1 -1 3 6 5 -4 -2 -6 -5
right_child=2 -3 4 8 7 -7 -8 -9 -10
leaf_value=0.0038036660065820394 0.00060733739012556705 -0.010579140618064285 -0.00053266297640019663 0.0012508592585864509 0.0087586399698874988 -0.011926312213121334 -0.0012870420089913174 0.0013618335204205021 0.015865687669670347
leaf_weight=13.003092691302298 1491.5952657833695 22.129231855273247 248.50923761725426 12.180626422166826 46.157585792243481 33.955314710736275 1768.9861103799194 985.42060269415379 17.419394109398127
leaf_count=66 7091 110 1181 58 226 160 8354 4783 100
internal_value=-5.5316e-06 -0.00541115 4.03768e-05 -0.000307665 0.000910114 -0.00204971 -0.000420751 0.00172535 0.0107165
internal_weight=4639.36 35.1323 4604.22 3290.18 1314.04 282.465 3260.58 1031.58 29.6
internal_count=22129 176 21953 15603 6350 1341 15445 5009 158
is_linear=0
shrinkage=0.02


Tree=317
num_leaves=10
num_cat=0
split_feature=3 2 6 3 3 3 2 4 4
split_gain=2.8401 4.2986 3.24726 9.66285 11.6967 7.6313 5.59753 10.1379 5.7238
threshold=34.385000228881843 1.0352787472827529 12.283812782236204 17.154999732971195 18.279999732971195 14.614999771118166 0.9661750880067923 19.389761147363526 50.622920281966721
decision_type=2 2 2 2 2 2 2 2 2
left_child=2 -2 6 5 -5 -4 7 -1 -8
right_child=1 -3 3 4 -6 -7 8 -9 -10
leaf_value=0.0019078113857746506 -0.0018076835184726579 0.01293291545424901 0.0017734111061239852 0.014150525749544937 0.0022964230117106274 -0.0054025523005253231 -5.1736477948523722e-05 -0.0048915624771209689 0.010251360141511011
leaf_weight=132.04485258460045 13.426594898104669 12.675953680649398 129.99298879504204 35.891439288854599 216.66606350243092 102.81642666459084 3730.615365922451 247.29678189754486 17.693248651921749
leaf_count=623 96 170 627 179 1042 473 17680 1139 100
internal_value=-5.2936e-06 0.00611798 -4.52123e-05 0.00149534 0.00417539 -0.00143346 -0.000227637 -0.00252956 7.77374e-06
internal_weight=4639.12 26.1025 4613.02 485.367 252.558 232.809 4127.65 379.342 3748.31
internal_count=22129 266 21863 2321 1221 1100 19542 1762 17780
is_linear=0
shrinkage=0.02


Tree=318
num_leaves=6
num_cat=0
split_feature=2 2 4 3 4
split_gain=2.85596 4.53465 3.28788 5.47928 4.46788
threshold=0.86624316858510697 0.89316604305858982 43.963538321007725 14.614999771118166 40.45562690484558
decision_type=2 2 2 2 2
left_child=-1 -2 4 -4 -3
right_child=1 2 3 -5 -6
leaf_value=-0.0070122151899738904 0.0090854300722228616 -1.6705111622275876e-05 0.006318310401521479 -0.00030880676369162416 -0.0037773770938751595
leaf_weight=19.147729605436325 18.016818925738335 4275.184795729816 81.766830414533615 118.50486421585083 126.21624106168747
leaf_count=88 88 20357 417 589 590
internal_value=-4.64664e-06 3.04396e-05 -1.2873e-05 0.00246765 -0.000127879
internal_weight=4638.84 4619.69 4601.67 200.272 4401.4
internal_count=22129 22041 21953 1006 20947
is_linear=0
shrinkage=0.02


Tree=319
num_leaves=12
num_cat=0
split_feature=4 5 7 1 0 5 5 7 0 5 0
split_gain=2.83463 16.0913 8.1622 10.6053 8.58088 5.23053 8.68301 8.31526 5.80603 5.36776 7.69056
threshold=12.254068422924314 0.84188015143434292 -0.99656452701477749 0.97411646726758561 0.91937740902835963 0.82411312825004113 0.94762986452058728 3.394571094003505 0.94443740849186886 0.61369473495398175 0.97890609487099811
decision_type=2 2 2 2 2 2 2 2 2 2 2
left_child=1 -1 4 -4 -3 9 7 -7 -8 -2 -11
right_child=5 2 3 -5 -6 6 8 -9 -10 10 -12
leaf_value=-0.020141580630441309 -0.005940883016738137 0.0077833194726937369 -0.0058920032413168301 0.0053071896103130166 -0.0072730759622321919 -0.0016616328609777914 -0.00047411683537878856 -0.012186857426743945 0.0010497070145361626 0.0014028716813765333 0.012044231248561632
leaf_weight=14.199509754776953 15.468562036752699 14.671461641788481 43.544575944542885 114.95495324581861 89.212740749120712 105.14022067189217 2360.5830557867885 38.949193209409714 1729.4586192816496 71.413762629032135 41.108866706490517
leaf_count=62 81 72 202 556 428 498 11149 174 8343 353 211
internal_value=-4.47912e-06 -0.00195308 -0.000681099 0.00216114 -0.00493694 0.000120749 -1.47037e-06 -0.00475906 0.000170622 0.00404146 0.00557057
internal_weight=4638.71 276.583 262.384 158.5 103.884 4362.12 4234.13 144.089 4090.04 127.991 112.523
internal_count=22129 1320 1258 758 500 20809 20164 672 19492 645 564
is_linear=0
shrinkage=0.02


Tree=320
num_leaves=15
num_cat=0
split_feature=6 1 7 3 3 3 3 2 2 7 3 3 3 1
split_gain=2.78097 8.0824 10.6262 15.3346 12.4962 7.94623 12.9568 11.9734 8.31445 7.64953 16.8058 9.6983 5.46014 18.3873
threshold=10.074550115621165 0.92717809870432966 7.134095639024741 16.355000495910648 18.214999198913578 16.295000076293949 14.684999942779543 0.98398068272316752 0.95987987078844272 11.298322225571816 18.170000076293949 18.469999313354496 12.765000343322756 1.0180437639142621
decision_type=2 2 2 2 2 2 2 2 2 2 2 2 2 2
left_child=1 2 4 -4 -1 6 7 -2 -8 10 -7 -11 13 -3
right_child=5 12 3 -5 -6 9 8 -9 -10 11 -12 -13 -14 -15
leaf_value=-0.0019497187401114433 -0.00099305472002062965 0.0083063673980051916 -0.0051498256060509319 0.0086151386971457088 -0.011051269602242553 0.012039108535115908 -0.00066780540668525442 0.011494264156535722 -0.012834889761097765 -0.016647208624033804 0.0015496710560475649 0.0037676623319868275 -7.5737049316656278e-05 -0.0058450110993284341
leaf_weight=174.90878647565842 141.38700652122498 106.94548137485981 59.791187852621078 62.038249000906944 89.963067725300789 74.634633243083954 40.451479271054268 35.055603891611099 47.857855662703514 13.441128447651865 281.04077494889498 17.446401283144951 3441.9335478041321 51.49143548309803
leaf_count=809 674 538 279 302 412 367 188 175 214 59 1350 87 16436 239
internal_value=-4.83941e-06 -0.000203103 -0.00293528 0.00191064 -0.00515946 0.00120267 -0.00145389 0.00168773 -0.00753201 0.00301838 0.00386018 -0.00600625 9.32815e-05 0.00367654
internal_weight=4638.39 3987.07 386.701 121.829 264.872 651.315 264.752 176.443 88.3093 386.563 355.675 30.8875 3600.37 158.437
internal_count=22129 19015 1802 581 1221 3114 1251 849 402 1863 1717 146 17213 777
is_linear=0
shrinkage=0.02


Tree=321
num_leaves=6
num_cat=0
split_feature=2 2 4 3 4
split_gain=2.77296 4.37521 3.25062 5.23971 4.24313
threshold=0.86624316858510697 0.89316604305858982 43.963538321007725 14.614999771118166 40.45562690484558
decision_type=2 2 2 2 2
left_child=-1 -2 4 -4 -3
right_child=1 2 3 -5 -6
leaf_value=-0.0069132640894352879 0.0089227737885735174 -1.8895112015289206e-05 0.0062225596255178128 -0.00026188948021389584 -0.0036843662234497675
leaf_weight=19.125258669257164 18.02303010225296 4274.5378982182592 81.670760706067085 118.4603825956583 126.17267521470785
leaf_count=88 88 20357 417 589 590
internal_value=-4.90984e-06 2.96525e-05 -1.29053e-05 0.0024544 -0.000127238
internal_weight=4637.99 4618.86 4600.84 200.131 4400.71
internal_count=22129 22041 21953 1006 20947
is_linear=0
shrinkage=0.02


Tree=322
num_leaves=10
num_cat=0
split_feature=5 3 4 5 6 7 7 2 3
split_gain=2.76302 4.91908 3.38408 10.061 9.49701 8.3995 26.2188 8.73529 3.75787
threshold=0.67009664601016627 13.795000076293947 27.7465996055608 5.537101053848084 -3.774775209943392 -5.1918708508459268 3.2204484238214781 1.0376814741169553 17.579999923706058
decision_type=2 2 2 2 2 2 2 2 2
left_child=1 -1 3 4 -2 7 -7 -4 -5
right_child=2 -3 5 8 -6 6 -8 -9 -10
leaf_value=0.0037775897478556229 -0.0020436576021911476 -0.010412352122284505 -0.0043788860216329422 0.0012854321016510656 0.00029962627604726604 0.0067853180326871657 -0.00029005968858065523 0.0026989864526368234 0.015669848620040682
leaf_weight=12.982577621936796 990.74831693992019 22.039925768971443 202.08223202079535 12.18026025593281 2269.1966788284481 291.72866043075919 717.39623358100653 102.15154808200896 17.350170083343983
leaf_count=66 4661 110 962 58 10784 1443 3400 545 100
internal_value=-4.73745e-06 -0.00530421 4.01562e-05 -0.000302557 -0.000414166 0.000896837 0.00177408 -0.00199819 0.0105979
internal_weight=4637.86 35.0225 4602.83 3289.48 3259.94 1313.36 1009.12 304.234 29.5304
internal_count=22129 176 21953 15603 15445 6350 4843 1507 158
is_linear=0
shrinkage=0.02


Tree=323
num_leaves=13
num_cat=0
split_feature=0 6 5 7 6 3 7 3 3 3 3 7
split_gain=2.8147 4.22351 5.07105 5.42649 3.05268 17.9382 40.0639 21.5941 16.9276 24.1199 12.7305 1.06184
threshold=1.0114235679137955 -17.70569158366126 2.3219497593987399 -0.18456414373626187 -1.7721455480719239 19.23499965667725 -0.69275202148596626 14.684999942779543 19.920000076293949 19.314999580383304 20.375000000000004 0.97192838342499011
decision_type=2 2 2 2 2 2 2 2 2 2 2 2
left_child=4 -2 3 -3 5 7 -7 -1 9 -6 -10 -4
right_child=1 2 11 -5 8 6 -8 -9 10 -11 -12 -13
leaf_value=-0.0028362147739591555 -0.0058335878068313122 -0.0053662513733305165 0.015537319107874648 0.0077123761852011365 -0.00014588142819819914 0.00042113976466633043 -0.0086854996938919172 0.0035937343650544683 0.010437305631363154 -0.0090924744474251626 0.0018296324182484561 0.0047151763062557948
leaf_weight=326.30202341079712 12.371415942907332 21.92477785050869 13.817841894924642 20.964376285672188 1763.7472646087408 540.90919492766261 296.34739035367966 565.60491700470448 71.00887343287468 125.39026419818401 868.34891831129789 10.667825505137442
leaf_count=1528 60 115 97 106 8313 2653 1372 2676 345 572 4235 57
internal_value=-4.40796e-06 0.00362899 0.00559607 0.00113919 -7.11087e-05 -0.000732177 -0.00282813 0.00123919 0.00033349 -0.000757662 0.00252181 0.0121466
internal_weight=4637.41 79.7462 67.3748 42.8892 4557.66 1729.16 837.257 891.907 2828.5 1889.14 939.358 24.4857
internal_count=22129 435 375 221 21694 8229 4025 4204 13465 8885 4580 154
is_linear=0
shrinkage=0.02


Tree=324
num_leaves=9
num_cat=0
split_feature=0 0 7 5 0 4 3 7
split_gain=2.77946 4.26159 9.20964 10.7953 5.40295 7.82736 4.77602 3.84875
threshold=0.56818063687639364 0.74752458784445663 9.7286886328025908 3.3910230098869243 0.77928914647279435 20.684123535413764 15.38000011444092 8.0325609048914934
decision_type=2 2 2 2 2 2 2 2
left_child=-1 2 3 -2 5 -3 -4 -6
right_child=1 4 6 -5 7 -7 -8 -9
leaf_value=-0.0069825975766510482 0.015351889103493693 0.0081313248860853671 0.00311609997970024 0.0014810436071911409 -0.00012211336678606322 -0.0079470063104151219 -0.010699337080929407 0.0024795800533870095
leaf_weight=18.717945039272308 32.609306022524834 11.334762260317801 15.14880548417568 60.533657282590866 4178.7490291614085 64.100986540317535 19.072717726230621 236.51910772919655
leaf_count=88 162 56 76 290 19933 296 88 1140
internal_value=-4.11881e-06 3.01847e-05 0.00358092 0.0067694 -7.36178e-05 -0.00524332 -0.00489759 1.93735e-05
internal_weight=4636.79 4618.07 127.364 93.143 4490.7 75.4357 34.2215 4415.27
internal_count=22129 22041 616 452 21425 352 164 21073
is_linear=0
shrinkage=0.02


Tree=325
num_leaves=15
num_cat=0
split_feature=3 3 3 3 1 4 3 3 3 5 6 4 1 4
split_gain=2.74495 18.8809 17.0726 19.1315 16.736 15.4707 15.1643 24.3611 22.816 11.5111 10.7378 4.94387 4.1231 2.22489
threshold=16.105000495910648 15.864999771118166 18.170000076293949 17.894999504089359 1.2217496471219385 47.710586257982392 20.025000572204593 20.195000648498539 19.314999580383304 1.9271139593107105 -0.9248560714959887 20.124683601239138 0.92476047193093713 17.585885220376156
decision_type=2 2 2 2 2 2 2 2 2 2 2 2 2 2
left_child=1 4 3 5 9 -2 8 -8 -4 -1 11 -3 -5 -12
right_child=2 10 6 12 -6 -7 7 -9 -10 -11 13 -13 -14 -15
leaf_value=0.0012338487245442716 0.0026127448364502565 -0.0083555893759938212 -0.00026667672420160654 0.023067579748642961 0.018317145939375026 -0.016483033821206024 0.01715278175926965 0.00017736872661244064 -0.0084475391783134027 -0.0022075036583292661 -0.0052821020115849234 0.0038251428644344534 0.0095042201068635153 -0.016139338623722698
leaf_weight=861.12906292080879 552.244813144207 18.633335888385773 382.69624735414982 12.130258291959761 15.526620283722876 13.552959129214285 30.504761576652527 1698.2801508102566 208.0877690911293 702.24109257757664 15.066208273172377 28.653346315026283 52.789463147521019 45.220009282231331
leaf_count=4097 2615 85 1789 63 79 60 152 8297 951 3279 69 136 258 199
internal_value=-3.95454e-06 -0.000646695 0.000363833 0.00327047 -8.4604e-05 0.00204283 -0.000430785 0.000515808 -0.0031856 -0.000313641 -0.00859796 -0.001252 0.0132303 -0.0139235
internal_weight=4636.76 1686.47 2950.29 630.717 1578.9 565.798 2319.57 1728.78 590.784 1563.37 107.573 47.2867 64.9197 60.2862
internal_count=22129 7944 14185 2996 7455 2675 11189 8449 2740 7376 489 221 321 268
is_linear=0
shrinkage=0.02


Tree=326
num_leaves=11
num_cat=0
split_feature=3 7 7 5 6 3 5 7 6 2
split_gain=2.74045 4.24638 3.19719 15.2883 15.7843 11.0298 6.12122 8.70555 5.97776 0.783681
threshold=34.385000228881843 -0.46308118952088739 -8.5713790874952647 2.0340348831979171 -5.2808562343534149 20.940000534057621 4.1175909327197129 10.41890694596435 -8.102059275757366 1.0149327682498448
decision_type=2 2 2 2 2 2 2 2 2 2
left_child=2 9 3 5 -5 -1 8 -8 -4 -2
right_child=1 -3 6 4 -6 -7 7 -9 -10 -11
leaf_value=-0.024049525470446267 0.0028673383491061959 -0.0031614338368300353 -0.0017766209335435277 0.0032129098680759804 -0.0071584682307093165 -0.00074384808510888963 -0.0054998179789073195 0.003301167319021222 0.00055159103030706462 0.01447059154196028
leaf_weight=16.28248625993729 5.6860745549201992 10.534139577299355 498.50721752643585 165.81953740119934 85.713216736912727 13.987569019198416 160.94905994832516 58.74305947124958 3610.238609790802 9.7296098563820106
leaf_count=68 45 72 2335 821 397 67 758 286 17131 149
internal_value=-3.55721e-06 0.00602675 -4.26953e-05 -0.00209151 -0.000378012 -0.014624 9.25004e-05 -0.00312959 0.00026766 0.0116632
internal_weight=4636.19 25.9498 4610.24 281.803 251.533 30.2701 4328.44 219.692 4108.75 15.4157
internal_count=22129 266 21863 1353 1218 135 20510 1044 19466 194
is_linear=0
shrinkage=0.02


Tree=327
num_leaves=15
num_cat=0
split_feature=4 3 0 0 7 7 4 3 0 7 3 3 7 0
split_gain=2.74808 7.68647 7.82529 5.77043 6.66026 5.69919 4.48969 17.4887 17.988 13.7352 7.21195 13.7483 11.9377 1.83362
threshold=12.254068422924314 21.32499980926514 0.91870860998949633 0.95808116734326887 -1.3662296217312289 -2.4040739446015524 18.406680754728004 24.935000419616703 0.86169086720946464 0.58889869507675607 25.835000038146976 25.550000190734867 -1.5260849191490171 0.94619131222942976
decision_type=2 2 2 2 2 2 2 2 2 2 2 2 2 2
left_child=1 3 -3 13 -5 -4 7 8 -2 -9 11 -8 -12 -1
right_child=6 2 5 4 -6 -7 10 9 -10 -11 12 -13 -14 -15
leaf_value=-0.005072003534620644 0.011962668094705017 0.015345971811643145 -0.0096826012708418792 -0.0088478955229409524 0.0019424163068475747 0.0029240637226245103 -0.00051737490788135638 -0.00066041300590487131 0.0014992651180249586 -0.011627766152381418 0.0043971978830766468 -0.013788456980614289 -0.0024557840467633483 -0.011883749491558983
leaf_weight=50.933354169130325 66.784986928105354 12.520630240440367 14.4306703209877 27.535368502140045 79.861667320132256 60.701350368559361 2657.943921148777 149.09877862036228 951.07984521985054 62.188476972281933 293.47221492044628 27.605734527111053 151.31023329868913 30.392264902591705
leaf_count=241 325 64 68 130 381 294 12475 742 4488 290 1619 124 746 142
internal_value=-3.79716e-06 -0.00192313 0.00288327 -0.00416899 -0.00104246 0.000135647 0.000119533 0.00114176 0.00222994 -0.00404452 -0.000282798 -0.000674097 0.00206478 -0.00805539
internal_weight=4635.86 276.375 87.6527 188.723 107.397 75.132 4359.48 1229.15 1017.86 211.287 3130.33 2685.55 444.782 81.3256
internal_count=22129 1320 426 894 511 362 20809 5845 4813 1032 14964 12599 2365 383
is_linear=0
shrinkage=0.02


Tree=328
num_leaves=13
num_cat=0
split_feature=0 4 7 2 6 1 7 4 1 4 7 1
split_gain=2.72924 4.36427 3.05186 3.41234 2.9901 10.7489 7.22294 6.93508 6.72671 4.93967 1.85024 0.790173
threshold=1.0114235679137955 26.753406865235782 -0.18456414373626187 1.0696386500908597 5.6226682318084089 1.0005915100470189 -7.1276789211394904 49.484402914788824 0.92717809870432966 16.95031470609548 1.9689998489362126 1.1715836099800685
decision_type=2 2 2 2 2 2 2 2 2 2 2 2
left_child=4 2 3 -2 7 9 -7 8 -1 -6 -4 -3
right_child=1 11 10 -5 5 6 -8 -9 -10 -11 -12 -13
leaf_value=-0.0043169337436920257 -0.0095228010438658459 0.014034402659487848 0.0096677892890611149 0.0024716523520506772 0.0039894467955097438 -0.0028689737202421835 0.011407071458212214 0.012452850027802415 -0.00023455296133236377 -0.00017040400822146355 5.2488871720401914e-05 0.0039655019335138129
leaf_weight=166.18639130890369 14.343287196010353 10.698471695184709 12.674961827695371 16.991523455828428 124.51203720271587 16.846602637320757 54.831595718860626 12.766673009842632 3158.7139380276203 1021.6971097588539 15.48064800351858 9.4644901826977712
leaf_count=774 66 69 64 96 599 84 289 79 15035 4834 76 64
internal_value=-4.18239e-06 0.00357564 0.000621146 -0.00347521 -6.98572e-05 0.000776828 0.00807746 -0.000379366 -0.000443542 0.000293781 0.00504523 0.0107469
internal_weight=4635.21 79.6534 59.4904 31.3348 4555.55 1217.89 71.6782 3337.67 3324.9 1146.21 28.1556 20.163
internal_count=22129 435 302 162 21694 5806 373 15888 15809 5433 140 133
is_linear=0
shrinkage=0.02


Tree=329
num_leaves=15
num_cat=0
split_feature=4 4 3 3 4 2 6 3 1 3 0 6 4 4
split_gain=2.71359 6.52539 4.64273 7.34808 7.34268 4.64706 4.11104 3.85558 14.3157 11.2273 3.55737 3.34175 3.32154 1.24787
threshold=42.781597122249224 40.904997931434472 14.404999732971193 18.345000267028812 47.710586257982392 0.96291250833777087 12.634708519118089 14.734999656677248 1.2068645499005688 18.170000076293949 0.75754554979550714 1.421012602935928 48.536911675007985 46.854658898819757
decision_type=2 2 2 2 2 2 2 2 2 2 2 2 2 2
left_child=1 7 5 12 -5 10 11 8 -1 -9 -2 -3 -4 -7
right_child=2 6 3 4 -6 13 -8 9 -10 -11 -12 -13 -14 -15
leaf_value=-0.0014229202105873829 0.0052033980759059262 -0.0022064795993768098 -0.00056259462089266142 -0.00043411494631265257 0.012252957538151843 0.011382548878707672 0.0018562556833014523 0.001950349979175777 0.016993587387138007 -0.00051000844713521693 -0.0076590512178897974 -0.012313593235393126 -0.0083326031288683908 0.0045192805585325064
leaf_weight=973.89634577929974 13.814828708767893 23.890747971832752 53.472877845168114 45.541355591267347 26.156885037198663 31.166792973875999 19.355931401252747 1109.7760554403067 13.194891452789305 2218.4488779436797 12.737573742866514 31.849847972393036 34.164112418889999 27.405638515949249
leaf_count=4580 70 113 252 226 151 160 92 5237 67 10679 60 143 157 142
internal_value=-3.38876e-06 -0.000118356 0.00203005 -1.43015e-05 0.00459726 0.00568553 -0.00581095 -1.40023e-05 -0.00110915 0.000311739 -0.00116182 -0.00841941 -0.00382313 0.00866546
internal_weight=4634.87 4390.41 244.46 159.335 71.6982 85.1248 75.0965 4315.32 987.091 3328.22 26.5524 55.7406 87.637 58.5724
internal_count=22129 20911 1218 786 377 432 348 20563 4647 15916 130 256 409 302
is_linear=0
shrinkage=0.02


Tree=330
num_leaves=10
num_cat=0
split_feature=5 4 5 6 7 7 0 4 7
split_gain=2.6909 3.24461 9.70345 8.78896 8.32493 25.0517 10.7086 2.70716 2.65201
threshold=0.67009664601016627 27.7465996055608 5.537101053848084 -3.774775209943392 -5.1918708508459268 3.2204484238214781 0.87595447595658993 27.862997860926551 -5.1918708508459268
decision_type=2 2 2 2 2 2 2 2 2
left_child=7 2 3 -2 6 -6 -3 -1 -4
right_child=1 4 8 -5 5 -7 -8 -9 -10
leaf_value=0.00039831666014501744 -0.0019721061879693657 -0.0093257775291010168 0.015479656983503412 0.00028296985204034799 0.0066553981498048741 -0.00026404920841572926 -0.00010154053189215496 -0.010092238499978382 0.0030310913037927384
leaf_weight=17.899091273546219 989.90607393160462 59.42951737716794 14.884777817875149 2268.0992916971445 291.42046397551894 716.90708303451538 244.42649114131927 17.088348656892776 14.529968127608297
leaf_count=89 4661 280 86 10784 1443 3400 1227 87 72
internal_value=-2.96033e-06 4.13533e-05 -0.000294298 -0.000403786 0.0008806 0.00175416 -0.00200339 -0.00523517 0.0104294
internal_weight=4634.59 4599.6 3287.42 3258.01 1312.18 1008.33 303.856 34.9874 29.4147
internal_count=22129 21953 15603 15445 6350 4843 1507 176 158
is_linear=0
shrinkage=0.02


Tree=331
num_leaves=9
num_cat=0
split_feature=0 6 7 0 2 7 6 5
split_gain=2.70771 4.41885 4.57623 5.28556 3.86898 4.91465 3.54444 2.29882
threshold=0.56818063687639364 24.619896448867621 8.8409948576641337 0.73641273447073818 0.9661750880067923 -11.695799518355004 5.6226682318084089 3.3910230098869243
decision_type=2 2 2 2 2 2 2 2
left_child=-1 4 7 -4 5 -2 -6 -3
right_child=1 2 3 -5 6 -7 -8 -9
leaf_value=-0.0069012979376649117 -0.012263795113461663 0.012100791797324635 -0.0053801050310447194 0.0070337451349975445 -0.00012436192957214614 -0.0012671050234006579 0.0014334129868038893 0.0036802713187904087
leaf_weight=18.648118108510971 12.828447476029394 23.007130444049835 30.914028212428093 18.619197025895119 3226.1978874243796 559.35508297383785 709.31748687848449 35.282377690076828
leaf_count=88 57 114 148 92 15436 2624 3402 168
internal_value=-2.82723e-06 3.09963e-05 0.00395835 -0.000536928 -6.6371e-05 -0.00159708 0.000157574 0.00756753
internal_weight=4634.17 4615.52 107.823 49.5332 4507.7 572.184 3935.52 58.2895
internal_count=22129 22041 522 240 21519 2681 18838 282
is_linear=0
shrinkage=0.02


Tree=332
num_leaves=15
num_cat=0
split_feature=3 7 5 3 7 3 0 6 3 5 4 5 4 7
split_gain=2.70712 14.9581 11.9195 11.4271 13.4483 11.0131 10.6899 10.2654 10.226 13.5837 7.1701 6.54088 4.60795 2.01597
threshold=13.444999694824221 -2.531618912906104 2.6237734726559601 14.119999885559084 2.7229668845085828 14.175000190734865 0.92631395236402503 -0.52582236584348674 13.34500026702881 2.8888321031674105 24.488070954711425 0.97421432345455794 27.4883161052168 -8.5713790874952647
decision_type=2 2 2 2 2 2 2 2 2 2 2 2 2 2
left_child=1 2 10 4 7 -5 -6 -2 9 -3 -1 -7 -10 -4
right_child=3 8 13 5 6 11 -8 -9 12 -11 -12 -13 -14 -15
leaf_value=-0.01387558928762966 -0.0021282102310452404 0.0032265644359839745 0.0092796175258371486 0.013548198773341482 -0.0029267027648625394 -0.0033315908942791028 0.0099458451389442277 -0.011041017000638484 0.0049145234353690139 -0.0074600830078171802 0.0016306094224576256 0.00024318966295656304 0.021226707774927009 -0.00052337906024302837
leaf_weight=49.441049620509148 103.41396509110928 382.7061570584774 12.66127969324589 20.285770982503891 64.009681537747383 213.30877570807934 37.837857276201248 104.29688055813313 17.629197850823406 50.41858321428299 14.349096134304999 3535.2514806427062 12.391917809844015 16.09562112390995
leaf_count=221 485 1856 63 101 304 1015 185 470 84 233 67 16903 65 77
internal_value=-2.80048e-06 0.0013016 -0.0058781 -0.000181629 -0.00385012 0.000123449 0.00205077 -0.00672761 0.00277431 0.00192569 -0.0104972 3.64352e-05 0.0133518 0.00439885
internal_weight=4634.1 555.693 92.547 4078.4 309.558 3768.85 101.848 207.711 463.146 433.125 63.7901 3748.56 30.0211 28.7569
internal_count=22129 2666 428 19463 1444 18019 489 955 2238 2089 288 17918 149 140
is_linear=0
shrinkage=0.02


Tree=333
num_leaves=13
num_cat=0
split_feature=0 6 5 7 3 7 2 3 3 3 3 7
split_gain=2.66593 4.15895 4.88053 5.14271 2.98347 15.448 14.9119 11.2995 9.26964 8.42034 5.45989 1.04104
threshold=1.0114235679137955 -17.70569158366126 2.3219497593987399 -0.18456414373626187 13.444999694824221 -2.531618912906104 1.0067632049019599 14.734999656677248 13.34500026702881 14.984999656677248 14.684999942779543 0.97192838342499011
decision_type=2 2 2 2 2 2 2 2 2 2 2 2
left_child=4 -2 3 -3 5 6 -1 10 -7 -9 -6 -4
right_child=1 2 11 -5 7 8 -8 9 -10 -11 -12 -13
leaf_value=-0.012329721808182061 -0.0058465124402777673 -0.0052133079517096819 0.015298160476625394 0.0075262309652852442 -0.0023893315744386297 0.0019955861982026719 0.00354984852447802 0.0054367742216057391 0.012939474645002967 -1.6822039601274678e-05 -0.010891689406503471 0.0046124170765045091
leaf_weight=54.656144484877586 12.361741818487642 21.905128978192806 13.723883906379344 20.927634220570326 522.96976770460606 430.90625190734863 37.214108869433403 113.22361880540848 29.63333934545517 3336.9860569369048 28.570530921220779 10.653438620269297
leaf_count=249 60 115 97 106 2448 2080 176 539 147 15927 128 57
internal_value=-2.35583e-06 0.00353745 0.00549487 0.00112229 -6.72545e-05 0.00130512 -0.00601761 -0.000257814 0.00280512 0.000168234 -0.00290502 0.0119367
internal_weight=4633.73 79.5718 67.2101 42.8328 4554.16 552.41 91.8703 4001.75 460.54 3450.21 551.54 24.3773
internal_count=22129 435 375 221 21694 2652 425 19042 2227 16466 2576 154
is_linear=0
shrinkage=0.02


Tree=334
num_leaves=12
num_cat=0
split_feature=4 5 0 6 4 1 5 1 5 6 0
split_gain=2.64104 4.17258 3.14962 7.55643 15.0411 11.3593 6.58787 12.2173 6.77782 2.69659 3.1002
threshold=10.754634089682572 1.1302855117977471 0.92083940863157598 -2.0838882456339078 24.743782615645049 1.0253798962330114 1.7186377557401407 0.94663492464674548 2.4076122658361645 3.3332488326662193 0.98630657943009092
decision_type=2 2 2 2 2 2 2 2 2 2 2
left_child=1 -1 6 4 -4 -5 7 -2 -8 10 -3
right_child=2 9 3 5 -6 -7 8 -9 -10 -11 -12
leaf_value=0.0050189355558618474 -0.0055659203399845789 -0.0082710263702784146 -0.0020027551431769509 0.00071163453685590429 0.0024063833759693778 0.0055206878560095218 0.0019816150096288311 0.0025490113387949737 -0.00093600831839456137 0.0019884868439317112 0.0017594758415704012
leaf_weight=17.893660575151443 235.43162390589714 59.291851758956909 927.25772380828857 1119.842775143683 459.65003138780594 234.70681462064385 467.86856389790773 104.73230803012848 975.80667541921139 17.188066437840462 13.759317159652708
leaf_count=86 1090 291 4350 5328 2281 1214 2217 501 4620 83 68
internal_value=-2.05708e-06 -0.00303414 7.30106e-05 0.000498361 -0.000538757 0.00155871 -0.000580333 -0.00306685 1.24024e-05 -0.00477624 -0.0063885
internal_weight=4633.43 108.133 4525.3 2741.46 1386.91 1354.55 1783.84 340.164 1443.68 90.2392 73.0512
internal_count=22129 528 21601 13173 6631 6542 8428 1591 6837 442 359
is_linear=0
shrinkage=0.02


Tree=335
num_leaves=13
num_cat=0
split_feature=4 4 5 7 7 7 5 5 7 5 2 7
split_gain=2.65676 6.29262 4.15811 5.76334 3.71985 6.99711 3.35902 6.61754 5.9438 4.23897 1.82268 0.965396
threshold=42.781597122249224 40.904997931434472 2.608408612456901 8.0325609048914934 -21.245075645244849 -13.282295138813973 0.87494590385919835 1.9921265064564058 6.3365205387337999 2.8390749047057846 0.98028059750855379 5.0123976743555012
decision_type=2 2 2 2 2 2 2 2 2 2 2 2
left_child=1 4 10 -4 -1 -6 11 8 -8 -9 -3 -2
right_child=6 2 3 -5 5 -7 7 9 -10 -11 -12 -13
leaf_value=0.0086842195958976558 0.01187985309125749 -0.0025723237131453493 0.0089354403467524265 -0.0076863158628263121 -0.0063298744168609738 5.0807000735610293e-05 -0.0080783433490224758 0.0086058893464790141 0.0021579302326458993 0.0012365979823089433 -0.011376101676826249 0.0029290269700538792
leaf_weight=15.580888420343397 12.281242817640306 16.429684489965439 12.922199681401255 12.494881823658941 65.879875492304564 4232.2071167603135 42.648881286382675 44.862182252109051 41.580031380057335 91.125583667308092 33.182067848742008 11.763231217861174
leaf_count=84 66 76 64 58 310 20169 198 237 205 454 150 58
internal_value=-1.92718e-06 -0.000115686 -0.00570825 0.000830213 -1.32148e-05 -5.27888e-05 0.00201094 0.00115802 -0.00315642 0.00384415 -0.00887005 0.00854321
internal_weight=4632.96 4388.7 75.0288 25.4171 4313.67 4298.09 244.261 220.217 84.2289 135.988 49.6118 24.0445
internal_count=22129 20911 348 122 20563 20479 1218 1094 403 691 226 124
is_linear=0
shrinkage=0.02


Tree=336
num_leaves=14
num_cat=0
split_feature=7 3 7 3 3 6 5 3 3 6 2 6 3
split_gain=2.64346 14.2532 7.85948 7.04802 10.3393 8.08785 6.92704 10.204 18.3838 15.7771 8.695 7.85553 5.18968
threshold=0.97192838342499011 23.944999694824222 9.7286886328025908 22.965000152587894 22.615000724792484 1.1170984157664596 1.7009565327806742 24.159999847412113 23.944999694824222 -16.370224799037903 0.96138301156432326 -8.9580287220300736 27.520000457763675
decision_type=2 2 2 2 2 2 2 2 2 2 2 2 2
left_child=6 3 12 4 -2 -5 10 8 -8 -9 -1 -12 -3
right_child=1 2 -4 5 -6 -7 7 9 -10 -11 11 -13 -14
leaf_value=-0.011096101295885657 0.00010147839874209999 -0.0084740830720982947 0.0078003356984424057 -0.0028331156684328431 -0.0092495831611170594 0.012952969354337814 -0.001045431142207134 -0.0071781437447234709 -0.021004907238520106 0.003247431796986697 -0.0043563495623279774 0.0027922626484941093 -0.0021303999120143003
leaf_weight=16.165875300765038 1799.9063026309013 134.70843245089054 14.27252161502838 18.752044260501862 44.570859014987946 30.813658475875854 1118.7963246405125 62.409484559670091 14.786684632301329 467.05002587288618 63.329003445804119 759.59717671200633 87.596202209591866
leaf_count=73 8501 634 71 87 203 151 5197 312 63 2428 297 3681 431
internal_value=-1.74116e-06 -0.000518946 -0.00510452 6.33697e-05 -0.000144012 0.00721508 0.000438795 -0.000309178 -0.00137873 0.00197392 0.00191568 0.00222372 -0.00605628
internal_weight=4632.75 2130.62 236.577 1894.04 1844.48 49.5657 2502.13 1663.04 1133.58 529.46 839.092 822.926 222.305
internal_count=22129 10078 1136 8942 8704 238 12051 8000 5260 2740 4051 3978 1065
is_linear=0
shrinkage=0.02


Tree=337
num_leaves=14
num_cat=0
split_feature=4 6 1 7 4 3 6 7 3 3 7 2 2
split_gain=2.59999 8.83605 6.68507 13.5931 4.30655 16.9568 12.94 12.9036 6.8011 13.2139 11.2564 3.20683 1.12881
threshold=12.254068422924314 5.0023179069113644 0.97411646726758561 0.38556881387496128 18.406680754728004 24.935000419616703 -12.690887218303359 0.58889869507675607 25.835000038146976 25.550000190734867 -1.5260849191490171 0.98238976403977352 0.98521171582796085
decision_type=2 2 2 2 2 2 2 2 2 2 2 2 2
left_child=1 2 11 -4 5 6 -2 -7 9 -6 -10 -1 -3
right_child=4 12 3 -5 8 7 -8 -9 10 -11 -12 -13 -14
leaf_value=-0.0019403292152234762 -0.011447130973693615 0.0025369973940507769 -0.0044883609821693869 0.0069362088537192716 -0.00050299005365941841 -0.00071223366474576337 0.002553573845424604 -0.011359325875944314 0.0042730100434235111 -0.013525608928393542 -0.0023864514424719692 -0.014779443400162684 0.011513591514945963
leaf_weight=13.034265011548994 23.226047620177269 12.105867370963098 162.45737886428833 51.709709346294403 2656.2451861947775 148.98495899140835 994.11200957000256 61.949276149272919 292.87410915270448 27.546888589859009 151.12435732036829 22.056186646223068 14.608528859913347
leaf_count=61 103 59 776 251 12475 742 4710 290 1619 124 746 99 74
internal_value=-2.40924e-06 -0.0018707 -0.00307535 -0.00165335 0.000117561 0.00111906 0.00219035 -0.00399239 -0.000276653 -0.000656586 0.00200525 -0.0106969 0.00830593
internal_weight=4632.03 275.972 249.258 214.167 4356.06 1228.27 1017.34 210.934 3127.79 2683.79 443.998 35.0905 26.7144
internal_count=22129 1320 1187 1027 20809 5845 4813 1032 14964 12599 2365 160 133
is_linear=0
shrinkage=0.02


Tree=338
num_leaves=11
num_cat=0
split_feature=0 4 7 0 1 6 7 6 4 6
split_gain=2.65076 3.14338 3.06544 7.85796 12.1978 7.06998 5.60452 8.70523 7.72875 0.184405
threshold=1.0216542970300335 19.315314241844046 -8.793002323611514 0.93665821918431591 1.1653714002390823 -5.1819594885119935 -4.5996851509496146 4.5085460518485059 27.7465996055608 -16.370224799037903
decision_type=2 2 2 2 2 2 2 2 2 2
left_child=2 -2 3 5 -5 -1 7 -4 -8 -3
right_child=1 9 6 4 -6 -7 8 -9 -10 -11
leaf_value=0.0040191440423488897 -0.0032815560705799418 0.0042013565174075056 0.001151182145645037 -0.014284117427837981 -0.00056802872922875859 -0.0043811403650028573 -0.0006999644993046718 0.0096880726557155086 0.0013377595220962809 0.011594800687892079
leaf_weight=96.336514987051487 8.912818409502508 9.1467852778732794 430.11154658719897 40.746014922857285 62.518337415531278 62.800378911197186 2857.3884809687734 49.995538275688887 1002.4305248819292 10.963349077850578
leaf_count=482 43 48 2087 186 325 296 13510 255 4814 83
internal_value=-2.94121e-06 0.00564326 -4.34165e-05 -0.00212588 -0.00631097 0.000677989 8.43352e-05 0.00211287 -0.000169912 0.00948694
internal_weight=4631.35 29.023 4602.33 262.401 103.264 159.137 4339.93 480.107 3859.82 20.1101
internal_count=22129 174 21955 1289 511 778 20666 2342 18324 131
is_linear=0
shrinkage=0.02


Tree=339
num_leaves=15
num_cat=0
split_feature=3 3 3 3 1 4 3 3 3 6 4 4 1 2
split_gain=2.60793 18.3746 16.0649 18.5403 15.7602 14.7927 14.6242 23.4356 21.948 10.424 9.99601 4.76279 4.05266 2.29709
threshold=16.105000495910648 15.864999771118166 18.170000076293949 17.894999504089359 1.2217496471219385 47.710586257982392 20.025000572204593 20.195000648498539 19.314999580383304 -0.9248560714959887 24.567013306977703 20.124683601239138 0.92476047193093713 0.96560325716620499
decision_type=2 2 2 2 2 2 2 2 2 2 2 2 2 2
left_child=1 4 3 5 10 -2 8 -8 -4 11 -1 -3 -5 -11
right_child=2 9 6 12 -6 -7 7 -9 -10 13 -12 -13 -14 -15
leaf_value=-0.001672793145775973 0.0025259046563299754 -0.0082112830040515956 -0.00025931568203338521 0.022729340831915672 0.017808714784200583 -0.016152285657131671 0.016831364085967408 0.00018243368872419841 -0.0082878793871934749 -0.0045736586580922998 0.0015545547753435527 0.0037488940423235006 0.009307713811761523 -0.015779974058289525
leaf_weight=896.02248698472977 551.90368068218231 18.61315231025219 382.50323092937469 12.098053321242331 15.469971030950544 13.541193366050718 30.509671285748482 1695.7175751198083 207.74878826737404 13.405979931354521 665.49115885794163 28.636577099561691 52.717639416456223 46.82725515961647
leaf_count=4206 2615 85 1789 63 79 60 152 8297 951 61 3170 136 258 207
internal_value=-2.73008e-06 -0.000629595 0.000355977 0.00317636 -7.46723e-05 0.00196828 -0.000415537 0.000514921 -0.00312187 -0.00847657 -0.000296893 -0.00123575 0.0129885 -0.0137259
internal_weight=4631.21 1684.47 2946.74 630.261 1576.98 565.445 2316.48 1726.23 590.252 107.483 1561.51 47.2497 64.8157 60.2332
internal_count=22129 7944 14185 2996 7455 2675 11189 8449 2740 489 7376 221 321 268
is_linear=0
shrinkage=0.02


Tree=340
num_leaves=9
num_cat=0
split_feature=0 6 2 3 3 3 4 2
split_gain=2.61064 4.25345 3.70867 13.9734 5.10253 2.41462 6.5448 5.7853
threshold=0.56818063687639364 24.619896448867621 0.97823248633147597 21.775000572204593 21.460000038146976 15.864999771118166 43.963538321007725 0.96213800665217108
decision_type=2 2 2 2 2 2 2 2
left_child=-1 2 3 -2 -4 6 -3 -7
right_child=1 5 4 -5 -6 7 -8 -9
leaf_value=-0.006783757367196175 -0.0023533872203921179 0.00048967593360207951 0.0007820274837609211 0.0030631461871249745 -0.00086513410572085778 0.0044758290360957581 0.014272457163836277 -0.0091215242479293964
leaf_weight=18.59671239554882 815.33833312988281 30.472607254981995 2340.8037562817335 244.5047145858407 1103.8251136541367 42.515941068530083 21.613440975546837 13.152535513043402
leaf_count=88 3799 144 11062 1185 5473 205 113 60
internal_value=-2.33747e-06 3.086e-05 -6.47072e-05 -0.00109698 0.000253806 0.00388519 0.00681894 0.000867127
internal_weight=4630.82 4612.23 4504.47 1059.84 3444.63 107.755 52.086 55.6685
internal_count=22129 22041 21519 4984 16535 522 257 265
is_linear=0
shrinkage=0.02


Tree=341
num_leaves=8
num_cat=0
split_feature=5 3 3 7 7 1 7
split_gain=2.62289 2.98431 18.2255 20.6211 19.9205 15.1882 17.9916
threshold=0.61369473495398175 16.295000076293949 18.170000076293949 11.298322225571816 -1.4175723445620563 1.2068645499005688 -1.7801488911143866
decision_type=2 2 2 2 2 2 2
left_child=-1 5 3 -3 -4 6 -2
right_child=1 2 4 -5 -6 -7 -8
leaf_value=-0.0071084222416215497 -0.0045271496880966589 0.0043405914740507782 0.0018291284008060153 -0.014483853448577413 -0.0019318527402426655 0.014999114371513734 0.00029558099080831494
leaf_weight=16.683495432138443 402.01590995490551 558.77037727832794 957.95711573027074 20.437813147902489 1355.5986451134086 20.532704100012779 1298.7035798728466
leaf_count=88 1853 2665 4771 91 6404 103 6154
internal_value=-2.22178e-06 2.96079e-05 0.000421781 0.00358157 -0.000374102 -0.000628935 -0.000852363
internal_weight=4630.7 4614.02 2892.76 579.208 2313.56 1721.25 1700.72
internal_count=22129 22041 13931 2756 11175 8110 8007
is_linear=0
shrinkage=0.02


Tree=342
num_leaves=13
num_cat=0
split_feature=3 3 6 1 1 3 5 3 3 3 3 4
split_gain=2.61229 12.9301 10.9773 10.6719 11.5595 8.13024 7.5149 4.11477 16.4015 16.1823 3.19155 1.77686
threshold=12.765000343322756 12.519999980926515 -3.9714063280270548 0.93777785486639609 1.0104248054653673 12.325000286102297 0.67009664601016627 16.105000495910648 18.170000076293949 15.864999771118166 12.555000305175783 27.862997860926551
decision_type=2 2 2 2 2 2 2 2 2 2 2 2
left_child=1 3 -3 5 -5 -1 11 9 -9 -8 -4 -2
right_child=6 2 10 4 -6 -7 7 8 -10 -11 -12 -13
leaf_value=0.00086888994110074049 -0.0032894685311119047 -0.0065821201062440616 0.0028966355021688445 0.0085599340019205782 -0.0052170948011892437 -0.01391423022979389 -0.00030230774576977615 0.0032575515663410487 -0.00038736339537547807 -0.0082780247589287845 0.013694003087350387 -0.013521898984289347
leaf_weight=24.212566301226616 15.663488626480104 13.966158285737036 16.756476581096649 52.694625735282898 39.173554226756096 32.850877106189728 1326.033205717802 623.80674840509892 2310.8460334707052 106.24737460911274 52.185221016407013 15.432010680437086
leaf_count=114 77 66 82 264 183 147 6235 2965 11163 483 272 78
internal_value=-2.29416e-06 0.0020484 0.00818418 -0.00149201 0.0027127 -0.00799559 -0.000112158 -3.8043e-05 0.0003908 -0.000915357 0.0113724 -0.00932997
internal_weight=4629.87 231.839 82.9079 148.932 91.8682 57.0634 4398.03 4366.93 2934.65 1432.28 68.9417 31.0955
internal_count=22129 1128 420 708 447 261 21001 20846 14128 6718 354 155
is_linear=0
shrinkage=0.02


Tree=343
num_leaves=11
num_cat=0
split_feature=3 0 6 3 3 3 2 3 3 6
split_gain=2.58765 4.22372 2.94972 9.0339 10.3549 6.88082 5.05649 11.94 7.86831 1.9458
threshold=34.385000228881843 0.92821155005848222 12.283812782236204 17.154999732971195 18.279999732971195 14.614999771118166 0.97823248633147597 21.775000572204593 21.460000038146976 -2.232699916521891
decision_type=2 2 2 2 2 2 2 2 2 2
left_child=2 -2 6 5 -5 -4 7 -1 -8 -3
right_child=1 9 3 4 -6 -7 8 -9 -10 -11
leaf_value=-0.0030164815458426971 -0.0056301094069075817 0.0024506173627673231 0.0016457513788633075 0.01343418778032498 0.002253903027481624 -0.0051770956817794719 0.00079490465733550399 0.0026298984806295412 -0.0012934860191128929 0.015383482250109924
leaf_weight=606.47971338033676 6.608732525259259 10.078475924208764 129.57339632511139 35.710706919431686 216.3139906078577 102.61854137480259 2263.4262426048517 195.10582275688648 1054.5577864050865 8.9916753657162154
leaf_count=2811 45 117 627 179 1042 473 10698 941 5092 104
internal_value=-2.62939e-06 0.00588398 -4.05429e-05 0.00142949 0.00402323 -0.00140625 -0.000214551 -0.00163592 0.000130391 0.0101585
internal_weight=4629.47 25.6789 4603.79 484.217 252.025 232.192 4119.57 801.586 3317.98 19.0702
internal_count=22129 266 21863 2321 1221 1100 19542 3752 15790 221
is_linear=0
shrinkage=0.02


Tree=344
num_leaves=13
num_cat=0
split_feature=5 4 5 5 6 4 1 0 2 6 5 4
split_gain=2.59842 9.55709 11.2267 6.40126 6.06861 5.42552 5.37669 4.10176 13.1767 6.59776 2.68035 0.863072
threshold=0.97421432345455794 12.673370617212397 0.82411312825004113 1.0101176051466512 7.9703761599237097 16.319515680141251 0.97411646726758561 0.95808116734326887 1.0012820200328099 9.4714614498412999 0.80569758307639305 17.252366496843287
decision_type=2 2 2 2 2 2 2 2 2 2 2 2
left_child=1 10 5 6 -4 -3 -2 9 -9 -5 -1 -8
right_child=3 2 4 7 -6 -7 11 8 -10 -11 -12 -13
leaf_value=-0.017748053226723841 -0.00064756523821940775 -0.0056969649229070309 -0.0025518656508044498 -0.00093209338633347112 -0.015023953153040812 0.0055279443137275933 0.0056979256357395629 0.0060363279605658536 0.00018792329838714504 0.0013185398879739982 -0.0042643158393606091 0.014964346456100494
leaf_weight=13.212795823812487 23.116990000009537 16.976857915520668 161.97118438780308 2175.081737741828 13.676864653825758 108.84997108578682 14.840187236666681 172.46505019068718 1217.9242364503443 680.93930269777775 14.065896794199942 16.090803802013397
leaf_count=59 109 82 763 10268 60 555 73 833 5920 3260 65 82
internal_value=-2.16786e-06 -0.00170493 -0.000604922 0.000129465 -0.0038359 0.00388459 0.00672609 3.92529e-05 0.000928599 -0.000394398 -0.0122298 0.0116801
internal_weight=4629.21 328.754 301.475 4300.46 175.648 125.827 54.048 4246.41 1390.39 2856.02 27.2787 30.931
internal_count=22129 1584 1460 20545 823 637 264 20281 6753 13528 124 155
is_linear=0
shrinkage=0.02


Tree=345
num_leaves=6
num_cat=0
split_feature=2 2 3 3 5
split_gain=2.59116 4.15886 2.90224 12.2545 7.3209
threshold=0.86624316858510697 0.89316604305858982 12.765000343322756 12.519999980926515 0.67009664601016627
decision_type=2 2 2 2 2
left_child=-1 -2 3 -3 -4
right_child=1 2 4 -5 -6
leaf_value=-0.0066931371908179162 0.0087100499418833553 -0.0013236584313598462 -0.0092298113168171741 0.0081569651134686168 -5.2635302809096462e-05
leaf_weight=19.037557169795036 17.979699715971947 146.23087801039219 31.051938220858574 82.122625753283501 4332.6047071572393
leaf_count=88 88 696 155 417 20685
internal_value=-2.34957e-06 3.10594e-05 -1.04735e-05 0.00216758 -0.000126333
internal_weight=4629.03 4609.99 4592.01 228.354 4363.66
internal_count=22129 22041 21953 1113 20840
is_linear=0
shrinkage=0.02


Tree=346
num_leaves=14
num_cat=0
split_feature=7 5 4 6 5 5 4 7 7 5 4 7 5
split_gain=2.52737 11.4433 12.016 11.6611 11.4422 7.10562 11.8495 8.69498 6.13828 13.0491 7.28309 2.41048 1.44196
threshold=-8.1300048713967232 2.0841674748641776 38.969470457934754 -8.2433031030455997 4.7674969647808902 4.1175909327197129 46.854658898819757 -6.5685352344831189 -4.5996851509496146 2.3003741921890613 27.7465996055608 -8.793002323611514 1.814726086237348
decision_type=2 2 2 2 2 2 2 2 2 2 2 2 2
left_child=1 11 4 -4 -3 8 7 -7 9 -2 -10 12 -1
right_child=5 2 3 -5 -6 6 -8 -9 10 -11 -12 -13 -14
leaf_value=-0.0062598289233450448 0.0061430024946813044 -0.0040000444217382653 0.014344456782101998 -0.0063568998643514178 0.0076414489243124863 0.007367599940491798 0.0090519165585515923 -0.0063443499462021002 -0.00044651261642913173 -0.0010860856938295627 0.0016118623652338002 -0.0030180177347413663 -0.018222531261702823
leaf_weight=13.145737782120706 203.70986656472087 196.29000161960721 33.90619121491909 12.582916494458912 36.799722868949175 17.246001999825239 23.557584851980209 177.634959731251 2786.4572365991771 190.41295596212149 908.41516213864088 14.008185267448424 14.718728542327879
leaf_count=61 1017 942 197 61 192 89 119 839 13195 913 4373 66 65
internal_value=-2.3099e-06 -0.0017018 -0.000180099 0.00868163 -0.0020642 0.000125979 -0.00335542 -0.00500713 0.000315057 0.00267458 6.07518e-05 -0.0109604 -0.0140731
internal_weight=4628.89 321.451 279.579 46.4891 233.09 4307.43 218.439 194.881 4089 394.123 3694.87 41.8727 27.8645
internal_count=22129 1584 1392 258 1134 20545 1047 928 19498 1930 17568 192 126
is_linear=0
shrinkage=0.02


Tree=347
num_leaves=12
num_cat=0
split_feature=0 4 5 2 3 5 6 0 4 2 3
split_gain=2.5622 4.11989 2.90738 16.0996 11.2592 6.76186 29.423 7.6946 2.40253 1.77607 0.576629
threshold=1.0114235679137955 26.753406865235782 5.537101053848084 1.066492436984074 17.894999504089359 4.2511395408478121 -6.8404007274198033 0.74752458784445663 15.023961769809009 1.0851786791031273 21.460000038146976
decision_type=2 2 2 2 2 2 2 2 2 2 2
left_child=2 8 5 4 -4 7 -7 -1 -2 -10 -3
right_child=1 10 3 -5 -6 6 -8 -9 9 -11 -12
leaf_value=0.006235506930051966 0.0075078098049572873 0.013642885887590035 -0.00068242735626405514 -0.014813275283576195 0.014843542025114677 0.0084055259502180523 -0.0089949591512904527 -9.0723748614395428e-05 -0.0041759551450983139 0.0032139231884179813 0.0043367498829267534
leaf_weight=74.333724677562714 11.411913238465784 9.949042811989786 35.568065196275711 12.054942745715378 34.588116623461246 51.61282105743885 127.31728632748127 4213.5250410828739 30.825635802000761 17.153573617339134 10.055103104561566
leaf_count=360 59 55 169 61 191 262 592 20059 148 95 78
internal_value=-2.25327e-06 0.00347171 -6.58823e-05 0.00357211 0.0073599 -0.000135976 -0.0039017 2.46562e-05 0.000603639 -0.00148991 0.0104673
internal_weight=4628.4 79.3953 4549 82.2111 70.1562 4466.79 178.93 4287.86 59.3911 47.9792 20.0041
internal_count=22129 435 21694 421 360 21273 854 20419 302 243 133
is_linear=0
shrinkage=0.02


Tree=348
num_leaves=9
num_cat=0
split_feature=0 6 2 4 4 3 4 2
split_gain=2.54166 3.94385 3.52505 10.3905 4.21737 2.37443 6.30189 5.4788
threshold=0.56818063687639364 24.619896448867621 0.9661750880067923 19.058902002992593 24.567013306977703 15.864999771118166 43.963538321007725 0.96213800665217108
decision_type=2 2 2 2 2 2 2 2
left_child=-1 2 3 -2 -4 6 -3 -7
right_child=1 5 4 -5 -6 7 -8 -9
leaf_value=-0.0066996452138131796 0.0028766470263571443 0.00045116764149089273 -0.00034891918127452875 -0.0031502168673314089 0.0010065816839117097 0.0042756507934762966 0.013984430556739303 -0.0089651269863151948
leaf_weight=18.551546916365623 153.46772435307503 30.452137738466263 2476.7792769894004 418.00199981033802 1453.6942530833185 42.484545007348061 21.538339480757713 13.121211707592009
leaf_count=88 730 144 11767 1951 7071 205 113 60
internal_value=-1.69871e-06 3.10431e-05 -6.09688e-05 -0.00152296 0.000152929 0.00374511 0.00665618 0.000759286
internal_weight=4628.09 4609.54 4501.94 571.47 3930.47 107.596 51.9905 55.6058
internal_count=22129 22041 21519 2681 18838 522 257 265
is_linear=0
shrinkage=0.02


Tree=349
num_leaves=13
num_cat=0
split_feature=5 4 5 5 4 1 5 0 2 6 5 4
split_gain=2.50718 9.21647 10.9008 6.19464 5.98114 5.23531 5.20927 3.92804 12.6724 6.32648 2.59799 0.831158
threshold=0.97421432345455794 12.673370617212397 0.82411312825004113 1.0101176051466512 23.59933734666474 0.97411646726758561 0.61369473495398175 0.95808116734326887 1.0012820200328099 9.4714614498412999 0.80569758307639305 17.252366496843287
decision_type=2 2 2 2 2 2 2 2 2 2 2 2
left_child=1 10 6 5 -4 -2 -3 9 -9 -5 -1 -7
right_child=3 2 4 7 -6 11 -8 8 -10 -11 -12 -13
leaf_value=-0.017449874110005245 -0.00065343503152855348 -0.0060965837344201784 -1.7962988676321312e-05 -0.00091201543298424933 -0.0073202159890633006 0.0056223864553810819 0.0053488906157610682 0.0059191770929412071 0.00018296194799779459 0.0012923348663308775 -0.0041814508563280785 0.014742549887167548
leaf_weight=13.191275909543039 23.116052433848381 15.057368755340574 87.188660338521004 2174.5622439719737 88.476870819926262 14.829274877905847 110.66108655929565 172.41141358017921 1217.698550209403 680.60420423001051 14.069790557026861 16.066821090877056
leaf_count=59 109 80 415 10268 408 73 557 833 5920 3260 65 82
internal_value=-1.605e-06 -0.00167448 -0.000594216 0.00012771 -0.00377696 0.00661901 0.00383234 3.8969e-05 0.000909351 -0.000385478 -0.0120131 0.0115114
internal_weight=4627.93 328.645 301.384 4299.29 175.666 54.0121 125.718 4245.28 1390.11 2855.17 27.2611 30.8961
internal_count=22129 1584 1460 20545 823 264 637 20281 6753 13528 124 155
is_linear=0
shrinkage=0.02


Tree=350
num_leaves=15
num_cat=0
split_feature=7 3 1 7 7 2 0 7 6 3 2 3 3 6
split_gain=2.56167 7.53196 12.3315 12.2657 7.31417 9.77291 21.7824 9.55719 10.6263 7.21204 5.93167 5.63624 5.57056 4.22137
threshold=2.9665148163169253 22.690000534057621 1.0283282990584364 7.8421800703817643 2.01620415693893 1.0060831577636258 0.91036386176426543 0.97192838342499011 4.8242164760780479 21.460000038146976 0.98583176380981108 19.920000076293949 12.555000305175783 5.9558035248934935
decision_type=2 2 2 2 2 2 2 2 2 2 2 2 2 2
left_child=4 2 12 10 7 6 -6 11 -9 -7 -3 -1 -2 -5
right_child=1 3 -4 13 5 9 -8 8 -10 -11 -12 -13 -14 -15
leaf_value=-0.00041348039992180941 -0.0062083203150569647 -0.013591116805272672 0.012385164570909797 0.010521846259898049 -0.0017014671000259022 0.0019761858415003348 0.010301524163214053 -0.004859413692888395 0.0021893440701802568 -0.0078562200791765773 -0.0043971262831587242 0.001496148326890435 -0.00013349423866471091 -0.0015277576585916285
leaf_weight=1395.451750561595 59.951462268829346 38.769812226295471 26.634612008929253 20.180207759141922 102.96717169880867 78.780347749590874 139.20291131734848 293.71233696490526 117.32009396702051 42.920686233788729 102.05777800455689 1104.1352478303015 1084.8512940257788 20.702340096235275
leaf_count=6557 279 177 131 102 478 374 686 1360 554 202 501 5494 5135 99
internal_value=-1.63213e-06 -0.000732367 -0.000138648 -0.00447449 0.000300861 0.00295804 0.00525331 -3.49298e-05 -0.00284579 -0.00163109 -0.0072337 0.000431097 -0.000472132 0.00482774
internal_weight=4627.64 1353.15 1171.44 181.71 3274.49 363.871 242.17 2910.62 411.032 121.701 140.828 2499.59 1144.8 40.8825
internal_count=22129 6424 5545 879 15705 1740 1164 13965 1914 576 678 12051 5414 201
is_linear=0
shrinkage=0.02


Tree=351
num_leaves=10
num_cat=0
split_feature=3 2 6 5 5 4 2 4 4
split_gain=2.51838 4.17678 2.68063 8.83184 11.3819 9.71501 6.29837 7.82414 7.57076
threshold=34.385000228881843 1.0352787472827529 10.074550115621165 2.8538462532317008 1.2020315282444185 19.466111752296538 0.96064628093832594 19.158315257980373 50.622920281966721
decision_type=2 2 2 2 2 2 2 2 2
left_child=2 -2 6 4 -4 -5 7 -1 -8
right_child=1 -3 3 5 -6 -7 8 -9 -10
leaf_value=0.0015638954129794935 -0.0019623113029187326 0.012650824417168045 -0.0078900261494295586 0.0073162858295163381 0.0043330678878125495 -0.0029163989367559711 -0.00010440606169045886 -0.0062368094868100674 0.012436956201436405
leaf_weight=77.442390456795692 13.285129681229593 12.273852614685891 29.890094041824341 39.57313060760498 327.88448314368725 249.89986807107925 3719.9967154711485 141.55482034385204 15.353605568408964
leaf_count=365 96 170 139 194 1588 1179 17659 649 90
internal_value=-1.63564e-06 0.00581748 -3.89817e-05 0.00115011 0.00323595 -0.00143686 -0.000234577 -0.00349973 -3.96079e-05
internal_weight=4627.15 25.559 4601.6 647.248 357.775 289.473 3954.35 218.997 3735.35
internal_count=22129 266 21863 3100 1727 1373 18763 1014 17749
is_linear=0
shrinkage=0.02


Tree=352
num_leaves=13
num_cat=0
split_feature=3 3 1 1 1 0 5 3 4 3 3 4
split_gain=2.50097 11.8872 10.7813 10.108 11.196 9.79111 7.09949 4.05588 12.6968 7.47634 3.56363 1.8468
threshold=12.765000343322756 12.519999980926515 1.0283282990584364 0.93777785486639609 1.0104248054653673 0.88088335795079187 0.67009664601016627 14.734999656677248 27.862997860926551 14.870000362396242 12.555000305175783 27.862997860926551
decision_type=2 2 2 2 2 2 2 2 2 2 2 2
left_child=1 3 10 5 -5 -1 11 8 -8 -9 -3 -2
right_child=6 2 -4 4 -6 -7 7 9 -10 -11 -12 -13
leaf_value=0.0010479022983191804 -0.0030323742839749746 0.0021658174760090382 -0.0071641697451613126 0.0084611995755342617 -0.005104058977272917 -0.014923899542412276 -0.002983650351079838 0.0065912704092412821 0.0021111599828870092 0.00013157749072426127 0.013344658128243727 -0.013341486534051207
leaf_weight=27.255939111113548 15.606805279850962 16.442935273051262 13.058979198336599 52.639739453792572 39.144228875637054 29.759802207350731 572.9049293845892 69.202865883708 292.62708355486393 3429.5600885339081 53.140099868178368 15.350697055459021
leaf_count=129 77 81 60 264 183 132 2665 332 1409 16440 279 78
internal_value=-1.26686e-06 0.002007 0.00790122 -0.00138773 0.00270431 -0.00772054 -0.000108745 -3.68053e-05 -0.00125936 0.000266726 0.0109644 -0.00908595
internal_weight=4626.69 231.442 82.642 148.8 91.784 57.0157 4395.25 4364.29 865.532 3498.76 69.583 30.9575
internal_count=22129 1128 420 708 447 261 21001 20846 4074 16772 360 155
is_linear=0
shrinkage=0.02


Tree=353
num_leaves=15
num_cat=0
split_feature=7 5 3 5 1 3 3 7 7 5 4 7 6 5
split_gain=2.52194 11.3891 9.11054 13.9923 12.1304 8.88869 20.8788 12.634 7.03826 10.672 10.2208 9.19382 10.1787 6.60246
threshold=2.9665148163169253 1.2119660696022672 14.684999942779543 0.85831979591625907 0.90810499563384484 18.640000343322757 16.644999504089359 10.038505511124344 2.01620415693893 3.5523155933948334 15.112571315447555 0.97192838342499011 4.8242164760780479 1.7009565327806742
decision_type=2 2 2 2 2 2 2 2 2 2 2 2 2 2
left_child=8 2 3 -2 -4 6 -3 -7 11 10 -10 13 -13 -1
right_child=1 5 4 -5 -6 7 -8 -9 9 -11 -12 12 -14 -15
leaf_value=0.0018690085237714987 0.012812961760442948 -0.00061956729582714946 0.0074491684104035991 -0.0054163313363320932 -0.011501860067494284 -0.0031048161561073972 0.0072549928889687103 0.007724718601246499 -0.0039784741443419673 -0.0091777318706734116 0.0053236482659929701 -0.004758944951198346 0.0021408045048743381 -0.0003043381946628263
leaf_weight=838.19406540878117 20.251393914222717 511.35278369486332 12.886791810393332 51.13478946685791 92.97638250887394 441.5988081023097 178.5816620439291 43.881331235170364 53.371869720518589 23.431024834513664 286.86693677678704 293.63628993183374 117.28398232907057 1660.872893769294
leaf_count=4051 108 2412 62 237 423 2102 860 220 249 106 1385 1360 554 8000
internal_value=-1.45816e-06 -0.000726644 -0.00539319 0.000160559 -0.00900772 -7.03708e-06 0.00144874 -0.00207083 0.000298707 0.00290605 0.00383519 -3.06817e-05 -0.00278798 0.00042643
internal_weight=4626.32 1352.66 177.249 71.3862 105.863 1175.41 689.934 485.48 3273.66 363.67 340.239 2909.99 410.92 2499.07
internal_count=22129 6424 830 345 485 5594 3272 2322 15705 1740 1634 13965 1914 12051
is_linear=0
shrinkage=0.02


Tree=354
num_leaves=15
num_cat=0
split_feature=0 5 5 5 7 0 1 5 0 6 7 5 7 6
split_gain=2.53643 7.13962 16.0152 12.6794 7.67597 6.33908 4.87355 4.07971 11.1396 12.9953 7.32591 5.07323 18.1966 6.74361
threshold=0.98289179695244655 2.3358949370714415 1.798153181429732 2.9962848314713413 -0.94629594024372032 1.0055783211810778 1.0872290819069084 0.97421432345455794 0.94443740849186886 7.5759197720884357 -0.32292801917804415 2.3358949370714415 9.4476757798085913 -7.6670974517706592
decision_type=2 2 2 2 2 2 2 2 2 2 2 2 2 2
left_child=7 2 4 -3 -2 -4 -5 8 9 -1 -10 12 -9 -13
right_child=1 3 5 6 -6 -7 -8 11 10 -11 -12 13 -14 -15
leaf_value=0.0093973470853237224 0.0058914038276575613 0.010502564931243743 -0.0081188309869968077 0.0072221208798215614 7.9206658026609818e-05 0.0017495853020980585 -0.004739774542817982 0.00037056422617243694 0.0013122381982003915 -0.0064817873230840969 -0.0082868845199025008 0.0017002579725229007 0.015735848399481282 -0.0015686902342167228
leaf_weight=48.761497467756271 135.95982458814979 74.236510982736945 102.8549669533968 14.819548729807137 259.55312048643827 32.773496082052588 46.211958330124617 2147.0631417110562 42.030209347605705 30.281262889504433 115.15391245484352 313.4871470592916 27.28399546444416 1235.1312552616
leaf_count=243 680 395 490 74 1249 175 243 10167 202 143 545 1523 144 5856
internal_value=-1.33272e-06 0.00113639 7.89249e-05 0.00516707 0.00211616 -0.0057524 -0.00156964 -0.000193787 -0.00271992 0.00329486 -0.00575126 -3.07531e-05 0.000591911 -0.000904281
internal_weight=4625.6 666.409 531.141 135.268 395.513 135.628 61.0315 3959.19 236.227 79.0428 157.184 3722.97 2174.35 1548.62
internal_count=22129 3306 2594 712 1929 665 317 18823 1133 386 747 17690 10311 7379
is_linear=0
shrinkage=0.02


Tree=355
num_leaves=13
num_cat=0
split_feature=7 5 4 6 5 3 5 4 7 3 3 6
split_gain=2.48935 11.0939 11.494 11.1643 10.9949 10.3858 6.52945 11.2907 8.34819 6.53881 16.9055 9.02984
threshold=-8.1300048713967232 2.0841674748641776 38.969470457934754 -8.2433031030455997 4.7674969647808902 20.114999771118168 4.1175909327197129 46.854658898819757 -6.5685352344831189 27.520000457763675 26.774999618530277 -15.209843477547983
decision_type=2 2 2 2 2 2 2 2 2 2 2 2
left_child=1 5 4 -4 -3 -1 9 8 -8 10 -2 -11
right_child=6 2 3 -5 -6 -7 7 -9 -10 11 -12 -13
leaf_value=-0.019250050231345843 0.00025808199478918848 -0.0039265292633432263 0.01406387188634857 -0.0062083824214662145 0.0074928230156762346 -6.3307826982413141e-05 0.0072998750761563615 0.008907624208259286 -0.0061433966558754284 -0.0092430454553897295 -0.0092667973782876376 0.0037729393797275462
leaf_weight=21.659539252519608 3673.9816669374704 196.19053928926587 33.70897432230413 12.582349475473164 36.73905810713768 20.191313274204731 17.205556590110064 23.490873351693153 177.17822068557143 19.047647394239902 72.078298658132553 321.22134714573622
leaf_count=93 17328 942 197 61 192 99 89 119 839 94 330 1746
internal_value=-8.73249e-07 -0.00168854 -0.000188612 0.00849818 -0.00202931 -0.0108063 0.000126469 -0.00321521 -0.00483029 0.000307611 6.51239e-05 0.0029454
internal_weight=4625.28 321.072 279.221 46.2913 232.93 41.8509 4304.2 217.875 194.384 4086.33 3746.06 340.269
internal_count=22129 1584 1392 258 1134 192 20545 1047 928 19498 17658 1840
is_linear=0
shrinkage=0.02


Tree=356
num_leaves=11
num_cat=0
split_feature=0 1 5 0 0 0 7 7 6 6
split_gain=2.45876 3.23795 6.51765 6.52588 6.38523 5.11896 6.09201 4.97234 2.35179 5.25436
threshold=1.0216542970300335 1.1069564633594704 4.6458182585095633 0.89090443145558418 0.87196947395050461 0.99694236670345004 6.3365205387337999 -4.5996851509496146 -16.93568168473832 -10.09403609843563
decision_type=2 2 2 2 2 2 2 2 2 2
left_child=1 5 4 -4 -3 7 -7 -1 -2 -10
right_child=8 2 3 -5 -6 6 -8 -9 9 -11
leaf_value=0.0021544002888765805 -0.0022595007675881872 -0.011792305486442143 -0.00085620240483758839 0.013433435232982334 -0.001787907903001533 0.0045871000623006024 -0.0080244339371994908 -0.0002435624305266969 0.016600491093178009 -0.0019192193558662657
leaf_weight=378.65939605981112 9.2457705065608042 23.631912067532539 30.069587022066116 17.682886194437742 377.03558216802776 159.86890858784318 13.260441020131109 3595.5500016212463 10.156803473830225 9.4909952227026206
leaf_count=1825 46 107 158 101 1859 795 61 17049 59 69
internal_value=-1.06775e-06 -4.00306e-05 -0.00164669 0.00506459 -0.00248871 0.000135104 0.00346175 -1.315e-05 0.00544754 0.00884301
internal_weight=4624.65 4595.76 448.42 47.7525 400.667 4147.34 173.129 3974.21 28.8936 19.6478
internal_count=22129 21955 2225 259 1966 19730 856 18874 174 128
is_linear=0
shrinkage=0.02


Tree=357
num_leaves=14
num_cat=0
split_feature=3 1 1 2 1 6 3 4 0 3 3 1 3
split_gain=2.47181 19.7572 21.0092 16.871 15.4966 11.2831 10.4463 11.0337 14.3929 10.7526 9.74322 7.20057 6.09705
threshold=13.444999694824221 1.0104248054653673 1.1038299234538151 1.0028502444423617 0.93681447736914059 -4.6630724821213603 14.119999885559084 25.775004177664531 0.92149460687955098 14.175000190734865 12.519999980926515 1.0096965177460164 13.605000019073488
decision_type=2 2 2 2 2 2 2 2 2 2 2 2 2
left_child=1 4 3 -3 10 -6 7 12 -9 -8 -1 -11 -2
right_child=6 2 -4 -5 5 -7 9 8 -10 11 -12 -13 -14
leaf_value=-0.0075849354336379607 -0.0012475908630279994 -0.018491052003271009 0.011975280377902764 -0.0027378988446865307 -0.0064338442942086195 0.0081037498190810794 0.013396212635499385 -0.004782791904875793 0.0088707671156499929 -0.00073308849186439103 0.0021450335460538547 0.0010353822147931972 -0.0089906976091826685
leaf_weight=56.54617378115654 60.438260316848755 39.746601223945618 20.249348595738411 76.448457941412926 20.70342093706131 215.19609513878822 20.245245099067688 68.144673898816109 50.074525445699692 2119.1809165403247 125.00030383467674 1622.4032200910151 130.20549835264683
leaf_count=259 282 179 100 357 96 1072 101 321 247 9986 603 7932 594
internal_value=-8.73767e-07 0.00124766 -0.00526036 -0.00856259 0.00340457 0.00674187 -0.000171817 -0.00368329 0.00110154 0.000120097 -0.000983736 3.40319e-05 -0.00661205
internal_weight=4624.58 553.89 136.444 116.195 417.446 235.9 4070.69 308.863 118.219 3761.83 181.546 3741.58 190.644
internal_count=22129 2666 636 536 2030 1168 19463 1444 568 18019 862 17918 876
is_linear=0
shrinkage=0.02


Tree=358
num_leaves=15
num_cat=0
split_feature=3 3 1 7 7 3 3 4 6 7 3 7 1 3
split_gain=2.41924 11.2573 10.3446 10.3196 8.51837 5.62398 4.56252 11.2268 22.8195 12.1505 7.4112 14.3376 6.04822 3.44364
threshold=12.765000343322756 12.519999980926515 1.0283282990584364 4.1202728363217505 -0.18456414373626187 12.325000286102297 14.734999656677248 26.111878557322907 -6.2275768393392879 -1.229811835758722 14.920000076293947 2.6723675426873683 1.1069564633594704 12.555000305175783
decision_type=2 2 2 2 2 2 2 2 2 2 2 2 2 2
left_child=1 3 13 4 -1 -5 7 9 -9 -2 11 -8 -12 -3
right_child=6 2 -4 5 -6 -7 10 8 -10 -11 12 -13 -14 -15
leaf_value=-0.0039798399722133556 -0.0071280725631517926 0.0020875924888813279 -0.0070432257085009812 -0.00011656053427337155 0.006788042920607331 -0.015327469381673798 0.010811808412235422 0.016258132366738759 -0.00034285834172962569 -0.00089509965553782888 0.00037188731509011817 -0.0052069259069861089 -0.0022092583604844894 0.013074979970279661
leaf_weight=51.347933530807495 194.43719051778316 16.416322007775307 13.030433624982832 15.396101653575895 59.156528159976006 22.676120787858963 63.739179104566574 33.044689908623695 311.26419438421726 342.2350884526968 3008.9947103522718 30.426128372550011 408.89578649587929 52.932195156812668
leaf_count=242 898 81 60 73 292 101 310 164 1490 1601 14329 140 2069 279
internal_value=-9.54879e-07 0.00197635 0.00772247 -0.00132854 0.00182031 -0.0097722 -0.000106611 -0.00139009 0.00141882 -0.00318934 0.000216558 0.00563467 6.08731e-05 0.0107297
internal_weight=4623.99 230.956 82.379 148.577 110.504 38.0722 4393.04 880.981 344.309 536.672 3512.06 94.1653 3417.89 69.3485
internal_count=22129 1128 420 708 534 174 21001 4153 1654 2499 16848 450 16398 360
is_linear=0
shrinkage=0.02


Tree=359
num_leaves=6
num_cat=0
split_feature=2 2 3 1 3
split_gain=2.4203 4.07175 2.70374 19.6671 9.38548
threshold=0.86624316858510697 0.89316604305858982 13.444999694824221 1.0104248054653673 14.119999885559084
decision_type=2 2 2 2 2
left_child=-1 -2 3 -3 -4
right_child=1 2 4 -5 -6
leaf_value=-0.0064784413341291312 0.0086256281563884124 0.0034917294205483594 -0.0035476276686266716 -0.0051844028597629026 8.7720928928578787e-05
leaf_weight=18.958203494548798 17.946229070425034 409.53020069003105 303.41975146532059 136.01224105060101 3737.7870121859014
leaf_count=88 88 1995 1419 635 17904
internal_value=-8.11522e-07 3.14575e-05 -9.65465e-06 0.00130664 -0.000188464
internal_weight=4623.65 4604.7 4586.75 545.542 4041.21
internal_count=22129 22041 21953 2630 19323
is_linear=0
shrinkage=0.02


Tree=360
num_leaves=15
num_cat=0
split_feature=7 7 0 6 7 0 1 4 6 7 4 7 1 1
split_gain=2.45592 6.56512 10.8308 7.99515 7.75618 10.7588 5.64522 5.21608 19.4371 10.7303 7.64075 13.1059 6.39782 2.05992
threshold=0.97192838342499011 1.9210201740223023 0.86169086720946464 -5.5419901265720322 2.9665148163169253 0.91036386176426543 1.0283282990584364 18.406680754728004 -11.486415025514599 -5.2948292467228866 24.743782615645049 -2.9928716577506678 1.0051250759783399 0.91269965325600622
decision_type=2 2 2 2 2 2 2 2 2 2 2 2 2 2
left_child=7 2 13 -4 5 -3 -6 8 -1 -10 12 -12 -9 -2
right_child=1 4 3 -5 6 -7 -8 10 9 -11 11 -13 -14 -15
leaf_value=-0.011623816304986321 0.0019666081482573898 -0.0024765764616669706 0.0030082439193789452 -0.0054479879870538862 -0.00096253370709283893 0.0045840314509549901 0.0058159355253523419 -0.0041684660962102186 0.0097419676956215003 0.0015038211928307549 -0.00044980147902840158 0.0057929981080258658 -0.00036287557079745734 0.010731531936718726
leaf_weight=39.298442855477333 25.874491289258003 121.11669526994228 50.429076880216599 279.74455745518208 1304.5575245320797 279.43683538585901 47.109737299382687 269.89867639541626 64.122321605682373 930.80533256009221 515.27239407226443 177.79839834198356 500.40461166203022 17.556695252656937
leaf_count=177 121 561 239 1295 6187 1353 237 1253 313 4472 2561 878 2397 85
internal_value=-8.47878e-07 -0.00049998 -0.00289195 -0.00413588 1.54551e-05 0.00244571 -0.00070982 0.000424107 0.00150847 0.00207165 -0.000344278 0.00117576 -0.00171092 0.00611597
internal_weight=4623.43 2125.83 373.605 330.174 1752.22 400.554 1351.67 2497.6 1034.23 994.928 1463.37 693.071 770.303 43.4312
internal_count=22129 10078 1740 1534 8338 1914 6424 12051 4962 4785 7089 3439 3650 206
is_linear=0
shrinkage=0.02


Tree=361
num_leaves=13
num_cat=0
split_feature=4 5 7 4 3 4 6 3 5 3 5 6
split_gain=2.42416 5.71628 3.54372 5.84887 5.31802 2.96688 16.1708 13.9505 7.18689 10.962 8.36751 0.622389
threshold=10.534053596283178 1.1302855117977471 -0.99656452701477749 9.6673968210477259 19.804999351501468 18.406680754728004 -12.690887218303359 25.444999694824222 0.82411312825004113 16.724999427795414 0.97421432345455794 -15.209843477547983
decision_type=2 2 2 2 2 2 2 2 2 2 2 2
left_child=1 -1 4 -4 -3 6 11 -8 9 -7 -10 -2
right_child=5 2 3 -5 -6 8 7 -9 10 -11 -12 -13
leaf_value=0.0070982881868759239 -0.015672720154845731 -0.015849403598414583 0.0084999964483329898 -0.0059708669351609279 -5.7567645002435319e-05 0.0096639557282233134 0.0020463954041853357 -0.0034081477396230709 -0.0054570607440552589 -0.0038058754105758353 -0.00023344341103071013 -0.0068146738733478231
leaf_weight=14.345425084233282 15.598270624876021 18.970278799533844 12.624827459454535 30.369057700037956 13.615063041448591 63.598869040608406 1159.4304275214672 219.8653452694416 124.10803858935833 34.879512071609497 2898.8118949439377 16.977299764752388
leaf_count=70 69 97 63 144 66 332 5496 1083 576 173 13883 77
internal_value=-5.25843e-07 -0.00318085 -0.00539062 -0.0013598 -0.00997884 6.53096e-05 0.000824765 0.00116958 -0.000278823 0.00493081 -0.000454831 -0.0123063
internal_weight=4623.19 89.9247 75.5792 42.9939 32.5853 4533.27 1411.87 1379.3 3121.4 98.4784 3022.92 32.5756
internal_count=22129 440 370 207 163 21689 6725 6579 14964 505 14459 146
is_linear=0
shrinkage=0.02


Tree=362
num_leaves=10
num_cat=0
split_feature=3 2 1 3 4 0 3 0 3
split_gain=2.41352 4.09912 2.76868 11.638 10.7244 10.46 6.41184 17.7832 14.413
threshold=34.385000228881843 1.0352787472827529 1.1069564633594704 15.954999923706056 25.565367395715288 0.87196947395050461 16.295000076293949 0.93665821918431591 18.170000076293949
decision_type=2 2 2 2 2 2 2 2 2
left_child=2 -2 6 4 -4 -5 7 -1 -8
right_child=1 -3 3 5 -6 -7 8 -9 -10
leaf_value=-0.0028788862923417569 -0.001977596239806775 0.012526276976235942 -0.0019350486016700573 -0.012556854621903382 0.011846329257434925 -0.0018359537941768894 0.0036448607585075634 0.0012859141173083761 -3.5221062964513642e-05
leaf_weight=836.15945525467396 13.269317407160999 12.130759222432969 43.083052814006805 37.154538124799728 41.346358120441437 336.52071134001017 539.30593018233776 797.77151422202587 1966.1737218573689
leaf_count=3916 96 170 201 176 201 1635 2576 3804 9354
internal_value=-1.0367e-06 0.00571109 -3.75318e-05 -0.00150588 0.00504447 -0.00302363 0.000126265 -0.000847236 0.000761466
internal_weight=4622.92 25.4001 4597.52 458.105 84.4294 373.675 4139.41 1633.93 2505.48
internal_count=22129 266 21863 2213 402 1811 19650 7720 11930
is_linear=0
shrinkage=0.02


Tree=363
num_leaves=14
num_cat=0
split_feature=4 6 0 2 7 4 0 6 4 2 6 1 2
split_gain=2.39713 8.51339 8.16716 8.0149 7.04404 4.08427 16.0714 12.4436 5.72355 9.15059 8.78698 4.85157 1.08499
threshold=12.254068422924314 5.0023179069113644 0.95808116734326887 0.99242127691552773 -1.3662296217312289 18.406680754728004 0.86169086720946464 -12.987017391064951 24.567013306977703 1.012342871323112 -3.774775209943392 0.97639236672171537 0.98521171582796085
decision_type=2 2 2 2 2 2 2 2 2 2 2 2 2
left_child=1 2 3 -1 -4 6 11 -8 10 -10 -7 -2 -3
right_child=5 12 4 -5 -6 8 7 -9 9 -11 -12 -13 -14
leaf_value=-0.0026965384063824503 0.0066083960061665316 0.0025187287246336604 -0.0069932611683968309 -0.014474878423301337 0.0025000696676379338 -0.0035905963519179728 -0.012063588933895175 0.00083553070614860152 -0.00046009952316807662 0.0026393442288759404 -0.00010677142479649526 0.019514918683052544 0.011347684430084959
leaf_weight=61.842155233025551 59.831842929124832 12.073619812726976 38.690430328249931 35.326375752687454 112.80707687139511 434.547802451998 26.734528839588165 1125.8776091560721 1298.5536715835333 534.71283094026148 853.35716323181987 13.751572921872137 14.585977487266062
leaf_count=294 288 59 185 166 542 2036 120 5367 6174 2700 4054 70 74
internal_value=-8.72504e-07 -0.00179689 -0.00298145 -0.00738165 -4.19267e-05 0.000114419 0.0010905 0.000495653 -0.000269952 0.0004477 -0.00128972 0.0099022 0.00819948
internal_weight=4622.69 275.326 248.666 97.1685 151.498 4347.37 1226.2 1152.61 3121.17 1833.27 1287.9 73.5834 26.6596
internal_count=22129 1320 1187 460 727 20809 5845 5487 14964 8874 6090 358 133
is_linear=0
shrinkage=0.02


Tree=364
num_leaves=15
num_cat=0
split_feature=5 7 5 3 7 7 3 5 1 3 3 7 7 6
split_gain=2.44603 10.5315 16.7173 14.2654 12.6517 13.1822 10.5548 5.95188 4.99905 4.5594 25.3959 16.1682 1.83538 0.325644
threshold=0.97421432345455794 3.3365236544284156 0.84188015143434292 14.444999694824221 2.01620415693893 1.2999637748125841 16.819999694824222 1.0101176051466512 0.97411646726758561 16.724999427795414 18.170000076293949 -1.6306441050129219 4.8549640740740907 -0.52582236584348674
decision_type=2 2 2 2 2 2 2 2 2 2 2 2 2 2
left_child=1 4 3 -3 5 -1 -6 8 -2 11 -11 -9 -4 -10
right_child=7 2 12 -5 6 -7 -8 9 13 10 -12 -13 -14 -15
leaf_value=0.00044228630186682349 -0.00061653172624544597 0.016114748482931249 -0.017668441575254559 -0.0086217247481964743 0.01361743783749325 -0.012494168067143284 -0.0038674173485730725 -0.0039960729326301882 0.0067513737091992234 0.0051796848953055341 -0.00028298296761588871 0.00044078422974265041 -0.0063840794314064366 0.0146102197277701
leaf_weight=158.37988297641277 23.087399169802666 13.963984549045565 32.296833276748657 15.713365525007246 39.672929152846336 35.255142733454704 18.038608193397522 450.02247984707355 18.168729498982433 398.46815852820873 2205.8307641670108 1186.1950579285622 14.533998385071753 12.641966506838797
leaf_count=768 109 77 142 73 207 164 87 2085 90 1906 10682 5608 66 65
internal_value=-7.63509e-07 -0.00165515 -0.00795086 0.00354903 0.000355748 -0.00211826 0.00825585 0.000126963 0.0064961 3.99636e-05 0.000559489 -0.000786291 -0.0149443 0.0112842
internal_weight=4622.27 327.855 76.5082 29.6774 251.347 193.635 57.7115 4294.41 53.8981 4240.52 2604.3 1636.22 46.8308 30.8107
internal_count=22129 1584 358 150 1226 932 294 20545 264 20281 12588 7693 208 155
is_linear=0
shrinkage=0.02


Tree=365
num_leaves=15
num_cat=0
split_feature=7 5 7 6 7 0 4 5 2 5 7 5 6 4
split_gain=2.43259 7.65585 14.3892 11.8291 15.8393 10.8898 6.49196 5.85327 8.23458 8.16562 10.7264 8.21725 7.54603 5.66392
threshold=0.97192838342499011 3.364076494609503 10.038505511124344 10.074550115621165 11.298322225571816 0.8975966497349247 37.974297794166766 1.7009565327806742 0.96138301156432326 3.2853225829101222 -6.7330203933415111 3.9019259704076275 -8.9580287220300736 46.854658898819757
decision_type=2 2 2 2 2 2 2 2 2 2 2 2 2 2
left_child=7 3 6 5 -5 -2 -3 8 -1 10 -9 -11 -10 -4
right_child=1 2 13 4 -6 -7 -8 9 12 11 -12 -13 -14 -15
leaf_value=-0.010877909328597191 -0.0048816924565474283 -0.0085650979397851514 -0.0005171557301924621 0.0043717840483960338 -0.012740729039847831 -0.00010337643826254395 0.001755338294779863 -0.0048799655643563516 -0.0043707731118210018 0.0052735310728403081 -0.00016778933343953293 -0.00044005660204963994 0.0026405752891276637 0.010136218896241413
leaf_weight=16.166434735059738 219.65802252292633 147.08082900941372 61.737393960356712 325.48280713707209 19.322334602475166 1298.9894063733518 27.616056695580482 234.17895838059485 63.199226394295692 183.62183352187276 1025.503990450874 216.07777405530214 757.81580517068505 25.250025168061256
leaf_count=73 1012 694 296 1569 89 6159 131 1133 297 895 4905 1067 3681 128
internal_value=-6.90107e-07 -0.000497517 -0.00367367 -4.45762e-05 0.00327772 -0.000805523 -0.00693087 0.00042234 0.00178148 -0.000266001 -0.00105647 0.00221101 0.00208229 0.00288488
internal_weight=4621.7 2125.14 261.684 1863.45 344.805 1518.65 174.697 2496.56 837.181 1659.38 1259.68 399.7 821.015 86.9874
internal_count=22129 10078 1249 8829 1658 7171 825 12051 4051 8000 6038 1962 3978 424
is_linear=0
shrinkage=0.02


Tree=366
num_leaves=15
num_cat=0
split_feature=5 7 5 7 7 0 6 5 1 2 6 6 2 6
split_gain=2.42382 10.1151 16.203 12.2894 12.6167 7.76451 6.62234 5.73164 4.83296 3.52633 6.64718 5.37447 0.959257 0.330686
threshold=0.97421432345455794 3.3365236544284156 0.85831979591625907 2.01620415693893 1.2999637748125841 0.9526310682308935 1.2769060344943626 1.0101176051466512 0.97411646726758561 0.98061986358073572 10.074550115621165 8.1177864081540765 0.9855528231648939 -0.52582236584348674
decision_type=2 2 2 2 2 2 2 2 2 2 2 2 2 2
left_child=1 3 5 4 -1 -3 -5 8 -2 10 -9 -11 -4 -10
right_child=7 2 12 6 -6 -7 -8 9 13 11 -12 -13 -14 -15
leaf_value=0.00039211385320532126 -0.00061156621632471977 0.0095511717893730433 -0.0079754935460557303 0.00052758802410429945 -0.012263066383643396 -0.008060741964648387 0.013841944383163947 -0.0020002421712220085 0.006616341841006841 0.00015708376380541852 0.0010034518110823448 0.0032259768855572653 -0.018205619182776953 0.014390183113163582
leaf_weight=158.33540868759155 23.087888106703758 20.366376459598541 15.736627981066702 26.670437306165695 35.270594105124474 13.209217861294745 30.962273418903351 767.4031391069293 18.151140674948696 2753.5417909231037 473.74024676531553 244.94660079851747 27.061335533857346 12.609941631555555
leaf_count=768 109 104 71 133 164 64 161 3589 90 13236 2270 1186 119 65
internal_value=-1.08489e-06 -0.00164858 -0.00782461 0.000322064 -0.00211494 0.00250185 0.00811464 0.000126044 0.00637891 4.06862e-05 -0.000854202 0.000411745 -0.0154473 0.0110923
internal_weight=4621.09 327.612 76.3736 251.239 193.606 33.5756 57.6327 4293.48 53.849 4239.63 1241.14 2998.49 42.798 30.7611
internal_count=22129 1584 358 1226 932 168 294 20545 264 20281 5859 14422 190 155
is_linear=0
shrinkage=0.02


Tree=367
num_leaves=10
num_cat=0
split_feature=0 5 5 6 0 1 3 6 6
split_gain=2.41206 2.9279 6.60402 15.558 7.5039 5.79002 12.2325 2.25955 5.19176
threshold=1.0216542970300335 5.537101053848084 4.0519237933488546 -7.953880981316102 0.74752458784445663 1.1876231010330482 17.894999504089359 -16.93568168473832 -10.09403609843563
decision_type=2 2 2 2 2 2 2 2 2
left_child=1 2 4 -4 -1 6 -3 -2 -9
right_child=7 5 3 -5 -6 -7 -8 8 -10
leaf_value=0.006373547909213604 -0.0021675903049113219 -0.0018464717917658477 0.0044504065305360834 -0.0066550475852083001 -4.0444262444131952e-05 -0.006144774167504633 0.01468160528736096 0.016452740455041977 -0.0019561309130637157
leaf_weight=70.248013198375702 9.2469631806015986 35.576842084527016 68.795338232070208 164.33534660935402 4206.5379231441766 15.984803110361097 30.534767273813486 10.127889752388002 9.4767636395990831
leaf_count=341 46 168 346 775 20071 86 168 59 69
internal_value=-1.05243e-06 -3.96504e-05 -0.000109302 -0.00335811 7.07653e-05 0.00361393 0.00618939 0.00539901 0.00873049
internal_weight=4620.86 4592.01 4509.92 233.131 4276.79 82.0964 66.1116 28.8516 19.6047
internal_count=22129 21955 21533 1121 20412 422 336 174 128
is_linear=0
shrinkage=0.02


Tree=368
num_leaves=12
num_cat=0
split_feature=3 6 2 7 3 3 7 3 3 3 7
split_gain=2.38055 6.90925 6.89298 5.52984 4.39317 16.4964 14.4401 11.2161 23.3059 23.1792 4.25124
threshold=30.654999732971195 -13.8375830059405 0.96367503119809073 -3.3215198894538056 24.710000038146976 24.795000076293949 0.97192838342499011 22.965000152587894 22.615000724792484 23.539999961853031 -9.6929446616977177
decision_type=2 2 2 2 2 2 2 2 2 2 2
left_child=4 10 -3 -4 7 -6 -7 8 -1 -9 -2
right_child=1 2 3 -5 5 6 -8 9 -10 -11 -12
leaf_value=0.0001125520169500552 0.0022815787156623695 -0.010110274460910959 0.008958358381396983 0.0015317387492594485 -0.018868759523028352 0.00085983881918482786 -0.0063078012019364121 0.014296400031143115 -0.010457982281034648 0.00057875683014085573 -0.011800197253233833
leaf_weight=3497.5882414281368 12.564111383631827 9.9105651378631574 66.424305122345686 97.94976950623095 17.591099038720131 420.85945136100054 149.0426671653986 63.074357569217682 81.468977466225624 187.01846666634083 17.136729657649994
leaf_count=16518 78 50 474 548 77 2024 710 309 369 881 91
internal_value=-6.30273e-07 0.00209044 0.0036257 0.00467439 -9.90119e-05 -0.00170323 -0.00104557 0.000148638 -0.000139468 0.00420899 -0.00627952
internal_weight=4620.63 203.985 174.285 164.374 4416.64 587.493 569.902 3829.15 3579.06 250.093 29.7008
internal_count=22129 1241 1072 1022 20888 2811 2734 18077 16887 1190 169
is_linear=0
shrinkage=0.02


Tree=369
num_leaves=10
num_cat=0
split_feature=5 3 0 3 4 3 3 4 5
split_gain=2.38728 4.43372 2.74684 21.7892 11.837 11.0053 17.2045 10.7249 8.45679
threshold=0.67009664601016627 13.795000076293947 0.96602609843202292 22.615000724792484 23.111015028167991 22.285000801086429 22.500000000000004 30.678472282592786 1.798153181429732
decision_type=2 2 2 2 2 2 2 2 2
left_child=1 -1 5 8 -5 7 -7 -2 -4
right_child=2 -3 3 4 -6 6 -8 -9 -10
leaf_value=0.0036723422656320575 -0.0017289803712971195 -0.0098368930752345107 0.0037888207377126033 -0.0062186647785560057 0.0012653406010288365 0.016225884599087942 0.0011592308378665587 0.0012287728202780238 -0.00017479812646977087
leaf_weight=12.897321090102194 1807.7846771031618 21.763307139277458 612.36048533022404 219.04693357646465 134.24523450061679 27.585306853055954 784.85222639143467 669.09985284507275 330.39912909269333
leaf_count=66 8436 110 2956 1072 753 138 3861 3194 1543
internal_value=-1.11804e-06 -0.00495021 4.05738e-05 0.000818968 -0.00339254 -0.000266749 0.00174779 -0.000929287 0.00240486
internal_weight=4620.03 34.6606 4585.37 1296.05 353.292 3289.32 812.438 2476.88 942.76
internal_count=22129 176 21953 6324 1825 15629 3999 11630 4499
is_linear=0
shrinkage=0.02


Tree=370
num_leaves=9
num_cat=0
split_feature=0 6 7 4 0 7 6 2
split_gain=2.38693 3.733 4.51344 5.8166 5.22826 3.53863 6.55411 3.99212
threshold=0.56818063687639364 24.619896448867621 8.8409948576641337 39.728626597457989 0.73641273447073818 -12.371436814434405 -4.3660617733814293 1.0851786791031273
decision_type=2 2 2 2 2 2 2 2
left_child=-1 5 3 -3 -4 6 -2 -7
right_child=1 2 4 -5 -6 7 -8 -9
leaf_value=-0.0065016868509890219 -0.00050947086999191254 0.0031895320684457678 -0.0056307394003848035 0.017376178211577553 0.0067508210570384796 -4.4878770829289992e-05 -0.010823140884906839 0.0045798535511240553
leaf_weight=18.483121365308762 88.807782504707575 45.278996378183365 30.686953946948051 12.817098468542097 18.527738273143768 4302.5812356881797 30.344029519706964 71.977783149108291
leaf_count=88 457 216 148 66 92 20526 142 394
internal_value=-9.33692e-07 3.08058e-05 0.00364889 0.00723707 -0.000812416 -5.87632e-05 -0.00340225 3.53297e-05
internal_weight=4619.5 4601.02 107.311 58.0961 49.2147 4493.71 119.152 4374.56
internal_count=22129 22041 522 282 240 21519 599 20920
is_linear=0
shrinkage=0.02


Tree=371
num_leaves=15
num_cat=0
split_feature=5 7 5 4 5 1 5 1 0 0 2 5 7 4
split_gain=2.39206 9.80568 15.6831 14.1696 7.41845 7.20546 5.51995 4.68176 3.63446 3.38403 12.0024 5.86178 1.76065 0.925961
threshold=0.97421432345455794 3.3365236544284156 0.84188015143434292 16.319515680141251 0.80569758307639305 0.95487916233858872 1.0101176051466512 0.97411646726758561 0.94443740849186886 0.95808116734326887 1.0012820200328099 1.7263382916381782 4.8549640740740907 17.252366496843287
decision_type=2 2 2 2 2 2 2 2 2 2 2 2 2 2
left_child=1 3 8 4 -1 -5 7 -2 -3 11 -11 -8 -4 -9
right_child=6 2 12 5 -6 -7 9 13 -10 10 -12 -13 -14 -15
leaf_value=-0.014570021587040538 -0.00061157296588291684 0.0085938718329930299 -0.017169255697567953 0.011444000023423603 -0.0016718515413062678 0.0013367172724361659 -0.0019131394995555687 0.0050967065672696266 -0.0041380018809196607 0.0057302929298082969 0.00014294370245252427 0.00017351171529564593 -0.0061586251251772419 0.014178398371647624
leaf_weight=26.65560083091259 23.088725551962852 17.270810887217525 32.187577143311501 31.304343193769455 45.556295767426491 147.57548992335796 715.93551740050316 14.735882982611658 12.30118817090988 172.09618978202343 1215.6239496022463 2134.6358673609793 14.503253206610678 15.970098324120043
leaf_count=124 109 89 142 160 217 725 3366 73 61 833 5920 10162 66 82
internal_value=-7.70196e-07 -0.0016381 -0.00772368 0.000302373 -0.00694778 0.00331713 0.000125517 0.00626474 0.00343573 4.17608e-05 0.000850329 -0.000352508 -0.014505 0.0109098
internal_weight=4619.44 327.355 76.2628 251.092 72.2119 178.88 4292.09 53.7947 29.572 4238.29 1387.72 2850.57 46.6908 30.706
internal_count=22129 1584 358 1226 341 885 20545 264 150 20281 6753 13528 208 155
is_linear=0
shrinkage=0.02


Tree=372
num_leaves=10
num_cat=0
split_feature=0 1 3 0 3 7 7 6 6
split_gain=2.32473 2.91234 11.4911 7.17616 6.2022 19.4782 15.7996 2.20216 5.06756
threshold=1.0216542970300335 1.1069564633594704 13.444999694824221 0.87196947395050461 16.295000076293949 -1.7801488911143866 -3.883415615591097 -16.93568168473832 -10.09403609843563
decision_type=2 2 2 2 2 2 2 2 2
left_child=1 4 -3 -4 5 -1 -6 -2 -9
right_child=7 2 3 -5 6 -7 -8 8 -10
leaf_value=-0.0051209606865776818 -0.0021592988259120987 0.01224220255021255 -0.0095745187866940716 -0.0013562278038601375 0.0047514461580989509 0.00027857537524807473 0.00012256615874157748 0.016238281500835085 -0.0019546050749996279
leaf_weight=332.34843979775906 9.243896000087263 18.99589379131794 44.098230842500925 384.99541201815009 337.29615439847112 1298.796023607254 2173.9319558776915 10.099285792559387 9.4674123097211105
leaf_count=1536 46 94 214 1917 1658 6177 10359 59 69
internal_value=-7.45238e-07 -3.86275e-05 -0.00156288 -0.00228146 0.000127603 -0.000831425 0.000750863 0.00530399 0.00859792
internal_weight=4619.27 4590.46 448.09 429.094 4142.37 1631.14 2511.23 28.8106 19.5667
internal_count=22129 21955 2225 2131 19730 7713 12017 174 128
is_linear=0
shrinkage=0.02


Tree=373
num_leaves=9
num_cat=0
split_feature=7 6 7 6 2 0 5 6
split_gain=2.34094 7.38741 6.34445 3.61464 8.75597 5.71621 3.01459 4.42207
threshold=-21.245075645244849 -9.8886724496844423 -12.371436814434405 -21.13752390320666 1.0851786791031273 0.95713560453234081 4.3971706572797453 -17.70569158366126
decision_type=2 2 2 2 2 2 2 2
left_child=1 -1 6 5 -5 -4 7 -2
right_child=2 -3 3 4 -6 -7 -8 -9
leaf_value=0.012199902915629696 -0.013556695018177495 -0.0057190299354399265 0.00099346585594127144 2.191663432827373e-05 0.0079080250879032463 -0.013804182072906034 0.0011190777171295589 -0.0030125673464013749
leaf_weight=18.48047793656588 23.276832804083824 12.453519836068152 21.79190918803215 4406.5997756533325 53.046277252957225 15.211023502051829 22.239502787590027 45.878791015595198
leaf_count=117 104 59 102 21037 304 70 111 225
internal_value=-4.97859e-07 0.0051572 -3.97346e-05 6.84834e-05 0.000122722 -0.00584273 -0.00514369 -0.00710878
internal_weight=4618.98 30.934 4588.04 4496.65 4459.65 37.0029 91.3951 69.1556
internal_count=22129 176 21953 21513 21341 172 440 329
is_linear=0
shrinkage=0.02


Tree=374
num_leaves=13
num_cat=0
split_feature=4 5 0 7 5 3 2 5 7 4 3 7
split_gain=2.34619 14.7887 7.44477 7.82891 4.22077 11.9113 8.2243 7.41607 6.45592 4.88516 1.98892 0.859788
threshold=12.254068422924314 0.84188015143434292 0.98630657943009092 -0.89997452861242822 0.82411312825004113 13.605000019073488 1.0031263285979943 0.94762986452058728 3.394571094003505 18.406680754728004 16.105000495910648 2.1974818840719323
decision_type=2 2 2 2 2 2 2 2 2 2 2 2
left_child=1 -1 3 -3 5 11 -7 8 -6 -9 -4 -2
right_child=4 2 10 -5 7 6 -8 9 -10 -11 -12 -13
leaf_value=-0.019271634996374798 0.0073148726033806181 -0.0063981643494901656 0.00022571347238794644 0.0011326932838790806 -0.00166753131460566 -0.0051757647204211258 0.0064808000943733556 0.0012622535717416023 -0.010988595857117828 -0.0002725791037684332 0.0096538775857324139 0.016707130024388169
leaf_weight=14.082282677292822 19.02052703499794 90.843433827161789 12.780491977930067 129.80028170347214 104.85760931670666 53.586837768554688 37.78151535987854 1154.1227848939598 38.54900749027729 2919.8680126424879 27.463927239179611 16.109047830104828
leaf_count=62 99 439 61 620 498 260 195 5501 174 13991 138 91
internal_value=-7.24109e-07 -0.00177871 -0.000557717 -0.00202663 0.000113356 0.00365583 -0.000286031 3.73857e-06 -0.00440331 0.000163036 0.00695085 0.0128894
internal_weight=4618.87 274.97 260.888 220.644 4343.9 126.498 91.3684 4217.4 143.407 4073.99 40.2444 35.1296
internal_count=22129 1320 1258 1059 20809 645 455 20164 672 19492 199 190
is_linear=0
shrinkage=0.02


Tree=375
num_leaves=15
num_cat=0
split_feature=7 3 4 5 0 3 3 5 3 3 3 2 5 5
split_gain=2.33136 11.9185 11.3655 8.4466 7.29947 6.82064 9.14037 5.49965 9.02808 17.9062 13.1341 7.87602 6.74045 5.43797
threshold=0.97192838342499011 23.944999694824222 23.111015028167991 1.3674812558292586 0.91870860998949633 22.965000152587894 22.615000724792484 1.7009565327806742 24.159999847412113 23.944999694824222 24.710000038146976 0.96138301156432326 1.6558273341132155 2.3974924093067647
decision_type=2 2 2 2 2 2 2 2 2 2 2 2 2 2
left_child=7 5 4 -4 -3 6 -2 11 9 -9 -10 -1 -13 -7
right_child=1 2 3 -5 -6 13 -8 8 10 -11 -12 12 -14 -15
leaf_value=-0.010644048549524674 7.1463882539069334e-05 -3.0567908087097367e-05 -0.011961935099078485 0.0030733740182470725 -0.01081677121196881 0.0016523675053219122 -0.0087457524930155579 -0.00093209520361497576 0.011222778190040481 -0.020643199967570188 0.00083010807115123137 0.0015466419088189967 0.0089894103900624005 0.014906902315570925
leaf_weight=16.181674718856812 1794.8413936942816 32.668909952044487 14.024913497269152 83.652575001120567 104.59842934459448 32.081250414252281 44.292338758707047 1115.7097536697984 50.268896982073784 14.760408595204352 477.67364422976971 772.16973653435707 48.264315329492092 17.42935511469841
leaf_count=73 8501 156 64 415 501 150 203 5197 244 63 2496 3738 240 88
internal_value=-7.26754e-07 -0.000487296 -0.00469577 0.000528891 -0.00832326 4.50503e-05 -0.000159403 0.000413523 -0.000253885 -0.00126134 0.00189661 0.00173143 0.00202597 0.00708392
internal_weight=4618.62 2123.59 234.945 97.6775 137.267 1888.64 1839.13 2495.03 1658.41 1130.47 527.943 836.616 820.434 49.5106
internal_count=22129 10078 1136 479 657 8942 8704 12051 8000 5260 2740 4051 3978 238
is_linear=0
shrinkage=0.02


Tree=376
num_leaves=9
num_cat=0
split_feature=5 3 4 5 6 5 3 3
split_gain=2.31508 4.23126 2.43313 9.16877 7.78737 7.06728 6.56625 3.30476
threshold=0.67009664601016627 13.795000076293947 27.7465996055608 5.537101053848084 -3.774775209943392 6.8535282536721596 12.519999980926515 17.579999923706058
decision_type=2 2 2 2 2 2 2 2
left_child=1 -1 3 4 -2 6 -4 -5
right_child=2 -3 5 7 -6 -7 -8 -9
leaf_value=0.0035559859235239815 -0.0018361302502734407 -0.0096564577398399153 -0.006373451786090713 0.0013907042053900231 0.00029003703471604372 -0.011114400398530809 0.0012206820427424325 0.015039106176165825
leaf_weight=12.877405837178229 986.61854934319854 21.714491084218025 43.328984990715981 12.059894084930422 2260.7600950356573 15.744736999273298 1247.933009006083 17.001233261078596
leaf_count=66 4661 110 203 58 10784 78 6069 100
internal_value=-1.09235e-06 -0.00487914 3.99451e-05 -0.000251145 -0.000357399 0.000768198 0.000946961 0.0102288
internal_weight=4618.04 34.5919 4583.45 3276.44 3247.38 1307.01 1291.26 29.0611
internal_count=22129 176 21953 15603 15445 6350 6272 158
is_linear=0
shrinkage=0.02


Tree=377
num_leaves=13
num_cat=0
split_feature=3 3 7 1 7 5 3 4 3 5 3 4
split_gain=2.35718 10.6965 9.91308 9.86698 8.03614 6.72219 5.37641 3.57409 7.33776 7.1678 3.3243 1.89807
threshold=12.765000343322756 12.519999980926515 4.1202728363217505 1.0283282990584364 -0.18456414373626187 0.67009664601016627 12.325000286102297 32.122674740171178 14.734999656677248 6.8535282536721596 12.555000305175783 27.862997860926551
decision_type=2 2 2 2 2 2 2 2 2 2 2 2
left_child=1 2 4 10 -1 11 -4 8 -7 -9 -3 -2
right_child=5 3 6 -5 -6 7 -8 9 -10 -11 -12 -13
leaf_value=-0.0038259668718218986 -0.0028206275407474863 0.002019973600757478 -0.00010661334941247235 -0.0068737605068919481 0.0066453841903473532 -0.0022239311408510667 -0.014993475836511205 0.0014393310944331396 0.00012256045202055759 -0.011788301145141082 0.012821925699052104 -0.013183039771932073
leaf_weight=51.206354454159737 15.590306803584101 16.374863281846046 15.362117931246756 12.988056883215902 59.042189165949821 648.54657292366028 22.617297321557999 785.85599068552256 2909.5670023728162 12.765971723943947 52.675501808524132 15.192979797720907
leaf_count=242 77 81 73 60 292 3031 101 3829 13922 64 279 78
internal_value=-1.19902e-06 0.00195353 -0.00127065 0.00756725 0.00181816 -0.000105473 -0.00955588 -3.55235e-05 -0.000307158 0.00117019 0.0105112 -0.00886284
internal_weight=4617.79 230.266 148.228 82.0384 110.249 4387.52 37.9794 4356.74 3558.11 798.622 69.0504 30.7833
internal_count=22129 1128 708 420 534 21001 174 20846 16953 3893 360 155
is_linear=0
shrinkage=0.02


Tree=378
num_leaves=14
num_cat=0
split_feature=3 1 1 2 1 6 3 7 3 6 3 1 3
split_gain=2.33661 17.7555 19.8918 16.0991 14.477 10.7759 9.13542 11.8538 10.4916 9.85526 8.75765 6.94053 5.97372
threshold=13.444999694824221 1.0104248054653673 1.1038299234538151 1.0028502444423617 0.93681447736914059 -4.6630724821213603 14.119999885559084 2.7229668845085828 14.175000190734865 -0.52582236584348674 12.519999980926515 1.0087833393525627 13.659999847412111
decision_type=2 2 2 2 2 2 2 2 2 2 2 2 2
left_child=1 4 3 -3 10 -6 7 9 -8 -2 -1 -10 -9
right_child=6 2 -4 -5 5 -7 8 12 11 -11 -12 -13 -14
leaf_value=-0.0072493270283908754 -0.0016650188617072096 -0.017952695074582959 0.011790174486332142 -0.0025236483922867182 -0.0063831515337497632 0.0078292710888490016 0.013227037736761139 -0.0042360376125299441 -0.00073978834123867166 -0.010396972330003716 0.0019866383002612687 0.00099564785674393329 0.0055308314872363189
leaf_weight=56.395393162965775 102.82444639503956 39.34624183177948 20.234887272119522 76.249692171812057 20.663379848003387 214.36646120250225 20.215952664613724 35.42914354801178 2101.40147446841 103.81689184904099 124.74709245562553 1635.7003451734781 66.025575369596481
leaf_count=259 485 179 100 357 96 1072 101 166 9912 470 603 8006 323
internal_value=-1.74013e-06 0.00121438 -0.00497008 -0.00820014 0.00326097 0.00649383 -0.000167896 -0.00345585 0.000105101 -0.00616609 -0.000983308 2.0051e-05 0.00208882
internal_weight=4617.42 552.003 135.831 115.596 416.172 235.03 4065.41 308.096 3757.32 206.641 181.142 3737.1 101.455
internal_count=22129 2666 636 536 2030 1168 19463 1444 18019 955 862 17918 489
is_linear=0
shrinkage=0.02


Tree=379
num_leaves=12
num_cat=0
split_feature=7 7 4 0 6 7 4 6 4 4 0
split_gain=2.31105 8.17793 8.1071 7.89322 13.8821 11.336 7.07492 5.11353 10.9707 6.10982 4.65186
threshold=3.9022811370281847 4.8549640740740907 48.536911675007985 0.9312350099779193 -1.0000000180025095e-35 7.0236272191407298 14.416680437429671 4.5085460518485059 20.422815554783266 13.969848901933505 0.9044942598512441
decision_type=2 2 2 2 2 2 2 2 2 2 2
left_child=2 6 7 5 -5 -3 -2 9 -9 -1 -8
right_child=1 3 -4 4 -6 -7 10 8 -10 -11 -12
leaf_value=-0.0023793717100315374 0.0089655523717470879 -0.0048453731892410682 0.014187737982076521 -0.0020813609726969425 0.0068924055494639994 0.0011991567965922883 -0.00076443845971005137 0.0041871322959442757 -0.00053008028621521108 0.00017825775908958069 -0.0065920622381829283
leaf_weight=440.71051629632711 12.572371512651442 205.97921003401279 12.590950313955544 121.57209986448288 151.00166064873338 300.53583639860153 83.201951906085014 353.61583808809519 437.90188594162464 2333.8934614248574 163.24345701187849
leaf_count=2094 63 966 81 576 730 1455 396 1715 2080 11214 759
internal_value=-1.87886e-06 -0.000830843 0.000239245 0.000197592 0.00291775 -0.00127761 -0.00388019 0.000174156 0.00158782 -0.00023083 -0.00466824
internal_weight=4616.82 1038.11 3578.71 779.089 272.574 506.515 259.018 3566.12 791.518 2774.6 246.445
internal_count=22129 4945 17184 3727 1306 2421 1218 17103 3795 13308 1155
is_linear=0
shrinkage=0.02


Tree=380
num_leaves=8
num_cat=0
split_feature=0 5 2 2 5 6 4
split_gain=2.29887 3.84265 9.40862 4.6509 6.01685 4.60378 2.90187
threshold=0.56818063687639364 5.827843798816259 1.0581981481109735 1.0851786791031273 4.2511395408478121 -19.689125472184866 29.101399156508602
decision_type=2 2 2 2 2 2 2
left_child=-1 3 6 4 -2 -5 -3
right_child=1 2 -4 5 -6 -7 -8
leaf_value=-0.0063885373137459803 2.0654996819614149e-05 0.013791484188206178 -0.0090658197558620215 -0.0011781381915989067 -0.0037527744384856332 0.0080111178894119554 0.0033350570379376476
leaf_weight=18.431967973709106 4282.9132800940424 21.628213159739971 11.496648654341696 34.293489661067724 171.97017900273204 51.80933883599937 23.931714184582233
leaf_count=88 20448 118 60 169 820 305 121
internal_value=-1.52417e-06 2.96097e-05 0.00501363 -3.73709e-05 -0.000128245 0.00446135 0.00901141
internal_weight=4616.47 4598.04 57.0566 4540.99 4454.88 86.1028 45.5599
internal_count=22129 22041 299 21742 21268 474 239
is_linear=0
shrinkage=0.02


Tree=381
num_leaves=13
num_cat=0
split_feature=3 3 6 7 7 5 3 7 7 7 3 5
split_gain=2.29979 10.0946 9.75084 9.40732 7.65505 6.49018 5.21061 3.58802 6.42527 5.22805 2.74814 0.817884
threshold=12.765000343322756 12.519999980926515 -3.9714063280270548 4.1202728363217505 -0.18456414373626187 0.67009664601016627 12.325000286102297 -12.371436814434405 -18.617189393632067 -4.5996851509496146 12.555000305175783 0.61369473495398175
decision_type=2 2 2 2 2 2 2 2 2 2 2 2
left_child=1 3 -3 4 -1 11 -5 8 -7 -9 -4 -2
right_child=5 2 10 6 -6 7 -8 9 -10 -11 -12 -13
leaf_value=-0.0037063801185185648 -0.011952221765175169 -0.0065085495899286127 0.0025838163866439201 -3.3263393621389042e-06 0.0065221294590751136 0.0023095004070231751 -0.014636497288562617 0.0017695115439791732 -0.006954748667740992 -0.00022640649683802074 0.01261424210481866 -0.0040721106591216369
leaf_weight=51.11709052324295 14.399282559752466 13.865680381655691 16.640594020485878 15.361021697521208 58.955985859036446 46.402518223971128 22.577896758913994 609.67907580174506 73.025142397731543 3626.6809382047504 51.274767622351646 16.325331196188927
leaf_count=242 78 66 82 73 292 253 101 2999 348 17246 272 77
internal_value=-1.40923e-06 0.00193142 0.00739442 -0.0012022 0.00180868 -0.00010433 -0.0092771 -3.56401e-05 -0.00339702 6.22359e-05 0.010437 -0.00871656
internal_weight=4616.31 229.793 81.781 148.012 110.073 4386.51 37.9389 4355.79 119.428 4236.36 67.9154 30.7246
internal_count=22129 1128 420 708 534 21001 174 20846 601 20245 354 155
is_linear=0
shrinkage=0.02


Tree=382
num_leaves=6
num_cat=0
split_feature=2 2 4 4 0
split_gain=2.2605 3.91979 2.46949 3.96569 3.92243
threshold=0.86624316858510697 0.89316604305858982 43.963538321007725 40.45562690484558 0.85287229327564396
decision_type=2 2 2 2 2
left_child=-1 -2 3 -3 -4
right_child=1 2 4 -5 -6
leaf_value=-0.00627276777405655 0.0084676411331246013 -5.744713721325643e-06 0.0055507336117539162 -0.0035595272996086082 -0.0001257967500508374
leaf_weight=18.87897028028965 17.915288344025612 4255.320005113259 77.194577991962433 125.42258454114199 121.20139844156802
leaf_count=88 88 20357 393 590 613
internal_value=-1.76538e-06 2.9419e-05 -1.09559e-05 -0.000110645 0.00214895
internal_weight=4615.93 4597.05 4579.14 4380.74 198.396
internal_count=22129 22041 21953 20947 1006
is_linear=0
shrinkage=0.02


Tree=383
num_leaves=15
num_cat=0
split_feature=7 5 7 6 7 0 0 5 5 5 7 5 2 6
split_gain=2.2304 7.55536 13.886 10.9064 12.046 7.69341 6.20383 5.44217 5.4243 7.90744 10.5911 7.76491 7.68798 7.34057
threshold=0.97192838342499011 3.364076494609503 10.038505511124344 12.283812782236204 11.298322225571816 0.8975966497349247 0.84859428386130886 4.3971706572797453 1.7009565327806742 3.2853225829101222 -6.7330203933415111 3.9019259704076275 0.96064628093832594 -8.9580287220300736
decision_type=2 2 2 2 2 2 2 2 2 2 2 2 2 2
left_child=8 3 6 5 -5 -2 -3 -4 12 10 -10 -11 -1 -14
right_child=1 2 7 4 -6 -7 -8 -9 9 11 -12 -13 13 -15
leaf_value=-0.010999513799990146 -0.0035674971195541723 -0.0031757202761211146 0.0089167618690919118 0.0050458578875926556 -0.011548253459804153 1.8250523338064385e-05 -0.010850744214979146 -0.0010469775355140853 -0.0048390733667727131 0.0051580875550382033 -0.00015409542707818682 -0.00040093889223356621 -0.0043741530656921743 0.0025427676153063077
leaf_weight=14.702213495969771 288.00898008048534 94.751714318990707 31.593863770365715 231.20933852344751 15.15311163663864 1326.8020212911069 79.472296208143234 55.226219147443771 233.8953763525933 183.42973143234849 1024.5604378487915 215.57736207172275 63.135262466967106 758.3312842156738
leaf_count=66 1336 452 156 1121 70 6302 373 268 1133 895 4905 1067 297 3688
internal_value=-1.65979e-06 -0.000477739 -0.00363702 -2.77751e-05 0.003857 -0.000628519 -0.00684164 0.00281186 0.000403626 -0.000259379 -0.00103741 0.00218046 0.00171282 0.00199254
internal_weight=4615.85 2122.22 261.044 1861.17 246.362 1614.81 174.224 86.8201 2493.63 1657.46 1258.46 399.007 836.169 821.467
internal_count=22129 10078 1249 8829 1191 7638 825 424 12051 8000 6038 1962 4051 3985
is_linear=0
shrinkage=0.02


Tree=384
num_leaves=11
num_cat=0
split_feature=3 2 1 3 4 5 3 7 7 7
split_gain=2.28239 4.02539 2.61178 11.4383 10.1505 6.67112 5.7147 18.2915 13.8255 0.154996
threshold=34.385000228881843 1.0213692218344039 1.1069564633594704 15.954999923706056 25.565367395715288 1.8844016320576165 16.295000076293949 -1.7801488911143866 -3.883415615591097 -0.46308118952088739
decision_type=2 2 2 2 2 2 2 2 2 2
left_child=2 -2 6 4 -4 -5 7 -1 -8 -3
right_child=1 9 3 5 -6 -7 8 -9 -10 -11
leaf_value=-0.00496017783534442 -0.0032406747442956709 0.013455291211121947 -0.0017770122653945641 -0.0090367590733631906 0.011646390151084209 -0.0017761261806621168 0.0044791442218943345 0.00027629819792349754 0.00013411869592646315 0.00419538720973937
leaf_weight=331.69039656966925 10.551930770277979 8.4068499822169525 42.979396969079971 57.061911523342133 41.334456741809845 316.14458303153515 334.75208841264248 1298.9189680665731 2167.3049214631319 6.2057847902178755
leaf_count=1536 73 141 201 274 201 1537 1634 6184 10296 52
internal_value=-2.13885e-06 0.00557515 -3.75424e-05 -0.00146455 0.00503318 -0.00297031 0.000121702 -0.000798411 0.000721664 0.0112695
internal_weight=4615.35 25.1646 4590.19 457.52 84.3139 373.206 4132.67 1630.61 2502.06 14.6126
internal_count=22129 266 21863 2213 402 1811 19650 7720 11930 193
is_linear=0
shrinkage=0.02


Tree=385
num_leaves=12
num_cat=0
split_feature=4 5 7 4 3 7 5 3 7 4 7
split_gain=2.25223 5.49397 3.28033 5.69993 5.14701 2.68569 10.4152 10.3022 9.13503 7.84056 4.41742
threshold=10.534053596283178 1.1302855117977471 -0.99656452701477749 9.6673968210477259 19.804999351501468 3.9022811370281847 1.1524258533517111 18.640000343322757 4.8549640740740907 48.536911675007985 -8.1300048713967232
decision_type=2 2 2 2 2 2 2 2 2 2 2
left_child=1 -1 4 -4 -3 9 8 -8 -7 10 -2
right_child=5 2 3 -5 -6 6 7 -9 -10 -11 -12
leaf_value=0.0070140597475876381 -0.0019985066328450998 -0.015512565199787337 0.0083702470377945079 -0.0059221610751221425 3.6351652264038379e-05 -0.012518116897954941 0.0015596639761582393 -0.0026730721278978358 -0.00020271477382787732 0.014067170360148262 0.00048545728966189301
leaf_weight=14.287951141595839 310.86299301683903 18.710132226347923 12.616999953985212 30.310465693473816 13.594401210546492 50.265842661261559 554.34282256662846 387.16633056104183 43.568487867712975 12.534885754808782 3166.7783653084189
leaf_count=70 1521 97 63 144 66 230 2637 1858 209 81 15153
internal_value=-1.862e-06 -0.00307404 -0.00524733 -0.00136602 -0.0096862 6.15701e-05 -0.000831042 -0.000184862 -0.007042 0.000327007 0.000261377
internal_weight=4615.04 89.52 75.232 42.9275 32.3045 4525.52 1035.34 941.509 93.8343 3490.18 3477.64
internal_count=22129 440 370 207 163 21689 4934 4495 439 16755 16674
is_linear=0
shrinkage=0.02


Tree=386
num_leaves=12
num_cat=0
split_feature=3 2 6 7 5 3 3 7 3 2 3
split_gain=2.25253 6.77584 8.28794 7.69162 4.57742 4.36104 15.9952 13.1877 10.5095 15.568 14.7367
threshold=30.654999732971195 0.96064628093832594 -8.9580287220300736 -4.4965462717034468 1.4051791240621792 24.710000038146976 24.795000076293949 0.97192838342499011 24.159999847412113 1.007979311314928 23.944999694824222
decision_type=2 2 2 2 2 2 2 2 2 2 2
left_child=5 -2 3 -3 -4 8 -7 -8 10 -10 -1
right_child=1 2 4 -5 -6 6 7 -9 9 -11 -12
leaf_value=0.00011715638305352232 -0.012121644921809411 0.0028025926063442357 -0.003247713086356688 -0.011104233806667158 0.0069641680871774204 -0.018615910172053367 0.00077102856405171461 -0.0060895140664929135 0.012964004425948574 -0.0044840435604326864 -0.012274458975829879
leaf_weight=3706.3816711530089 8.8472780138254148 34.18936987221241 18.086723297834396 23.879934277385473 118.34599163196981 17.551488518714905 420.48128555715084 148.45472033321857 54.634858474135399 28.889814585447311 34.790092900395393
leaf_count=17516 44 215 101 125 756 77 2024 710 269 134 158
internal_value=-1.95676e-06 0.00203531 0.00291055 -0.00326339 0.00555645 -9.76308e-05 -0.00169739 -0.00104914 0.000149197 0.00699989 -1.10629e-05
internal_weight=4614.53 203.349 194.502 58.0693 136.433 4411.18 586.487 568.936 3824.7 83.5247 3741.17
internal_count=22129 1241 1197 340 857 20888 2811 2734 18077 403 17674
is_linear=0
shrinkage=0.02


Tree=387
num_leaves=12
num_cat=0
split_feature=3 3 6 7 7 5 3 3 7 3 5
split_gain=2.2196 9.72664 9.41129 9.13166 7.3309 6.34394 5.05985 3.47939 3.65407 2.65131 0.800705
threshold=12.765000343322756 12.519999980926515 -3.9714063280270548 4.1202728363217505 -0.18456414373626187 0.67009664601016627 12.325000286102297 12.804999828338625 -12.371436814434405 12.555000305175783 0.61369473495398175
decision_type=2 2 2 2 2 2 2 2 2 2 2
left_child=1 3 -3 4 -1 10 -5 -7 -9 -4 -2
right_child=5 2 9 6 -6 7 -8 8 -10 -11 -12
leaf_value=-0.0036111471937392433 -0.011838426776922331 -0.0063967997719186886 0.0025445733266842296 -6.0045431944227993e-10 0.0064035369537913198 -0.0078055158551128944 -0.014423220586174535 -0.0033970179963576444 0.00010412182013033111 0.01240449725879113 -0.0040334865702448862
leaf_weight=51.068609952926636 14.328912600874903 13.850140020251272 16.630827903747559 15.356852561235426 58.894635111093521 18.933592662215233 22.548588797450066 118.70589890144765 4216.2229906655848 51.119169056415558 16.329107865691185
leaf_count=242 78 66 82 73 292 88 101 598 20160 272 77
internal_value=-2.68482e-06 0.00189751 0.00726679 -0.00117884 0.00178906 -0.000103773 -0.00913762 -3.5895e-05 5.20478e-06 0.0102609 -0.00862665
internal_weight=4613.99 229.469 81.6001 147.869 109.963 4384.52 37.9054 4353.86 4334.93 67.75 30.658
internal_count=22129 1128 420 708 534 21001 174 20846 20758 354 155
is_linear=0
shrinkage=0.02


Tree=388
num_leaves=15
num_cat=0
split_feature=0 3 5 5 4 3 4 4 3 3 3 3 3 0
split_gain=2.2718 18.5527 12.2501 13.9195 9.56676 9.51012 18.8861 17.4873 6.61087 26.4346 25.4238 22.3771 10.3614 7.66601
threshold=0.98289179695244655 22.615000724792484 2.3358949370714415 3.078643026690675 32.122674740171178 16.550000190734867 26.111878557322907 22.454740081104379 22.855000495910648 22.615000724792484 23.539999961853031 22.310000419616703 23.625000000000004 0.91104237151467793
decision_type=2 2 2 2 2 2 2 2 2 2 2 2 2 2
left_child=8 5 4 -4 -3 6 -2 -7 9 11 -10 -1 -12 -11
right_child=1 2 3 -5 -6 7 -8 -9 10 13 12 -13 -14 -15
leaf_value=-0.00058868841399464268 -0.0023915909964267123 -0.0083003530356615066 0.012662719793798585 -0.0063254879548831659 0.0075559350464931502 0.010542365784163813 0.012961864224921793 -0.00029891224302266219 0.012657640639520323 -0.0015758359998812596 -0.013062592101228558 0.013226759509844878 0.00070282632304146525 -0.019185781993023107
leaf_weight=2992.7536593079567 181.72267663478851 138.88105341233313 29.494938362389803 25.250199615955353 13.91219502314925 138.65658141672611 34.731913030147552 101.74612069129944 68.945168986916542 14.269381001591681 18.505772143602371 43.64440281689167 776.19794193282723 34.994952633976936
leaf_count=14104 854 696 185 143 83 678 175 492 336 67 82 215 3866 153
internal_value=-3.15049e-06 0.00107525 -0.0038362 0.00407038 -0.00670067 0.00332032 0.000262481 0.00602419 -0.000185474 -0.000618485 0.00135732 -0.000372969 0.000318466 -0.0145865
internal_weight=4613.71 664.396 207.538 54.7451 152.793 456.857 216.455 240.403 3949.31 3085.66 863.649 3036.4 794.704 49.2643
internal_count=22129 3306 1107 328 779 2199 1029 1170 18823 14539 4284 14319 3948 220
is_linear=0
shrinkage=0.02


Tree=389
num_leaves=14
num_cat=0
split_feature=3 1 1 2 4 5 2 3 3 4 6 3 1
split_gain=2.21545 16.5949 19.1933 15.6229 13.9063 13.0557 10.6661 8.67523 10.1587 9.87877 9.93099 6.77694 6.57962
threshold=13.444999694824221 1.0104248054653673 1.1038299234538151 1.0028502444423617 20.198767046793723 0.85831979591625907 0.97920033444514876 14.119999885559084 14.175000190734865 24.661844348697944 1.1170984157664596 13.605000019073488 1.0096965177460164
decision_type=2 2 2 2 2 2 2 2 2 2 2 2 2
left_child=1 4 3 -3 6 -6 -1 9 -9 11 -11 -2 -10
right_child=7 2 -4 -5 5 -7 -8 8 12 10 -12 -13 -14
leaf_value=-0.00077320199332495641 -0.00061237650199340277 -0.017625272503927897 0.011652850661174203 -0.0024033722532919026 0.013184127343963584 -0.0010669443113362918 0.011194995674489514 0.013020354694841581 -0.00071594842698124647 0.0098876599791971539 -0.0023793361910744004 -0.0089674761740371339 0.00097622200286675664
leaf_weight=39.995092839002609 57.138363838195801 39.110317662358284 20.230767577886581 76.172855496406555 24.700258761644363 243.41754437983036 107.30392874777317 20.190867483615875 2115.5266956910491 31.707263678312302 97.524893328547478 121.44126202911139 1618.869514439255
leaf_count=189 268 179 100 357 136 1162 543 101 9986 155 465 556 7932
internal_value=-2.76583e-06 0.00118263 -0.00480353 -0.00798534 0.00316257 0.000420432 0.00801082 -0.000164531 0.000101576 -0.00337008 0.000836881 -0.00636616 1.78711e-05
internal_weight=4613.33 550.931 135.514 115.283 415.417 268.118 147.299 4062.4 3754.59 307.812 129.232 178.58 3734.4
internal_count=22129 2666 636 536 2030 1298 732 19463 18019 1444 620 824 17918
is_linear=0
shrinkage=0.02


Tree=390
num_leaves=13
num_cat=0
split_feature=5 4 3 1 3 5 5 1 3 3 1 4
split_gain=2.23871 8.73727 15.7106 12.7354 7.11021 6.74802 5.33004 4.46908 3.96446 24.3505 13.2606 0.95747
threshold=0.97421432345455794 12.673370617212397 16.724999427795414 0.99996576103422685 14.984999656677248 0.82411312825004113 1.0101176051466512 0.97411646726758561 16.724999427795414 18.170000076293949 1.2217496471219385 17.252366496843287
decision_type=2 2 2 2 2 2 2 2 2 2 2 2
left_child=1 4 5 -4 -1 -3 7 -2 10 -10 -8 -9
right_child=6 2 3 -5 -6 -7 8 11 9 -11 -12 -13
leaf_value=-0.019614194145078409 -0.00056784897092479079 0.007332439961710545 -0.010947679886489226 0.002072347543060943 -0.00012964854735616539 -0.00037084324652557349 -0.00094247175592587318 0.0049153230113672328 0.0050485061228681075 -0.00030356218309551131 0.014628865746011757 0.013989203435602549
leaf_weight=14.420683458447458 23.048016995191574 81.163158178329468 74.025251090526581 47.074828237295151 12.716561630368231 96.851400807499886 1614.7224102169275 14.69120103120804 398.05860403180122 2201.8647414427251 18.185009092092514 15.918447546660898
leaf_count=64 109 423 343 233 60 461 7601 73 1906 10682 92 82
internal_value=-2.27308e-06 -0.001589 -0.000532132 -0.00598202 -0.0116733 0.00322531 0.000119864 0.00615976 3.75563e-05 0.000522357 -0.000733736 0.0107056
internal_weight=4612.74 326.252 299.115 121.1 27.1372 178.015 4286.49 53.6577 4232.83 2599.92 1632.91 30.6096
internal_count=22129 1584 1460 576 124 884 20545 264 20281 12588 7693 155
is_linear=0
shrinkage=0.02


Tree=391
num_leaves=10
num_cat=0
split_feature=3 7 1 3 4 5 3 7 7
split_gain=2.19359 3.97551 2.61901 10.8682 9.65633 6.39627 5.34274 17.115 13.07
threshold=34.385000228881843 -0.46308118952088739 1.1069564633594704 15.954999923706056 25.565367395715288 1.8844016320576165 16.295000076293949 -1.7801488911143866 -4.5996851509496146
decision_type=2 2 2 2 2 2 2 2 2
left_child=2 -2 6 4 -4 -5 7 -1 -8
right_child=1 -3 3 5 -6 -7 8 -9 -10
leaf_value=-0.0047970024890621474 0.01110817967776323 -0.0033483527177929177 -0.0017722763810148197 -0.0088711693704966576 0.011321980364614816 -0.0017627067876389785 0.0049204612197080036 0.00027217641826219485 0.00020783912894026946
leaf_weight=331.08428262174129 14.643339032307269 10.367147672921417 42.938634216785431 57.102907918393612 41.317407310009003 316.03617994487286 259.08108821511269 1298.2597084194422 2241.5572561398149
leaf_count=1536 194 72 201 274 201 1537 1265 6184 10665
internal_value=-1.96325e-06 0.00548034 -3.66013e-05 -0.00146575 0.00487099 -0.00293309 0.000122942 -0.000767111 0.000703173
internal_weight=4612.39 25.0105 4587.38 457.395 84.256 373.139 4129.98 1629.34 2500.64
internal_count=22129 266 21863 2213 402 1811 19650 7720 11930
is_linear=0
shrinkage=0.02


Tree=392
num_leaves=9
num_cat=0
split_feature=7 6 7 6 1 0 0 0
split_gain=2.2145 7.20685 5.8676 3.56534 12.0136 5.53932 3.02292 5.30613
threshold=-21.245075645244849 -9.8886724496844423 -12.371436814434405 -21.13752390320666 1.2217496471219385 0.95713560453234081 0.87196947395050461 0.93604454573914053
decision_type=2 2 2 2 2 2 2 2
left_child=1 -1 6 5 -5 -4 -2 -8
right_child=2 -3 3 4 -6 -7 7 -9
leaf_value=0.0120175917039305 -0.01005787132867084 -0.0057017945428319942 0.00093298896284309718 5.3230199670336428e-05 0.016733935937712878 -0.013644762063022212 0.0037719882150542916 -0.0071945420550830318
leaf_weight=18.343420399352912 27.570758305490017 12.436339564621447 21.772719547152519 4439.7111652493477 13.338071960955856 15.205856114625929 28.979470163583755 34.725270260125399
leaf_count=117 128 59 102 21255 86 70 141 171
internal_value=-1.79577e-06 0.00502584 -3.99291e-05 6.42319e-05 0.000118166 -0.00580825 -0.0049514 -0.00227772
internal_weight=4612.08 30.7798 4581.3 4490.03 4453.05 36.9786 91.2755 63.7047
internal_count=22129 176 21953 21513 21341 172 440 312
is_linear=0
shrinkage=0.02


Tree=393
num_leaves=12
num_cat=0
split_feature=0 4 7 5 5 2 5 6 0 0 7
split_gain=2.20746 3.87463 2.8933 3.33558 2.72889 15.3245 5.78433 27.6263 6.87194 5.50359 1.82646
threshold=1.0114235679137955 26.753406865235782 -0.18456414373626187 2.3219497593987399 5.537101053848084 1.066492436984074 4.2511395408478121 -6.8404007274198033 0.74752458784445663 0.65930224112840319 1.9689998489362126
decision_type=2 2 2 2 2 2 2 2 2 2 2
left_child=4 2 3 -2 6 9 8 -8 -1 -6 -4
right_child=1 -3 10 -5 5 -7 7 -9 -10 -11 -12
leaf_value=0.005896683201688787 -0.0085263671420779813 0.010066268606638602 0.0093910886256497357 0.0034025310589580137 -0.0006285085356557826 -0.014463596601508682 0.0083200845163659571 -0.0085791859259827258 -8.9369217972339388e-05 0.010982702886132976 -0.00013882105053377521
leaf_weight=74.137108862400055 17.562596485018734 19.709746597334743 12.599696546792986 13.598761316388844 23.685678496956825 12.024836055934427 51.371379282325506 126.47640453279018 4199.6350239031017 45.763877458870411 15.385733742266892
leaf_count=360 87 133 64 75 116 61 262 592 20059 244 76
internal_value=-1.80931e-06 0.00323326 0.000462855 -0.00352575 -6.08866e-05 0.00347899 -0.000128739 -0.00362219 1.98875e-05 0.00720414 0.00478962
internal_weight=4611.95 78.8565 59.1468 31.1614 4533.09 81.4744 4451.62 177.848 4273.77 69.4496 27.9854
internal_count=22129 435 302 162 21694 421 21273 854 20419 360 140
is_linear=0
shrinkage=0.02


Tree=394
num_leaves=6
num_cat=0
split_feature=7 7 0 0 0
split_gain=2.20768 2.93803 3.20708 5.81952 4.76174
threshold=17.337260359290763 15.565007877587957 0.74752458784445663 0.56818063687639364 0.77928914647279435
decision_type=2 2 2 2 2
left_child=1 2 3 -1 -4
right_child=-2 -3 4 -5 -6
leaf_value=-0.0067254834719319249 0.0064515849191713161 -0.0072581394809403069 -0.0050126662497486634 0.0047108033729293874 -9.816987070169679e-07
leaf_weight=17.353763788938522 17.109181463718414 18.391248568892479 73.171505093574524 113.63263593241572 4371.9984420388937
leaf_count=83 86 86 344 554 20976
internal_value=-1.50189e-06 -3.11228e-05 4.23543e-06 0.00304127 -8.7911e-05
internal_weight=4611.66 4594.55 4576.16 130.986 4445.17
internal_count=22129 22043 21957 637 21320
is_linear=0
shrinkage=0.02


Tree=395
num_leaves=13
num_cat=0
split_feature=3 1 1 2 3 1 3 7 0 3 7 1
split_gain=2.20579 15.8457 18.2715 15.152 13.8616 14.8134 8.21375 11.1394 9.9893 9.83392 8.99461 6.27948
threshold=13.444999694824221 1.0104248054653673 1.1038299234538151 1.0028502444423617 13.34500026702881 0.93681447736914059 14.119999885559084 2.7229668845085828 0.92631395236402503 14.175000190734865 -0.13948335025332295 1.0087833393525627
decision_type=2 2 2 2 2 2 2 2 2 2 2 2
left_child=1 4 3 -3 5 -1 7 10 -9 -8 -2 -11
right_child=6 2 -4 -5 -6 -7 9 8 -10 11 -12 -13
leaf_value=-0.0022937569566802278 -0.0023915424202473586 -0.017309347024920232 0.011383023366106169 -0.0022981128831952571 0.016421515488214182 0.005493998605237767 0.012812553957581551 -0.0027392608341078868 0.0097330499713806015 -0.00070940536904003668 -0.010912748816524607 0.00094213980696176416
leaf_weight=170.62447641789913 124.47220020741224 38.891145706176758 20.218318819999695 76.131230279803276 25.229352027177811 219.2663359940052 20.168006509542465 63.663724899291992 37.68630014359951 2099.5982241183519 81.790916353464127 1633.8901889398694
leaf_count=809 586 179 100 357 128 1093 101 304 185 9912 369 8006
internal_value=-1.60871e-06 0.00118186 -0.00467457 -0.00778482 0.00311622 0.00209723 -0.000162991 -0.00328316 0.00209194 9.59299e-05 -0.00591384 1.35967e-05
internal_weight=4611.63 550.361 135.241 115.022 415.12 389.891 4061.27 307.613 101.35 3753.66 206.263 3733.49
internal_count=22129 2666 636 536 2030 1902 19463 1444 489 18019 955 17918
is_linear=0
shrinkage=0.02


Tree=396
num_leaves=15
num_cat=0
split_feature=5 7 3 4 5 3 1 5 4 3 3 7 4 1
split_gain=2.17368 9.01375 15.3132 13.2994 13.2536 8.3047 7.21223 5.17079 4.40599 3.66469 23.4623 13.4534 2.93083 1.80242
threshold=0.97421432345455794 3.3365236544284156 14.444999694824221 16.319515680141251 0.85831979591625907 16.724999427795414 0.98604553232517334 1.0101176051466512 21.734591990844748 16.724999427795414 18.170000076293949 -1.6306441050129219 16.878343993734433 0.93777785486639609
decision_type=2 2 2 2 2 2 2 2 2 2 2 2 2 2
left_child=1 3 4 6 -3 -5 -1 8 12 11 -11 -9 -2 -4
right_child=7 2 13 5 -6 -7 -8 9 -10 10 -12 -13 -14 -15
leaf_value=-0.015509240761546144 0.0036622241143663328 0.014941961484313685 -0.0074231899357659441 0.0066035240504777812 -0.0082595878637374814 -0.0020816839839724443 -0.0022051340834894455 -0.0036400657086111871 -0.00038524580832001692 0.0049477476850723727 -0.00030659922451573007 0.00041511468910794032 0.016722414503338438 -0.018246319239420411
leaf_weight=21.221729636192322 16.400960579514507 14.79623392224312 19.077014833688736 108.25947135686874 16.957046627998352 69.936107367277145 50.804917871952057 447.8391126319766 24.1153294891119 397.92846320569515 2201.3999283500016 1184.3147305250168 13.093298390507696 24.96025724709034
leaf_count=96 81 82 87 545 77 340 245 2085 116 1906 10682 5608 67 112
internal_value=-1.26548e-06 -0.00156537 -0.00741901 0.00029649 0.00301388 0.00322399 -0.00673477 0.000119082 0.00607057 3.80192e-05 0.00050415 -0.000703746 0.0107647 -0.0145663
internal_weight=4611.1 326.013 75.7906 250.222 31.7533 178.196 72.0266 4285.09 53.6096 4231.48 2599.33 1632.15 29.4943 44.0373
internal_count=22129 1584 358 1226 159 885 341 20545 264 20281 12588 7693 148 199
is_linear=0
shrinkage=0.02


Tree=397
num_leaves=11
num_cat=0
split_feature=3 3 6 3 7 3 1 6 3 3
split_gain=2.16304 9.26264 9.04442 8.90537 4.5302 4.22107 3.5055 13.2678 6.97878 2.53278
threshold=12.765000343322756 12.519999980926515 -3.9714063280270548 12.465000152587892 4.1202728363217505 12.804999828338625 1.0148173258377102 2.7995154792360926 13.444999694824221 12.555000305175783
decision_type=2 2 2 2 2 2 2 2 2 2
left_child=1 3 -3 4 -1 -2 8 -8 -7 -4
right_child=5 2 9 -5 -6 6 7 -9 -10 -11
leaf_value=0.0032700750385480986 -0.0085463166301957601 -0.0062852159220614795 0.0025120581766783722 -0.011296907143422614 -0.005306558063784033 0.0027616673416509053 0.00018141298018456786 0.0072547235832533339 -0.00082290041245509211 0.012173870178937554
leaf_weight=94.370248898863792 19.54659903049469 13.796807184815405 16.5855543166399 24.099007174372673 28.989182904362679 234.5256605297327 1575.9836040418595 109.74873219802976 2442.0356066450477 50.862047582864761
leaf_count=462 91 66 82 111 135 1132 7661 581 11536 272
internal_value=-1.42609e-06 0.00187761 0.00712937 -0.00112779 0.00115122 -0.000101122 -5.54864e-05 0.000658001 -0.000505161 0.0100717
internal_weight=4610.54 228.703 81.2444 147.458 123.359 4381.84 4362.29 1685.73 2676.56 67.4476
internal_count=22129 1128 420 708 597 21001 20910 8242 12668 354
is_linear=0
shrinkage=0.02


Tree=398
num_leaves=12
num_cat=0
split_feature=4 5 6 4 0 5 5 5 5 5 0
split_gain=2.1463 5.39775 3.41312 2.59768 15.8037 22.4593 11.8567 6.15457 7.03648 6.74405 2.10515
threshold=10.534053596283178 1.1302855117977471 3.3332488326662193 18.406680754728004 0.86169086720946464 1.91877429543808 2.5305472683675658 0.82411312825004113 0.97421432345455794 0.61369473495398175 0.98235451102553706
decision_type=2 2 2 2 2 2 2 2 2 2 2
left_child=1 -1 10 4 6 -6 -2 9 -9 -5 -3
right_child=3 2 -4 7 5 -7 -8 8 -10 -11 -12
leaf_value=0.0070001474193555971 -0.004493128405982723 -0.009061031709876731 0.0029247489131088199 -0.0076193686511470274 0.0026033561906032288 -0.0025981270473242031 0.013502844825253896 -0.0050245027247772609 -0.00022147014225622316 0.0066043052636343084 -0.0002087358364321238
leaf_weight=14.252839833497999 16.951777115464211 46.602883189916611 14.538893610239027 12.236243158578871 731.12951649725437 601.61260697990656 58.503821417689323 123.40721370279789 2891.9527885131538 85.115386754274368 13.885960549116133
leaf_count=70 79 230 71 67 3532 2825 289 576 13883 438 69
internal_value=-1.46448e-06 -0.00300442 -0.00516308 6.04424e-05 0.000771978 0.000254608 0.00943723 -0.000262036 -0.000424436 0.00458636 -0.00716787
internal_weight=4610.19 89.2806 75.0277 4520.91 1408.2 1332.74 75.4556 3112.71 3015.36 97.3516 60.4888
internal_count=22129 440 370 21689 6725 6357 368 14964 14459 505 299
is_linear=0
shrinkage=0.02


Tree=399
num_leaves=7
num_cat=0
split_feature=7 1 0 7 0 5
split_gain=2.13882 6.03122 6.46629 5.12815 4.72143 2.23869
threshold=17.337260359290763 0.74607194741251259 0.74752458784445663 9.7286886328025908 0.77928914647279435 4.6458182585095633
decision_type=2 2 2 2 2 2
left_child=1 5 3 -3 -4 -1
right_child=-2 2 4 -5 -6 -7
leaf_value=-0.001102870463407088 0.0063497022325393901 0.0065877592684289426 -0.0049715755109068652 -0.0045538551253960337 2.7763661552095284e-07 -0.011962934474544164
leaf_weight=12.662070512771608 17.112941607832909 92.186117265373468 73.757588490843773 16.986859172582626 4378.0180423613638 18.967229545116425
leaf_count=61 86 451 347 82 21014 88
internal_value=-1.37675e-06 -3.05472e-05 3.34546e-05 0.00475449 -8.64858e-05 -0.00822726
internal_weight=4609.69 4592.58 4560.95 109.173 4451.78 31.6293
internal_count=22129 22043 21894 533 21361 149
is_linear=0
shrinkage=0.02


end of trees

feature_importances:
Column_3=986
Column_5=794
Column_7=741
Column_4=553
Column_6=482
Column_0=344
Column_2=265
Column_1=264

parameters:
[boosting: gbdt]
[objective: binary]
[metric: binary_logloss]
[tree_learner: serial]
[device_type: cpu]
[data_sample_strategy: bagging]
[data: ]
[valid: ]
[num_iterations: 400]
[learning_rate: 0.02]
[num_leaves: 15]
[num_threads: 12]
[seed: 42]
[deterministic: 0]
[force_col_wise: 0]
[force_row_wise: 0]
[histogram_pool_size: -1]
[max_depth: 4]
[min_data_in_leaf: 60]
[min_sum_hessian_in_leaf: 0.001]
[bagging_fraction: 0.8]
[pos_bagging_fraction: 1]
[neg_bagging_fraction: 1]
[bagging_freq: 0]
[bagging_seed: 400]
[bagging_by_query: 0]
[feature_fraction: 0.75]
[feature_fraction_bynode: 1]
[feature_fraction_seed: 30056]
[extra_trees: 0]
[extra_seed: 12879]
[early_stopping_round: 0]
[early_stopping_min_delta: 0]
[first_metric_only: 0]
[max_delta_step: 0]
[lambda_l1: 0]
[lambda_l2: 4]
[linear_lambda: 0]
[min_gain_to_split: 0.01]
[drop_rate: 0.1]
[max_drop: 50]
[skip_drop: 0.5]
[xgboost_dart_mode: 0]
[uniform_drop: 0]
[drop_seed: 17869]
[top_rate: 0.2]
[other_rate: 0.1]
[min_data_per_group: 100]
[max_cat_threshold: 32]
[cat_l2: 10]
[cat_smooth: 10]
[max_cat_to_onehot: 4]
[top_k: 20]
[monotone_constraints: ]
[monotone_constraints_method: basic]
[monotone_penalty: 0]
[feature_contri: ]
[forcedsplits_filename: ]
[refit_decay_rate: 0.9]
[cegb_tradeoff: 1]
[cegb_penalty_split: 0]
[cegb_penalty_feature_lazy: ]
[cegb_penalty_feature_coupled: ]
[path_smooth: 0]
[interaction_constraints: ]
[verbosity: -1]
[saved_feature_importance_type: 0]
[use_quantized_grad: 0]
[num_grad_quant_bins: 4]
[quant_train_renew_leaf: 0]
[stochastic_rounding: 1]
[linear_tree: 0]
[max_bin: 255]
[max_bin_by_feature: ]
[min_data_in_bin: 3]
[bin_construct_sample_cnt: 200000]
[data_random_seed: 175]
[is_enable_sparse: 1]
[enable_bundle: 1]
[use_missing: 1]
[zero_as_missing: 0]
[feature_pre_filter: 1]
[pre_partition: 0]
[two_round: 0]
[header: 0]
[label_column: ]
[weight_column: ]
[group_column: ]
[ignore_column: ]
[categorical_feature: ]
[forcedbins_filename: ]
[precise_float_parser: 0]
[parser_config_file: ]
[objective_seed: 16083]
[num_class: 1]
[is_unbalance: 0]
[scale_pos_weight: 0.773583]
[sigmoid: 1]
[boost_from_average: 1]
[reg_sqrt: 0]
[alpha: 0.9]
[fair_c: 1]
[poisson_max_delta_step: 0.7]
[tweedie_variance_power: 1.5]
[lambdarank_truncation_level: 30]
[lambdarank_norm: 1]
[label_gain: ]
[lambdarank_position_bias_regularization: 0]
[eval_at: ]
[multi_error_top_k: 1]
[auc_mu_weights: ]
[num_machines: 1]
[local_listen_port: 12400]
[time_out: 120]
[machine_list_filename: ]
[machines: ]
[gpu_platform_id: -1]
[gpu_device_id: -1]
[gpu_device_id_list: ]
[gpu_use_dp: 0]
[num_gpu: 1]

end of parameters

pandas_categorical:null
